Gene Id	Top hits (Family id,e-value,bitscore)
NZ_JACDXV010000001.1_1004	TIGR01087,1.5e-79,265.7
NZ_JACDXV010000001.1_144	TIGR01011,1.1e-98,326.6
NZ_JACDXV010000001.1_145	TIGR00116,8.2e-92,305.0
NZ_JACDXV010000001.1_146	TIGR02075,3.8e-87,289.2
NZ_JACDXV010000001.1_147	TIGR00496,1.6e-64,214.3
NZ_JACDXV010000001.1_150	TIGR00054,4.8e-85,283.4
NZ_JACDXV010000001.1_173	TIGR00810,1.5e-17,61.0
NZ_JACDXV010000001.1_174	TIGR00337,9.7e-223,738.0
NZ_JACDXV010000001.1_184	TIGR00459,2.1e-180,598.4
NZ_JACDXV010000001.1_227	TIGR00398,5e-153,508.1
NZ_JACDXV010000001.1_240	TIGR00115,1.4e-120,400.4
NZ_JACDXV010000001.1_26	TIGR01066,1.8e-58,193.8
NZ_JACDXV010000001.1_261	TIGR00020,1.4e-142,472.5
NZ_JACDXV010000001.1_284	TIGR00414,8.2e-154,510.1
NZ_JACDXV010000001.1_292	TIGR00456,4.9e-110,366.0
NZ_JACDXV010000001.1_33	TIGR00382,2.2e-201,666.8
NZ_JACDXV010000001.1_380	TIGR00580,0.0,1019.0
NZ_JACDXV010000001.1_382	TIGR00643,6.4e-199,660.2
NZ_JACDXV010000001.1_396	TIGR01510,3.7e-53,177.2
NZ_JACDXV010000001.1_399	TIGR01063,0.0,1143.2
NZ_JACDXV010000001.1_429	TIGR00059,4.6e-44,146.8
NZ_JACDXV010000001.1_430	TIGR02027,1.8e-115,382.7
NZ_JACDXV010000001.1_431	TIGR03632,1.7e-59,196.9
NZ_JACDXV010000001.1_434	TIGR00967,1.5e-122,407.0
NZ_JACDXV010000001.1_435	TIGR01071,2.5e-41,138.4
NZ_JACDXV010000001.1_437	TIGR01021,7.3e-66,218.3
NZ_JACDXV010000001.1_439	TIGR03654,5.9e-72,238.6
NZ_JACDXV010000001.1_443	TIGR01079,6.4e-34,114.0
NZ_JACDXV010000001.1_447	TIGR01164,6.7e-59,195.0
NZ_JACDXV010000001.1_448	TIGR01009,4.4e-97,321.4
NZ_JACDXV010000001.1_449	TIGR01044,1e-33,113.2
NZ_JACDXV010000001.1_451	TIGR01171,1.4e-120,399.3
NZ_JACDXV010000001.1_453	TIGR03953,1.7e-66,220.7
NZ_JACDXV010000001.1_454	TIGR03625,2.1e-84,279.9
NZ_JACDXV010000001.1_458	TIGR01029,4.2e-69,228.9
NZ_JACDXV010000001.1_464	TIGR02386,0.0,1793.9
NZ_JACDXV010000001.1_465	TIGR02013,0.0,1935.8
NZ_JACDXV010000001.1_468	TIGR01169,1.5e-102,339.3
NZ_JACDXV010000001.1_469	TIGR01632,3.9e-63,209.1
NZ_JACDXV010000001.1_470	TIGR00922,4.6e-69,229.2
NZ_JACDXV010000001.1_471	TIGR00964,3e-19,66.2
NZ_JACDXV010000001.1_477	TIGR00186,2.2e-52,175.4
NZ_JACDXV010000001.1_597	TIGR00928,1.1e-146,486.5
NZ_JACDXV010000001.1_622	TIGR01017,5.7e-72,239.2
NZ_JACDXV010000001.1_631	TIGR00344,2.1e-283,940.1
NZ_JACDXV010000001.1_632	TIGR02012,3.3e-174,576.2
NZ_JACDXV010000001.1_808	TIGR00634,3.7e-138,459.4
NZ_JACDXV010000001.1_811	TIGR00065,6.6e-123,408.0
NZ_JACDXV010000001.1_816	TIGR01082,4.1e-160,531.2
NZ_JACDXV010000001.1_819	TIGR00445,1.2e-121,403.6
NZ_JACDXV010000001.1_824	TIGR00006,3.6e-85,283.6
NZ_JACDXV010000001.1_898	TIGR01391,1.1e-123,410.7
NZ_JACDXV010000001.1_93	TIGR00250,4.8e-37,124.5
NZ_JACDXV010000001.1_948	TIGR00631,3.6e-304,1007.6
NZ_JACDXV010000001.1_959	TIGR00194,1.2e-161,536.7
NZ_JACDXV010000001.1_983	TIGR00092,5.4e-150,497.1
NZ_JACDXV010000002.1_10	TIGR00539,6.4e-83,276.3
NZ_JACDXV010000002.1_120	TIGR03723,9.6e-123,406.8
NZ_JACDXV010000002.1_125	TIGR00064,3.4e-98,325.8
NZ_JACDXV010000002.1_131	TIGR00959,2e-178,591.1
NZ_JACDXV010000002.1_18	TIGR02350,6.5e-304,1006.4
NZ_JACDXV010000002.1_231	TIGR01146,2.2e-96,320.5
NZ_JACDXV010000002.1_232	TIGR01039,6.7e-245,810.6
NZ_JACDXV010000002.1_240	TIGR00090,3.7e-33,111.2
NZ_JACDXV010000002.1_244	TIGR02729,1.9e-133,442.0
NZ_JACDXV010000002.1_247	TIGR00061,4.3e-32,108.1
NZ_JACDXV010000002.1_401	TIGR00963,0.0,1059.8
NZ_JACDXV010000002.1_432	TIGR00019,1e-151,502.5
NZ_JACDXV010000002.1_57	TIGR00138,6.3e-36,121.2
NZ_JACDXV010000002.1_596	TIGR00420,1.6e-100,333.9
NZ_JACDXV010000002.1_60	TIGR01128,4.2e-33,112.5
NZ_JACDXV010000002.1_61	TIGR00396,0.0,1021.3
NZ_JACDXV010000002.1_639	TIGR02432,7.7e-41,137.6
NZ_JACDXV010000002.1_663	TIGR00084,7.9e-37,124.1
NZ_JACDXV010000002.1_666	TIGR00635,4e-135,447.2
NZ_JACDXV010000002.1_67	TIGR00088,1.4e-78,260.8
NZ_JACDXV010000002.1_68	TIGR02273,1.1e-39,133.1
NZ_JACDXV010000002.1_99	TIGR01394,3.4e-271,898.2
NZ_JACDXV010000003.1_10	TIGR00663,1.5e-93,311.2
NZ_JACDXV010000003.1_11	TIGR00362,1e-136,454.0
NZ_JACDXV010000003.1_12	TIGR00029,6.5e-22,75.4
NZ_JACDXV010000003.1_143	TIGR01393,4.7e-291,963.9
NZ_JACDXV010000003.1_150	TIGR00043,2e-34,115.5
NZ_JACDXV010000003.1_159	TIGR00487,2.5e-235,780.2
NZ_JACDXV010000003.1_161	TIGR01953,8.7e-133,440.0
NZ_JACDXV010000003.1_187	TIGR03725,4.6e-39,132.1
NZ_JACDXV010000003.1_205	TIGR00717,4.1e-191,633.5
NZ_JACDXV010000003.1_213	TIGR01032,2.7e-48,160.5
NZ_JACDXV010000003.1_214	TIGR00468,5.4e-96,319.1
NZ_JACDXV010000003.1_216	TIGR00472,2.5e-211,701.5
NZ_JACDXV010000003.1_28	TIGR00168,3.7e-62,206.4
NZ_JACDXV010000003.1_8	TIGR01059,1.3e-296,982.7
NZ_JACDXV010000003.1_95	TIGR00082,8.3e-15,52.9
NZ_JACDXV010000003.1_96	TIGR00431,1.5e-64,215.0
NZ_JACDXV010000004.1_92	TIGR00435,1.6e-129,430.5
NZ_JACDXV010000005.1_166	TIGR00095,5.3e-42,141.2
NZ_JACDXV010000005.1_170	TIGR00392,5.9e-246,816.2
NZ_JACDXV010000005.1_171	TIGR00083,9e-73,242.7
NZ_JACDXV010000005.1_187	TIGR00442,1.7e-113,377.2
NZ_JACDXV010000006.1_72	TIGR00593,4.1e-270,896.4
NZ_JACDXV010000007.1_34	TIGR02397,1e-118,394.2
NZ_JACDXV010000007.1_36	TIGR00615,3.1e-57,190.7
NZ_JACDXV010000007.1_40	TIGR00460,8.9e-79,262.3
NZ_JACDXV010000008.1_49	TIGR01302,1.6e-192,637.9
NZ_JACDXV010000008.1_70	TIGR00416,4.2e-166,550.7
NZ_JACDXV010000008.1_76	TIGR03594,8.3e-164,543.2
NZ_JACDXV010000008.1_80	TIGR00158,3.6e-37,125.6
NZ_JACDXV010000008.1_82	TIGR00166,9.4e-24,81.0
NZ_JACDXV010000008.1_90	TIGR03263,1.7e-67,224.0
NZ_JACDXV010000008.1_92	TIGR00755,3.8e-66,220.5
NZ_JACDXV010000009.1_36	TIGR01951,2.9e-37,125.4
NZ_JACDXV010000009.1_53	TIGR00436,2.2e-75,251.0
NZ_JACDXV010000009.1_54	TIGR02191,1.2e-71,238.2
NZ_JACDXV010000009.1_61	TIGR00086,4.5e-53,176.7
