GCF_000735585.1_ASM73558v1_genomic	GCF_000735585.1
GCF_000743575.1_ASM74357v1_genomic	GCF_000743575.1
GCF_000969445.1_ASM96944v1_genomic	GCF_000969445.1
GCF_000970435.1_ASM97043v1_genomic	GCF_000970435.1
GCF_000970455.1_ASM97045v1_genomic	GCF_000970455.1
GCF_000971295.1_ASM97129v1_genomic	GCF_000971295.1
GCF_001402915.1_ASM140291v1_genomic	GCF_001402915.1
GCF_001421945.1_Leaf64_genomic	GCF_001421945.1
GCF_001424865.1_Root105_genomic	GCF_001424865.1
GCF_001425235.1_Root413D1_genomic	GCF_001425235.1
GCF_001425445.1_Leaf420_genomic	GCF_001425445.1
GCF_001426345.1_Root436_genomic	GCF_001426345.1
GCF_001427605.1_Root635_genomic	GCF_001427605.1
GCF_001427875.1_Root685_genomic	GCF_001427875.1
GCF_001650025.1_De_novo_genomic	GCF_001650025.1
GCF_001899045.1_ASM189904v1_genomic	GCF_001899045.1
GCF_001899065.1_ASM189906v1_genomic	GCF_001899065.1
GCF_001899075.1_ASM189907v1_genomic	GCF_001899075.1
GCF_001899085.1_ASM189908v1_genomic	GCF_001899085.1
GCF_002949085.1_ASM294908v1_genomic	GCF_002949085.1
GCF_003056345.1_ASM305634v1_genomic	GCF_003056345.1
GCF_003056355.1_ASM305635v1_genomic	GCF_003056355.1
GCF_003056405.1_ASM305640v1_genomic	GCF_003056405.1
GCF_004005995.1_ASM400599v1_genomic	GCF_004005995.1
GCF_005222805.1_ASM522280v1_genomic	GCF_005222805.1
GCF_007859655.1_ASM785965v1_genomic	GCF_007859655.1
GCF_009758415.1_ASM975841v1_genomic	GCF_009758415.1
GCF_012847305.1_ASM1284730v1_genomic	GCF_012847305.1
GCF_013185955.1_ASM1318595v1_genomic	GCF_013185955.1
GCF_013185965.1_ASM1318596v1_genomic	GCF_013185965.1
GCF_014127105.1_ASM1412710v1_genomic	GCF_014127105.1
GCF_014197055.1_ASM1419705v1_genomic	GCF_014197055.1
GCF_014652635.1_ASM1465263v1_genomic	GCF_014652635.1
GCF_014837245.1_ASM1483724v1_genomic	GCF_014837245.1
GCF_014926585.1_ASM1492658v1_genomic	GCF_014926585.1
GCF_015158295.1_ASM1515829v1_genomic	GCF_015158295.1
GCF_015234425.1_ASM1523442v1_genomic	GCF_015234425.1
GCF_016411825.1_ASM1641182v1_genomic	GCF_016411825.1
GCF_016457235.1_ASM1645723v1_genomic	GCF_016457235.1
GCF_016461625.1_ASM1646162v1_genomic	GCF_016461625.1
GCF_016595685.1_ASM1659568v1_genomic	GCF_016595685.1
GCF_016698645.1_ASM1669864v1_genomic	GCF_016698645.1
GCF_016698665.1_ASM1669866v1_genomic	GCF_016698665.1
GCF_017307475.1_ASM1730747v1_genomic	GCF_017307475.1
GCF_017307495.1_ASM1730749v1_genomic	GCF_017307495.1
GCF_017307535.1_ASM1730753v1_genomic	GCF_017307535.1
GCF_018334155.1_ASM1833415v1_genomic	GCF_018334155.1
GCF_019504385.1_ASM1950438v1_genomic	GCF_019504385.1
GCF_021729885.1_ASM2172988v1_genomic	GCF_021729885.1
GCF_022429625.1_ASM2242962v1_genomic	GCF_022429625.1
GCF_024158985.1_ASM2415898v1_genomic	GCF_024158985.1
GCF_024273195.1_ASM2427319v1_genomic	GCF_024273195.1
GCF_024273205.1_ASM2427320v1_genomic	GCF_024273205.1
GCF_024707105.1_ASM2470710v1_genomic	GCF_024707105.1
GCF_025452235.1_ASM2545223v1_genomic	GCF_025452235.1
GCF_025809055.1_ASM2580905v1_genomic	GCF_025809055.1
GCF_027214225.1_ASM2721422v1_genomic	GCF_027214225.1
GCF_028290435.1_ASM2829043v1_genomic	GCF_028290435.1
GCF_028290625.1_ASM2829062v1_genomic	GCF_028290625.1
GCF_028613635.1_ASM2861363v1_genomic	GCF_028613635.1
GCF_028816435.1_ASM2881643v1_genomic	GCF_028816435.1
GCF_029201545.1_ASM2920154v1_genomic	GCF_029201545.1
GCF_029201565.1_ASM2920156v1_genomic	GCF_029201565.1
GCF_030159855.1_ASM3015985v1_genomic	GCF_030159855.1
GCF_030160115.1_ASM3016011v1_genomic	GCF_030160115.1
GCF_030177755.1_ASM3017775v1_genomic	GCF_030177755.1
GCF_030285925.1_ASM3028592v1_genomic	GCF_030285925.1
GCF_032907385.1_ASM3290738v1_genomic	GCF_032907385.1
GCF_037113415.1_XK-2_genomic	GCF_037113415.1
GCF_040223715.1_ASM4022371v1_genomic	GCF_040223715.1
GCF_040546795.1_ASM4054679v1_genomic	GCF_040546795.1
GCF_040546815.1_ASM4054681v1_genomic	GCF_040546815.1
GCF_042181575.1_ASM4218157v1_genomic	GCF_042181575.1
GCF_042431865.1_ASM4243186v1_genomic	GCF_042431865.1
GCF_042648785.1_ASM4264878v1_genomic	GCF_042648785.1
GCF_042679405.1_ASM4267940v1_genomic	GCF_042679405.1
GCF_042685625.1_ASM4268562v1_genomic	GCF_042685625.1
GCF_044987315.1_ASM4498731v1_genomic	GCF_044987315.1
GCF_046614475.1_ASM4661447v1_genomic	GCF_046614475.1
GCF_048261455.1_ASM4826145v1_genomic	GCF_048261455.1
GCF_049354815.1_ASM4935481v1_genomic	GCF_049354815.1
GCF_051302775.1_ASM5130277v1_genomic	GCF_051302775.1
GCF_053550215.1_ASM5355021v1_genomic	GCF_053550215.1
GCF_054482695.1_ASM5448269v1_genomic	GCF_054482695.1
GCF_054489345.1_ASM5448934v1_genomic	GCF_054489345.1
GCF_054489375.1_ASM5448937v1_genomic	GCF_054489375.1
GCF_054605195.1_ASM5460519v1_genomic	GCF_054605195.1
GCF_055397495.1_ASM5539749v1_genomic	GCF_055397495.1
GCF_055633315.1_ASM5563331v1_genomic	GCF_055633315.1
GCF_055808475.1_ASM5580847v1_genomic	GCF_055808475.1
GCF_055808595.1_ASM5580859v1_genomic	GCF_055808595.1
GCF_056341075.1_ASM5634107v1_genomic	GCF_056341075.1
GCF_056402875.1_ASM5640287v1_genomic	GCF_056402875.1
GCF_056403495.1_ASM5640349v1_genomic	GCF_056403495.1
GCF_056405135.1_ASM5640513v1_genomic	GCF_056405135.1
GCF_057657195.1_ASM5765719v1_genomic	GCF_057657195.1
GCF_058133495.1_ASM5813349v1_genomic	GCF_058133495.1
GCF_058133665.1_ASM5813366v1_genomic	GCF_058133665.1
GCF_058806655.1_ASM5880665v1_genomic	GCF_058806655.1
GCF_059070485.1_ASM5907048v1_genomic	GCF_059070485.1
GCF_900110945.1_IMG-taxon_2690315612_annotated_assembly_genomic	GCF_900110945.1
GCF_900112505.1_IMG-taxon_2617270931_annotated_assembly_genomic	GCF_900112505.1
GCF_900116545.1_IMG-taxon_2675903690_annotated_assembly_genomic	GCF_900116545.1
GCF_900128975.1_IMG-taxon_2582580747_annotated_assembly_genomic	GCF_900128975.1
GCF_900177655.1_IMG-taxon_2708742467_annotated_assembly_genomic	GCF_900177655.1
GCF_900631955.1_aCIP1116281.1_genomic	GCF_900631955.1
GCF_964252795.1_LjRoot16v2_genomic	GCF_964252795.1
GCF_964252865.1_LjRoot3v2_genomic	GCF_964252865.1
GCF_965229025.1_piParBurs1.Devosia_sp_1.1_genomic	GCF_965229025.1
GCF_977014175.1_Ri144_genomic	GCF_977014175.1
