accession	contig	products
GCF_000735585.1	NZ_JNNO01000008.1	terpene
GCF_000735585.1	NZ_JNNO01000016.1	redox-cofactor
GCF_000735585.1	NZ_JNNO01000023.1	betalactone
GCF_000735585.1	NZ_JNNO01000034.1	RiPP-like;hydrogen-cyanide
GCF_000735585.1	NZ_JNNO01000044.1	hserlactone
GCF_000743575.1	NZ_JQGC01000003.1	hserlactone
GCF_000743575.1	NZ_JQGC01000006.1	hserlactone
GCF_000743575.1	NZ_JQGC01000010.1	terpene
GCF_000743575.1	NZ_JQGC01000019.1	hserlactone
GCF_000743575.1	NZ_JQGC01000025.1	hserlactone
GCF_000743575.1	NZ_JQGC01000033.1	betalactone
GCF_000743575.1	NZ_JQGC01000048.1	hserlactone
GCF_000969445.1	NZ_JZEY01000054.1	hserlactone
GCF_000969445.1	NZ_JZEY01000054.1	terpene
GCF_000969445.1	NZ_JZEY01000054.1	betalactone
GCF_000969445.1	NZ_JZEY01000061.1	ectoine
GCF_000969445.1	NZ_JZEY01000061.1	hserlactone
GCF_000970435.1	NZ_LAJF01000101.1	T1PKS;NRPS-like
GCF_000970435.1	NZ_LAJF01000036.1	hserlactone
GCF_000970435.1	NZ_LAJF01000040.1	hserlactone
GCF_000970435.1	NZ_LAJF01000054.1	acyl_amino_acids;hserlactone
GCF_000970435.1	NZ_LAJF01000062.1	betalactone
GCF_000970435.1	NZ_LAJF01000076.1	ectoine
GCF_000970435.1	NZ_LAJF01000076.1	hydrogen-cyanide
GCF_000970435.1	NZ_LAJF01000089.1	terpene
GCF_000970435.1	NZ_LAJF01000091.1	NRPS-like
GCF_000970455.1	NZ_LAJG01000014.1	terpene
GCF_000970455.1	NZ_LAJG01000014.1	betalactone
GCF_000970455.1	NZ_LAJG01000014.1	thioamitides
GCF_000970455.1	NZ_LAJG01000022.1	terpene
GCF_000970455.1	NZ_LAJG01000048.1	hserlactone
GCF_000971295.1	NZ_LANJ01000011.1	terpene
GCF_000971295.1	NZ_LANJ01000004.1	hserlactone
GCF_000971295.1	NZ_LANJ01000045.1	betalactone
GCF_001402915.1	NZ_CP012945.1	thioamitides
GCF_001402915.1	NZ_CP012945.1	redox-cofactor
GCF_001402915.1	NZ_CP012945.1	RRE-containing
GCF_001402915.1	NZ_CP012945.1	terpene
GCF_001402915.1	NZ_CP012945.1	thioamitides
GCF_001421945.1	NZ_LMLO01000002.1	hserlactone
GCF_001421945.1	NZ_LMLO01000012.1	hserlactone
GCF_001421945.1	NZ_LMLO01000012.1	thioamitides
GCF_001421945.1	NZ_LMLO01000018.1	terpene
GCF_001421945.1	NZ_LMLO01000019.1	acyl_amino_acids
GCF_001421945.1	NZ_LMLO01000024.1	betalactone
GCF_001424865.1	NZ_LMCR01000015.1	terpene
GCF_001424865.1	NZ_LMCR01000016.1	thioamitides
GCF_001424865.1	NZ_LMCR01000017.1	redox-cofactor
GCF_001424865.1	NZ_LMCR01000017.1	thiopeptide;thioamitides
GCF_001424865.1	NZ_LMCR01000019.1	T3PKS
GCF_001424865.1	NZ_LMCR01000021.1	RRE-containing
GCF_001425235.1	NZ_LMEA01000010.1	redox-cofactor
GCF_001425235.1	NZ_LMEA01000010.1	thiopeptide;thioamitides
GCF_001425235.1	NZ_LMEA01000011.1	thioamitides
GCF_001425235.1	NZ_LMEA01000011.1	terpene
GCF_001425235.1	NZ_LMEA01000012.1	RRE-containing
GCF_001425235.1	NZ_LMEA01000012.1	T3PKS
GCF_001425445.1	NZ_LMQU01000003.1	terpene
GCF_001425445.1	NZ_LMQU01000010.1	acyl_amino_acids
GCF_001425445.1	NZ_LMQU01000011.1	hserlactone
GCF_001425445.1	NZ_LMQU01000011.1	thioamitides
GCF_001425445.1	NZ_LMQU01000013.1	betalactone
GCF_001425445.1	NZ_LMQU01000014.1	hserlactone
GCF_001426345.1	NZ_LMEM01000001.1	terpene
GCF_001426345.1	NZ_LMEM01000009.1	betalactone
GCF_001426345.1	NZ_LMEM01000010.1	hserlactone
GCF_001426345.1	NZ_LMEM01000013.1	hserlactone
GCF_001426345.1	NZ_LMEM01000015.1	hydrogen-cyanide
GCF_001427605.1	NZ_LMGZ01000004.1	hydrogen-cyanide
GCF_001427605.1	NZ_LMGZ01000018.1	betalactone
GCF_001427605.1	NZ_LMGZ01000019.1	hserlactone
GCF_001427605.1	NZ_LMGZ01000021.1	terpene
GCF_001427605.1	NZ_LMGZ01000022.1	hserlactone
GCF_001427605.1	NZ_LMGZ01000023.1	hserlactone
GCF_001427875.1	NZ_LMHK01000001.1	betalactone
GCF_001427875.1	NZ_LMHK01000001.1	terpene
GCF_001427875.1	NZ_LMHK01000002.1	hserlactone
GCF_001427875.1	NZ_LMHK01000003.1	hserlactone
GCF_001650025.1	NZ_LVVY01000070.1	terpene
GCF_001650025.1	NZ_LVVY01000098.1	hserlactone
GCF_001899045.1	NZ_MKUY01000003.1	terpene
GCF_001899045.1	NZ_MKUY01000003.1	betalactone
GCF_001899045.1	NZ_MKUY01000004.1	hserlactone
GCF_001899045.1	NZ_MKUY01000005.1	thioamitides
GCF_001899065.1	NZ_MKUZ01000008.1	terpene
GCF_001899065.1	NZ_MKUZ01000013.1	hserlactone
GCF_001899065.1	NZ_MKUZ01000030.1	thioamitides
GCF_001899075.1	NZ_MKVA01000002.1	hserlactone
GCF_001899075.1	NZ_MKVA01000003.1	hydrogen-cyanide
GCF_001899075.1	NZ_MKVA01000003.1	hserlactone
GCF_001899075.1	NZ_MKVA01000005.1	betalactone
GCF_001899075.1	NZ_MKVA01000005.1	terpene
GCF_001899075.1	NZ_MKVA01000006.1	hydrogen-cyanide
GCF_001899085.1	NZ_MKVB01000001.1	terpene
GCF_001899085.1	NZ_MKVB01000001.1	thioamitides
GCF_001899085.1	NZ_MKVB01000002.1	redox-cofactor
GCF_001899085.1	NZ_MKVB01000002.1	thioamitides
GCF_001899085.1	NZ_MKVB01000003.1	LAP
GCF_001899085.1	NZ_MKVB01000006.1	RRE-containing
GCF_002949085.1	NZ_CP026747.1	RiPP-like
GCF_002949085.1	NZ_CP026747.1	hserlactone
GCF_002949085.1	NZ_CP026747.1	hserlactone
GCF_002949085.1	NZ_CP026747.1	betalactone
GCF_002949085.1	NZ_CP026747.1	terpene
GCF_002949085.1	NZ_CP026747.1	ectoine
GCF_003056345.1	NZ_PYWB01000001.1	NRPS-like;T1PKS
GCF_003056345.1	NZ_PYWB01000014.1	terpene
GCF_003056345.1	NZ_PYWB01000002.1	terpene
GCF_003056345.1	NZ_PYWB01000003.1	betalactone
GCF_003056345.1	NZ_PYWB01000008.1	hserlactone
GCF_003056355.1	NZ_PYVW01000001.1	redox-cofactor
GCF_003056355.1	NZ_PYVW01000012.1	hserlactone
GCF_003056355.1	NZ_PYVW01000018.1	betalactone
GCF_003056355.1	NZ_PYVW01000002.1	hserlactone
GCF_003056355.1	NZ_PYVW01000009.1	terpene
GCF_003056405.1	NZ_PYVZ01000001.1	hserlactone
GCF_003056405.1	NZ_PYVZ01000013.1	RiPP-like
GCF_003056405.1	NZ_PYVZ01000019.1	betalactone
GCF_003056405.1	NZ_PYVZ01000006.1	terpene
GCF_003056405.1	NZ_PYVZ01000007.1	ectoine
GCF_003056405.1	NZ_PYVZ01000009.1	hserlactone
GCF_004005995.1	NZ_CP034767.1	RRE-containing;lassopeptide
GCF_004005995.1	NZ_CP034767.1	terpene
GCF_004005995.1	NZ_CP034767.1	hserlactone
GCF_004005995.1	NZ_CP034767.1	terpene
GCF_004005995.1	NZ_CP034767.1	acyl_amino_acids
GCF_004005995.1	NZ_CP034767.1	hydrogen-cyanide
GCF_005222805.1	NZ_STGC01000005.1	RiPP-like
GCF_005222805.1	NZ_STGC01000005.1	T3PKS
GCF_005222805.1	NZ_STGC01000005.1	terpene
GCF_005222805.1	NZ_STGC01000005.1	betalactone
GCF_005222805.1	NZ_STGC01000005.1	RiPP-like
GCF_005222805.1	NZ_STGC01000005.1	hserlactone
GCF_005222805.1	NZ_STGC01000002.1	hserlactone
GCF_007859655.1	NZ_CP042304.1	hydrogen-cyanide
GCF_007859655.1	NZ_CP042304.1	terpene
GCF_007859655.1	NZ_CP042304.1	betalactone
GCF_007859655.1	NZ_CP042304.1	hserlactone
GCF_007859655.1	NZ_CP042304.1	T1PKS
GCF_007859655.1	NZ_CP042304.1	hserlactone
GCF_009758415.1	NZ_WQRF01000010.1	RiPP-like
GCF_009758415.1	NZ_WQRF01000001.1	RiPP-like
GCF_009758415.1	NZ_WQRF01000001.1	ectoine
GCF_009758415.1	NZ_WQRF01000001.1	terpene
GCF_009758415.1	NZ_WQRF01000001.1	betalactone
GCF_009758415.1	NZ_WQRF01000002.1	hserlactone
GCF_009758415.1	NZ_WQRF01000003.1	hserlactone
GCF_009758415.1	NZ_WQRF01000004.1	hserlactone
GCF_012847305.1	NZ_JABBDZ010000019.1	RRE-containing
GCF_012847305.1	NZ_JABBDZ010000001.1	terpene
GCF_012847305.1	NZ_JABBDZ010000002.1	RRE-containing
GCF_012847305.1	NZ_JABBDZ010000002.1	hserlactone
GCF_012847305.1	NZ_JABBDZ010000004.1	RiPP-like
GCF_012847305.1	NZ_JABBDZ010000005.1	betalactone
GCF_012847305.1	NZ_JABBDZ010000006.1	hserlactone
GCF_013185955.1	NZ_JABAOM010000001.1	terpene
GCF_013185955.1	NZ_JABAOM010000002.1	hserlactone
GCF_013185955.1	NZ_JABAOM010000002.1	terpene
GCF_013185955.1	NZ_JABAOM010000003.1	acyl_amino_acids
GCF_013185955.1	NZ_JABAOM010000005.1	RRE-containing;lassopeptide
GCF_013185965.1	NZ_JABAOL010000001.1	acyl_amino_acids
GCF_013185965.1	NZ_JABAOL010000001.1	RRE-containing;lassopeptide
GCF_013185965.1	NZ_JABAOL010000001.1	terpene
GCF_013185965.1	NZ_JABAOL010000001.1	hserlactone
GCF_013185965.1	NZ_JABAOL010000001.1	terpene
GCF_014127105.1	NZ_CP059902.1	RRE-containing
GCF_014127105.1	NZ_CP059902.1	terpene
GCF_014127105.1	NZ_CP059902.1	betalactone
GCF_014127105.1	NZ_CP059902.1	hserlactone
GCF_014127105.1	NZ_CP059902.1	hserlactone
GCF_014197055.1	NZ_JACIEW010000001.1	terpene
GCF_014197055.1	NZ_JACIEW010000001.1	ectoine
GCF_014197055.1	NZ_JACIEW010000005.1	hserlactone
GCF_014197055.1	NZ_JACIEW010000006.1	hserlactone
GCF_014197055.1	NZ_JACIEW010000009.1	T1PKS
GCF_014197055.1	NZ_JACIEW010000012.1	RiPP-like
GCF_014652635.1	NZ_BMZE01000001.1	terpene
GCF_014652635.1	NZ_BMZE01000001.1	RiPP-like
GCF_014652635.1	NZ_BMZE01000002.1	hserlactone
GCF_014652635.1	NZ_BMZE01000002.1	T3PKS
GCF_014652635.1	NZ_BMZE01000004.1	ectoine
GCF_014837245.1	NZ_JACYFU010000001.1	betalactone
GCF_014837245.1	NZ_JACYFU010000001.1	terpene
GCF_014837245.1	NZ_JACYFU010000003.1	T3PKS;hserlactone
GCF_014837245.1	NZ_JACYFU010000004.1	ectoine
GCF_014837245.1	NZ_JACYFU010000004.1	hserlactone
GCF_014926585.1	NZ_CP045422.1	hydrogen-cyanide
GCF_014926585.1	NZ_CP045422.1	RiPP-like
GCF_014926585.1	NZ_CP045422.1	hserlactone;T3PKS
GCF_014926585.1	NZ_CP045422.1	betalactone
GCF_014926585.1	NZ_CP045422.1	ectoine
GCF_014926585.1	NZ_CP045422.1	T3PKS
GCF_014926585.1	NZ_CP045422.1	terpene
GCF_015158295.1	NZ_JACDXV010000001.1	terpene
GCF_015158295.1	NZ_JACDXV010000002.1	acyl_amino_acids
GCF_015158295.1	NZ_JACDXV010000002.1	T1PKS;NRPS-like
GCF_015158295.1	NZ_JACDXV010000002.1	hserlactone
GCF_015158295.1	NZ_JACDXV010000007.1	hserlactone
GCF_015234425.1	NZ_JADGNE010000014.1	terpene
GCF_015234425.1	NZ_JADGNE010000026.1	hserlactone
GCF_015234425.1	NZ_JADGNE010000033.1	RRE-containing
GCF_015234425.1	NZ_JADGNE010000044.1	terpene
GCF_016411825.1	NZ_JAEKMH010000002.1	terpene
GCF_016411825.1	NZ_JAEKMH010000003.1	hserlactone
GCF_016411825.1	NZ_JAEKMH010000004.1	hserlactone
GCF_016457235.1	NZ_JAEMEB010000015.1	hserlactone
GCF_016457235.1	NZ_JAEMEB010000016.1	hserlactone
GCF_016457235.1	NZ_JAEMEB010000003.1	betalactone
GCF_016457235.1	NZ_JAEMEB010000004.1	terpene
GCF_016457235.1	NZ_JAEMEB010000005.1	RRE-containing
GCF_016461625.1	NZ_JAEMNZ010000001.1	terpene
GCF_016461625.1	NZ_JAEMNZ010000020.1	hserlactone
GCF_016461625.1	NZ_JAEMNZ010000002.1	betalactone
GCF_016461625.1	NZ_JAEMNZ010000003.1	RRE-containing
GCF_016461625.1	NZ_JAEMNZ010000007.1	hserlactone
GCF_016595685.1	NZ_JAENGO010000001.1	betalactone
GCF_016595685.1	NZ_JAENGO010000004.1	hserlactone
GCF_016595685.1	NZ_JAENGO010000005.1	hserlactone
GCF_016595685.1	NZ_JAENGO010000005.1	RRE-containing
GCF_016595685.1	NZ_JAENGO010000007.1	terpene
GCF_016698645.1	NZ_CP068047.1	hserlactone
GCF_016698645.1	NZ_CP068047.1	betalactone
GCF_016698645.1	NZ_CP068047.1	terpene
GCF_016698665.1	NZ_CP068046.1	hserlactone
GCF_016698665.1	NZ_CP068046.1	betalactone
GCF_016698665.1	NZ_CP068046.1	terpene
GCF_016698665.1	NZ_CP068046.1	terpene
GCF_016698665.1	NZ_CP068046.1	hserlactone
GCF_017307475.1	NZ_JAFKHC010000005.1	hydrogen-cyanide
GCF_017307475.1	NZ_JAFKHC010000005.1	hserlactone
GCF_017307475.1	NZ_JAFKHC010000003.1	betalactone
GCF_017307475.1	NZ_JAFKHC010000003.1	terpene
GCF_017307475.1	NZ_JAFKHC010000009.1	hydrogen-cyanide
GCF_017307475.1	NZ_JAFKHC010000010.1	hserlactone
GCF_017307495.1	NZ_JAFKHE010000027.1	redox-cofactor
GCF_017307495.1	NZ_JAFKHE010000031.1	thioamitides
GCF_017307495.1	NZ_JAFKHE010000012.1	betalactone
GCF_017307495.1	NZ_JAFKHE010000017.1	terpene
GCF_017307535.1	NZ_JAFKHA010000008.1	RRE-containing
GCF_017307535.1	NZ_JAFKHA010000010.1	LAP
GCF_017307535.1	NZ_JAFKHA010000012.1	redox-cofactor
GCF_017307535.1	NZ_JAFKHA010000012.1	thioamitides
GCF_017307535.1	NZ_JAFKHA010000009.1	terpene
GCF_017307535.1	NZ_JAFKHA010000009.1	thioamitides
GCF_018334155.1	NZ_JAGXTP010000001.1	hserlactone
GCF_018334155.1	NZ_JAGXTP010000001.1	betalactone
GCF_018334155.1	NZ_JAGXTP010000001.1	terpene
GCF_018334155.1	NZ_JAGXTP010000001.1	ectoine
GCF_018334155.1	NZ_JAGXTP010000002.1	RiPP-like
GCF_018334155.1	NZ_JAGXTP010000003.1	acyl_amino_acids
GCF_019504385.1	NZ_CP080590.1	hserlactone
GCF_019504385.1	NZ_CP080590.1	RiPP-like
GCF_019504385.1	NZ_CP080590.1	ectoine
GCF_019504385.1	NZ_CP080590.1	terpene
GCF_019504385.1	NZ_CP080590.1	T1PKS
GCF_019504385.1	NZ_CP080590.1	hserlactone
GCF_019504385.1	NZ_CP080590.1	hserlactone
GCF_021729885.1	NZ_CP063401.1	terpene
GCF_021729885.1	NZ_CP063401.1	hserlactone
GCF_021729885.1	NZ_CP063401.1	lassopeptide;RRE-containing
GCF_021729885.1	NZ_CP063401.1	acyl_amino_acids
GCF_021729885.1	NZ_CP063401.1	terpene
GCF_021729885.1	NZ_CP063401.1	thioamitides
GCF_022429625.1	NZ_CP092483.1	RRE-containing;lassopeptide
GCF_022429625.1	NZ_CP092483.1	hserlactone
GCF_022429625.1	NZ_CP092483.1	terpene
GCF_022429625.1	NZ_CP092483.1	betalactone
GCF_022429625.1	NZ_CP092483.1	hserlactone
GCF_024158985.1	NZ_JAMYXP010000001.1	ectoine
GCF_024158985.1	NZ_JAMYXP010000001.1	terpene
GCF_024158985.1	NZ_JAMYXP010000013.1	T1PKS
GCF_024158985.1	NZ_JAMYXP010000014.1	RiPP-like
GCF_024158985.1	NZ_JAMYXP010000004.1	hserlactone
GCF_024158985.1	NZ_JAMYXP010000006.1	hserlactone
GCF_024273195.1	NZ_JAMZCU010000001.1	terpene
GCF_024273195.1	NZ_JAMZCU010000002.1	acyl_amino_acids
GCF_024273195.1	NZ_JAMZCU010000002.1	hydrogen-cyanide
GCF_024273195.1	NZ_JAMZCU010000003.1	betalactone
GCF_024273195.1	NZ_JAMZCU010000005.1	hserlactone
GCF_024273195.1	NZ_JAMZCU010000006.1	ectoine
GCF_024273195.1	NZ_JAMZCU010000007.1	hserlactone
GCF_024273195.1	NZ_JAMZCU010000008.1	RiPP-like
GCF_024273205.1	NZ_JAMWDU010000001.1	terpene
GCF_024273205.1	NZ_JAMWDU010000002.1	hydrogen-cyanide
GCF_024273205.1	NZ_JAMWDU010000002.1	acyl_amino_acids
GCF_024273205.1	NZ_JAMWDU010000003.1	betalactone
GCF_024273205.1	NZ_JAMWDU010000005.1	hserlactone
GCF_024273205.1	NZ_JAMWDU010000006.1	RiPP-like
GCF_024273205.1	NZ_JAMWDU010000007.1	hserlactone
GCF_024273205.1	NZ_JAMWDU010000009.1	ectoine
GCF_024707105.1	NZ_JANQAJ010000013.1	betalactone
GCF_024707105.1	NZ_JANQAJ010000011.1	terpene
GCF_024707105.1	NZ_JANQAJ010000011.1	hydrogen-cyanide
GCF_024707105.1	NZ_JANQAJ010000005.1	hserlactone
GCF_024707105.1	NZ_JANQAJ010000006.1	hserlactone
GCF_025452235.1	NZ_CP104965.1	redox-cofactor
GCF_025452235.1	NZ_CP104965.1	hserlactone
GCF_025452235.1	NZ_CP104965.1	betalactone
GCF_025452235.1	NZ_CP104965.1	terpene
GCF_025452235.1	NZ_CP104964.1	hserlactone
GCF_025809055.1	NZ_CP075529.1	terpene
GCF_025809055.1	NZ_CP075529.1	phosphonate
GCF_025809055.1	NZ_CP075529.1	betalactone
GCF_025809055.1	NZ_CP075529.1	hserlactone
GCF_025809055.1	NZ_CP075529.1	hserlactone
GCF_027214225.1	NZ_JAPWHK010000012.1	hserlactone
GCF_027214225.1	NZ_JAPWHK010000001.1	ectoine
GCF_027214225.1	NZ_JAPWHK010000003.1	betalactone
GCF_027214225.1	NZ_JAPWHK010000004.1	terpene
GCF_027214225.1	NZ_JAPWHK010000005.1	hserlactone
GCF_027214225.1	NZ_JAPWHK010000006.1	RiPP-like
GCF_027214225.1	NZ_JAPWHK010000008.1	acyl_amino_acids
GCF_028290435.1	NZ_JAQGJV010000082.1	betalactone
GCF_028290435.1	NZ_JAQGJV010000048.1	hserlactone
GCF_028290435.1	NZ_JAQGJV010000042.1	T3PKS
GCF_028290435.1	NZ_JAQGJV010000024.1	hserlactone
GCF_028290435.1	NZ_JAQGJV010000003.1	terpene
GCF_028290435.1	NZ_JAQGJV010000035.1	hserlactone
GCF_028290625.1	NZ_JAQGJM010000040.1	hserlactone
GCF_028290625.1	NZ_JAQGJM010000009.1	betalactone
GCF_028290625.1	NZ_JAQGJM010000015.1	hserlactone
GCF_028290625.1	NZ_JAQGJM010000022.1	T3PKS
GCF_028290625.1	NZ_JAQGJM010000021.1	terpene
GCF_028613635.1	NZ_JAQRMY010000003.1	thioamitides
GCF_028613635.1	NZ_JAQRMY010000004.1	terpene
GCF_028816435.1	NZ_CP118245.1	hserlactone
GCF_028816435.1	NZ_CP118245.1	acyl_amino_acids
GCF_028816435.1	NZ_CP118245.1	RiPP-like
GCF_028816435.1	NZ_CP118245.1	ectoine
GCF_028816435.1	NZ_CP118245.1	terpene
GCF_028816435.1	NZ_CP118245.1	betalactone
GCF_029201545.1	NZ_CP104007.1	hserlactone
GCF_029201545.1	NZ_CP104007.1	terpene
GCF_029201545.1	NZ_CP104007.1	terpene
GCF_029201545.1	NZ_CP104007.1	hserlactone
GCF_029201545.1	NZ_CP104007.1	hserlactone
GCF_029201565.1	NZ_CP104002.1	terpene
GCF_029201565.1	NZ_CP104002.1	terpene
GCF_029201565.1	NZ_CP104002.1	hserlactone
GCF_029201565.1	NZ_CP104002.1	hserlactone
GCF_030159855.1	NZ_BSNG01000001.1	hserlactone
GCF_030159855.1	NZ_BSNG01000001.1	betalactone
GCF_030159855.1	NZ_BSNG01000001.1	terpene
GCF_030159855.1	NZ_BSNG01000003.1	redox-cofactor
GCF_030160115.1	NZ_BSNS01000002.1	hserlactone
GCF_030160115.1	NZ_BSNS01000007.1	LAP
GCF_030160115.1	NZ_BSNS01000007.1	acyl_amino_acids
GCF_030160115.1	NZ_BSNS01000008.1	betalactone
GCF_030160115.1	NZ_BSNS01000011.1	RiPP-like
GCF_030160115.1	NZ_BSNS01000020.1	RiPP-like
GCF_030160115.1	NZ_BSNS01000024.1	terpene
GCF_030177755.1	NZ_CP126539.1	hserlactone
GCF_030177755.1	NZ_CP126539.1	terpene
GCF_030177755.1	NZ_CP126539.1	ectoine
GCF_030177755.1	NZ_CP126539.1	acyl_amino_acids
GCF_030285925.1	NZ_CP127251.1	terpene
GCF_030285925.1	NZ_CP127251.1	betalactone
GCF_032907385.1	NZ_JAIMBX010000001.1	betalactone
GCF_032907385.1	NZ_JAIMBX010000001.1	terpene
GCF_032907385.1	NZ_JAIMBX010000002.1	acyl_amino_acids
GCF_032907385.1	NZ_JAIMBX010000003.1	thioamitides
GCF_032907385.1	NZ_JAIMBX010000003.1	hserlactone
GCF_032907385.1	NZ_JAIMBX010000004.1	hserlactone
GCF_037113415.1	NZ_CP146608.1	ectoine
GCF_037113415.1	NZ_CP146608.1	hserlactone
GCF_037113415.1	NZ_CP146608.1	RiPP-like
GCF_037113415.1	NZ_CP146608.1	terpene
GCF_037113415.1	NZ_CP146608.1	betalactone
GCF_037113415.1	NZ_CP146608.1	hserlactone;thioamitides
GCF_040223715.1	NZ_JAVKFR010000006.1	hserlactone
GCF_040223715.1	NZ_JAVKFR010000010.1	hserlactone
GCF_040223715.1	NZ_JAVKFR010000020.1	terpene
GCF_040223715.1	NZ_JAVKFR010000022.1	ectoine
GCF_040223715.1	NZ_JAVKFR010000024.1	hserlactone
GCF_040223715.1	NZ_JAVKFR010000033.1	hserlactone
GCF_040223715.1	NZ_JAVKFR010000033.1	hserlactone
GCF_040223715.1	NZ_JAVKFR010000034.1	RiPP-like
GCF_040546795.1	NZ_JBEPOL010000001.1	terpene
GCF_040546795.1	NZ_JBEPOL010000002.1	T3PKS
GCF_040546795.1	NZ_JBEPOL010000003.1	hserlactone
GCF_040546795.1	NZ_JBEPOL010000004.1	betalactone
GCF_040546795.1	NZ_JBEPOL010000007.1	hserlactone
GCF_040546795.1	NZ_JBEPOL010000008.1	hserlactone
GCF_040546795.1	NZ_JBEPOL010000009.1	T3PKS
GCF_040546795.1	NZ_JBEPOL010000012.1	hserlactone
GCF_040546815.1	NZ_JBEPOO010000001.1	hserlactone
GCF_040546815.1	NZ_JBEPOO010000001.1	terpene
GCF_042181575.1	NZ_CP170082.1	hserlactone
GCF_042181575.1	NZ_CP170082.1	hserlactone
GCF_042181575.1	NZ_CP170082.1	hserlactone
GCF_042181575.1	NZ_CP170082.1	RRE-containing;lassopeptide
GCF_042181575.1	NZ_CP170082.1	terpene
GCF_042181575.1	NZ_CP170082.1	ectoine
GCF_042181575.1	NZ_CP170082.1	RiPP-like
GCF_042181575.1	NZ_CP170084.1	hserlactone
GCF_042181575.1	NZ_CP170085.1	hserlactone
GCF_042431865.1	NZ_JBHLYO010000001.1	betalactone
GCF_042431865.1	NZ_JBHLYO010000004.1	LAP
GCF_042431865.1	NZ_JBHLYO010000010.1	RiPP-like
GCF_042431865.1	NZ_JBHLYO010000011.1	hserlactone
GCF_042431865.1	NZ_JBHLYO010000012.1	acyl_amino_acids
GCF_042431865.1	NZ_JBHLYO010000015.1	terpene
GCF_042431865.1	NZ_JBHLYO010000020.1	RiPP-like
GCF_042648785.1	NZ_JBHRYD010000001.1	terpene;betalactone
GCF_042648785.1	NZ_JBHRYD010000001.1	acyl_amino_acids
GCF_042648785.1	NZ_JBHRYD010000007.1	hserlactone
GCF_042648785.1	NZ_JBHRYD010000007.1	NRP-metallophore;NRPS
GCF_042679405.1	NZ_JBHTMH010000001.1	betalactone
GCF_042679405.1	NZ_JBHTMH010000001.1	terpene
GCF_042679405.1	NZ_JBHTMH010000001.1	thioamitides
GCF_042679405.1	NZ_JBHTMH010000003.1	hserlactone
GCF_042685625.1	NZ_JBHUNP010000001.1	terpene
GCF_042685625.1	NZ_JBHUNP010000001.1	hydrogen-cyanide
GCF_042685625.1	NZ_JBHUNP010000001.1	terpene
GCF_044987315.1	NZ_JBJDRE010000003.1	betalactone
GCF_044987315.1	NZ_JBJDRE010000009.1	terpene
GCF_044987315.1	NZ_JBJDRE010000010.1	redox-cofactor
GCF_044987315.1	NZ_JBJDRE010000012.1	hserlactone
GCF_046614475.1	NZ_JBKJHF010000001.1	hserlactone
GCF_046614475.1	NZ_JBKJHF010000001.1	terpene
GCF_046614475.1	NZ_JBKJHF010000001.1	betalactone
GCF_046614475.1	NZ_JBKJHF010000002.1	hserlactone
GCF_046614475.1	NZ_JBKJHF010000003.1	hserlactone
GCF_048261455.1	NZ_JBLXGA010000001.1	terpene
GCF_048261455.1	NZ_JBLXGA010000002.1	hydrogen-cyanide
GCF_048261455.1	NZ_JBLXGA010000003.1	thioamitides
GCF_048261455.1	NZ_JBLXGA010000004.1	terpene
GCF_048261455.1	NZ_JBLXGA010000009.1	betalactone
GCF_048261455.1	NZ_JBLXGA010000019.1	RiPP-like
GCF_049354815.1	NZ_CP186479.1	terpene
GCF_049354815.1	NZ_CP186479.1	RiPP-like
GCF_049354815.1	NZ_CP186479.1	thioamitides
GCF_051302775.1	NZ_JBNMEO010000001.1	hserlactone
GCF_051302775.1	NZ_JBNMEO010000006.1	acyl_amino_acids
GCF_051302775.1	NZ_JBNMEO010000008.1	ectoine
GCF_051302775.1	NZ_JBNMEO010000017.1	RiPP-like
GCF_051302775.1	NZ_JBNMEO010000091.1	terpene
GCF_051302775.1	NZ_JBNMEO010000093.1	betalactone
GCF_053550215.1	NZ_JBMQPQ010000006.1	hserlactone
GCF_053550215.1	NZ_JBMQPQ010000012.1	hserlactone
GCF_053550215.1	NZ_JBMQPQ010000013.1	terpene
GCF_053550215.1	NZ_JBMQPQ010000014.1	betalactone
GCF_054482695.1	NZ_JBTLRJ010000001.1	hserlactone
GCF_054482695.1	NZ_JBTLRJ010000001.1	betalactone
GCF_054482695.1	NZ_JBTLRJ010000001.1	NRPS-like
GCF_054482695.1	NZ_JBTLRJ010000002.1	ectoine
GCF_054482695.1	NZ_JBTLRJ010000002.1	RiPP-like
GCF_054482695.1	NZ_JBTLRJ010000003.1	terpene
GCF_054482695.1	NZ_JBTLRJ010000003.1	hserlactone
GCF_054482695.1	NZ_JBTLRJ010000005.1	hserlactone
GCF_054489345.1	NZ_JBTMWV010000001.1	betalactone
GCF_054489345.1	NZ_JBTMWV010000025.1	NRPS-like;T1PKS
GCF_054489345.1	NZ_JBTMWV010000039.1	hserlactone
GCF_054489345.1	NZ_JBTMWV010000004.1	hydrogen-cyanide
GCF_054489345.1	NZ_JBTMWV010000006.1	terpene
GCF_054489345.1	NZ_JBTMWV010000009.1	hserlactone
GCF_054489375.1	NZ_JBTMWU010000001.1	redox-cofactor
GCF_054489375.1	NZ_JBTMWU010000001.1	hserlactone
GCF_054489375.1	NZ_JBTMWU010000011.1	terpene
GCF_054489375.1	NZ_JBTMWU010000002.1	betalactone
GCF_054489375.1	NZ_JBTMWU010000004.1	NRPS-like;T1PKS
GCF_054489375.1	NZ_JBTMWU010000004.1	hydrogen-cyanide
GCF_054605195.1	NZ_JBTSEP010000003.1	thioamitides
GCF_054605195.1	NZ_JBTSEP010000004.1	hserlactone
GCF_054605195.1	NZ_JBTSEP010000009.1	RiPP-like
GCF_054605195.1	NZ_JBTSEP010000011.1	terpene
GCF_054605195.1	NZ_JBTSEP010000065.1	T1PKS
GCF_055397495.1	NZ_AP027921.1	hserlactone
GCF_055397495.1	NZ_AP027921.1	RRE-containing
GCF_055397495.1	NZ_AP027921.1	terpene
GCF_055397495.1	NZ_AP027921.1	betalactone
GCF_055633315.1	NZ_JBVKGV010000020.1	RiPP-like
GCF_055633315.1	NZ_JBVKGV010000026.1	T1PKS
GCF_055633315.1	NZ_JBVKGV010000033.1	thioamitides
GCF_055633315.1	NZ_JBVKGV010000043.1	hserlactone
GCF_055633315.1	NZ_JBVKGV010000086.1	terpene
GCF_055808475.1	NZ_CM147870.1	acyl_amino_acids
GCF_055808475.1	NZ_CM147870.1	hserlactone
GCF_055808475.1	NZ_CM147870.1	betalactone
GCF_055808475.1	NZ_CM147870.1	terpene
GCF_055808475.1	NZ_CM147870.1	ectoine
GCF_055808475.1	NZ_CM147870.1	RiPP-like
GCF_055808595.1	NZ_CM147875.1	RiPP-like
GCF_055808595.1	NZ_CM147875.1	thioamitides
GCF_055808595.1	NZ_CM147875.1	RiPP-like
GCF_055808595.1	NZ_CM147875.1	betalactone
GCF_055808595.1	NZ_CM147875.1	terpene
GCF_056341075.1	NZ_CP094375.1	terpene
GCF_056341075.1	NZ_CP094375.1	hserlactone
GCF_056341075.1	NZ_CP094375.1	hserlactone
GCF_056341075.1	NZ_CP094375.1	hserlactone
GCF_056402875.1	NZ_JBFUGO010000004.1	thioamitides
GCF_056402875.1	NZ_JBFUGO010000008.1	T3PKS
GCF_056402875.1	NZ_JBFUGO010000010.1	terpene
GCF_056403495.1	NZ_JBFUFI010000005.1	thioamitides
GCF_056403495.1	NZ_JBFUFI010000008.1	T3PKS
GCF_056403495.1	NZ_JBFUFI010000016.1	terpene
GCF_056405135.1	NZ_JBFUCQ010000002.1	terpene
GCF_056405135.1	NZ_JBFUCQ010000005.1	thioamitides
GCF_056405135.1	NZ_JBFUCQ010000009.1	T3PKS
GCF_057657195.1	NZ_JBDGIY010000001.1	RRE-containing
GCF_057657195.1	NZ_JBDGIY010000001.1	thioamitides
GCF_057657195.1	NZ_JBDGIY010000001.1	redox-cofactor
GCF_057657195.1	NZ_JBDGIY010000001.1	terpene
GCF_057657195.1	NZ_JBDGIY010000001.1	thioamitides
GCF_058133495.1	NZ_JBYUNO010000001.1	lassopeptide;RRE-containing
GCF_058133495.1	NZ_JBYUNO010000001.1	acyl_amino_acids
GCF_058133495.1	NZ_JBYUNO010000002.1	terpene
GCF_058133495.1	NZ_JBYUNO010000003.1	hserlactone
GCF_058133495.1	NZ_JBYUNO010000003.1	terpene
GCF_058133665.1	NZ_JBYUNQ010000001.1	terpene
GCF_058133665.1	NZ_JBYUNQ010000001.1	hserlactone
GCF_058133665.1	NZ_JBYUNQ010000002.1	acyl_amino_acids
GCF_058133665.1	NZ_JBYUNQ010000004.1	terpene
GCF_058133665.1	NZ_JBYUNQ010000005.1	lassopeptide;RRE-containing
GCF_058806655.1	NZ_JBXAPX010000002.1	RRE-containing
GCF_058806655.1	NZ_JBXAPX010000002.1	T3PKS
GCF_058806655.1	NZ_JBXAPX010000004.1	thioamitides
GCF_058806655.1	NZ_JBXAPX010000004.1	terpene
GCF_058806655.1	NZ_JBXAPX010000005.1	lanthipeptide-class-iv
GCF_058806655.1	NZ_JBXAPX010000006.1	redox-cofactor
GCF_058806655.1	NZ_JBXAPX010000006.1	thioamitides
GCF_059070485.1	NZ_JCACVZ010000001.1	hserlactone
GCF_059070485.1	NZ_JCACVZ010000001.1	betalactone
GCF_059070485.1	NZ_JCACVZ010000001.1	terpene
GCF_059070485.1	NZ_JCACVZ010000001.1	hserlactone
GCF_900110945.1	NZ_FOFL01000002.1	betalactone
GCF_900110945.1	NZ_FOFL01000002.1	hserlactone
GCF_900110945.1	NZ_FOFL01000007.1	terpene
GCF_900112505.1	NZ_FOMB01000021.1	hserlactone
GCF_900112505.1	NZ_FOMB01000021.1	T3PKS
GCF_900112505.1	NZ_FOMB01000051.1	T3PKS
GCF_900112505.1	NZ_FOMB01000022.1	hserlactone
GCF_900112505.1	NZ_FOMB01000001.1	hserlactone
GCF_900112505.1	NZ_FOMB01000002.1	terpene
GCF_900112505.1	NZ_FOMB01000007.1	betalactone
GCF_900112505.1	NZ_FOMB01000025.1	T3PKS
GCF_900116545.1	NZ_FPCK01000004.1	hserlactone
GCF_900116545.1	NZ_FPCK01000004.1	terpene
GCF_900116545.1	NZ_FPCK01000003.1	ectoine
GCF_900116545.1	NZ_FPCK01000001.1	hserlactone
GCF_900116545.1	NZ_FPCK01000001.1	betalactone
GCF_900116545.1	NZ_FPCK01000001.1	terpene
GCF_900128975.1	NZ_FQVC01000004.1	betalactone
GCF_900128975.1	NZ_FQVC01000005.1	acyl_amino_acids;hserlactone
GCF_900128975.1	NZ_FQVC01000003.1	hserlactone
GCF_900128975.1	NZ_FQVC01000002.1	terpene
GCF_900128975.1	NZ_FQVC01000008.1	NRPS-like
GCF_900128975.1	NZ_FQVC01000001.1	NRPS-like;T1PKS
GCF_900128975.1	NZ_FQVC01000010.1	hydrogen-cyanide
GCF_900128975.1	NZ_FQVC01000010.1	ectoine
GCF_900128975.1	NZ_FQVC01000014.1	hserlactone
GCF_900177655.1	NZ_FXWK01000002.1	lanthipeptide-class-ii
GCF_900177655.1	NZ_FXWK01000002.1	hserlactone
GCF_900177655.1	NZ_FXWK01000002.1	NRPS-like
GCF_900177655.1	NZ_FXWK01000001.1	ectoine
GCF_900177655.1	NZ_FXWK01000001.1	terpene
GCF_900177655.1	NZ_FXWK01000001.1	terpene
GCF_900177655.1	NZ_FXWK01000001.1	betalactone
GCF_900177655.1	NZ_FXWK01000001.1	hserlactone
GCF_900631955.1	NZ_UZWD01000022.1	hserlactone
GCF_900631955.1	NZ_UZWD01000029.1	thioamitides
GCF_900631955.1	NZ_UZWD01000036.1	betalactone
GCF_900631955.1	NZ_UZWD01000040.1	terpene
GCF_964252795.1	NZ_CAXUPH020000001.1	RRE-containing
GCF_964252795.1	NZ_CAXUPH020000001.1	T3PKS
GCF_964252795.1	NZ_CAXUPH020000003.1	thioamitides
GCF_964252795.1	NZ_CAXUPH020000003.1	terpene
GCF_964252795.1	NZ_CAXUPH020000005.1	redox-cofactor
GCF_964252795.1	NZ_CAXUPH020000005.1	thiopeptide;thioamitides
GCF_964252865.1	NZ_CAXUPK020000002.1	hserlactone
GCF_964252865.1	NZ_CAXUPK020000005.1	betalactone
GCF_964252865.1	NZ_CAXUPK020000005.1	terpene
GCF_964252865.1	NZ_CAXUPK020000007.1	hserlactone
GCF_965229025.1	NZ_OZ245853.1	thioamitides
GCF_965229025.1	NZ_OZ245853.1	T3PKS
GCF_965229025.1	NZ_OZ245853.1	terpene
GCF_965229025.1	NZ_OZ245853.1	thioamitides
GCF_977014175.1	NZ_CDRNJH010000001.1	hserlactone
GCF_977014175.1	NZ_CDRNJH010000001.1	hserlactone
GCF_977014175.1	NZ_CDRNJH010000001.1	betalactone
GCF_977014175.1	NZ_CDRNJH010000001.1	terpene
