accession	contig	region_number	start	end	products	n_candidate_clusters	candidate_cluster_numbers	contig_edge
GCF_000735585.1	NZ_JNNO01000008.1	1	101072	115033	terpene	1	1	True
GCF_000735585.1	NZ_JNNO01000016.1	1	7349	29606	redox-cofactor	1	1	True
GCF_000735585.1	NZ_JNNO01000023.1	1	116389	148083	betalactone	1	1	False
GCF_000735585.1	NZ_JNNO01000034.1	1	213003	236561	RiPP-like;hydrogen-cyanide	3	1;2;3	False
GCF_000735585.1	NZ_JNNO01000044.1	1	29188	49644	hserlactone	1	1	False
GCF_000743575.1	NZ_JQGC01000003.1	1	56287	76971	hserlactone	1	1	False
GCF_000743575.1	NZ_JQGC01000006.1	1	24886	45486	hserlactone	1	1	False
GCF_000743575.1	NZ_JQGC01000010.1	1	36958	57804	terpene	1	1	False
GCF_000743575.1	NZ_JQGC01000019.1	1	73272	93731	hserlactone	1	1	False
GCF_000743575.1	NZ_JQGC01000025.1	1	23921	43406	hserlactone	1	1	True
GCF_000743575.1	NZ_JQGC01000033.1	1	0	28888	betalactone	1	1	True
GCF_000743575.1	NZ_JQGC01000048.1	1	8516	20614	hserlactone	1	1	True
GCF_000969445.1	NZ_JZEY01000054.1	1	1158684	1179305	hserlactone	1	1	False
GCF_000969445.1	NZ_JZEY01000054.1	2	1201623	1222469	terpene	1	2	False
GCF_000969445.1	NZ_JZEY01000054.1	3	1855223	1887841	betalactone	1	3	False
GCF_000969445.1	NZ_JZEY01000061.1	1	266691	277084	ectoine	1	1	False
GCF_000969445.1	NZ_JZEY01000061.1	2	298624	319089	hserlactone	1	2	False
GCF_000970435.1	NZ_LAJF01000101.1	1	58438	120923	T1PKS;NRPS-like	3	1;2;3	False
GCF_000970435.1	NZ_LAJF01000036.1	1	117829	138267	hserlactone	1	1	False
GCF_000970435.1	NZ_LAJF01000040.1	1	20297	40915	hserlactone	1	1	False
GCF_000970435.1	NZ_LAJF01000054.1	1	0	23487	acyl_amino_acids;hserlactone	1	1	True
GCF_000970435.1	NZ_LAJF01000062.1	1	76934	109151	betalactone	1	1	False
GCF_000970435.1	NZ_LAJF01000076.1	1	36732	47125	ectoine	1	1	False
GCF_000970435.1	NZ_LAJF01000076.1	2	105942	118785	hydrogen-cyanide	1	2	False
GCF_000970435.1	NZ_LAJF01000089.1	1	127216	148062	terpene	1	1	False
GCF_000970435.1	NZ_LAJF01000091.1	1	115036	157487	NRPS-like	1	1	False
GCF_000970455.1	NZ_LAJG01000014.1	1	80525	101371	terpene	1	1	False
GCF_000970455.1	NZ_LAJG01000014.1	2	278710	309362	betalactone	1	2	False
GCF_000970455.1	NZ_LAJG01000014.1	3	751404	773271	thioamitides	1	3	False
GCF_000970455.1	NZ_LAJG01000022.1	1	26966	50555	terpene	1	1	False
GCF_000970455.1	NZ_LAJG01000048.1	1	268989	289448	hserlactone	1	1	False
GCF_000971295.1	NZ_LANJ01000011.1	1	287183	308029	terpene	1	1	False
GCF_000971295.1	NZ_LANJ01000004.1	1	67715	88228	hserlactone	1	1	False
GCF_000971295.1	NZ_LANJ01000045.1	1	76162	107479	betalactone	1	1	False
GCF_001402915.1	NZ_CP012945.1	1	1182416	1204227	thioamitides	1	1	False
GCF_001402915.1	NZ_CP012945.1	2	1424638	1446925	redox-cofactor	1	2	False
GCF_001402915.1	NZ_CP012945.1	3	3286188	3306458	RRE-containing	1	3	False
GCF_001402915.1	NZ_CP012945.1	4	4284736	4305576	terpene	1	4	False
GCF_001402915.1	NZ_CP012945.1	5	4826730	4848616	thioamitides	1	5	False
GCF_001421945.1	NZ_LMLO01000002.1	1	340056	360743	hserlactone	1	1	False
GCF_001421945.1	NZ_LMLO01000012.1	1	461317	481818	hserlactone	1	1	False
GCF_001421945.1	NZ_LMLO01000012.1	2	545928	567715	thioamitides	1	2	False
GCF_001421945.1	NZ_LMLO01000018.1	1	54772	75618	terpene	1	1	False
GCF_001421945.1	NZ_LMLO01000019.1	1	111328	172105	acyl_amino_acids	1	1	False
GCF_001421945.1	NZ_LMLO01000024.1	1	530082	556199	betalactone	1	1	True
GCF_001424865.1	NZ_LMCR01000015.1	1	1888	22728	terpene	1	1	True
GCF_001424865.1	NZ_LMCR01000016.1	1	302624	324513	thioamitides	1	1	False
GCF_001424865.1	NZ_LMCR01000017.1	1	67930	90217	redox-cofactor	1	1	False
GCF_001424865.1	NZ_LMCR01000017.1	2	339545	364912	thiopeptide;thioamitides	1	2	False
GCF_001424865.1	NZ_LMCR01000019.1	1	487657	528740	T3PKS	1	1	False
GCF_001424865.1	NZ_LMCR01000021.1	1	200513	220783	RRE-containing	1	1	False
GCF_001425235.1	NZ_LMEA01000010.1	1	91590	113877	redox-cofactor	1	1	False
GCF_001425235.1	NZ_LMEA01000010.1	2	364021	389388	thiopeptide;thioamitides	1	2	False
GCF_001425235.1	NZ_LMEA01000011.1	1	80660	102549	thioamitides	1	1	False
GCF_001425235.1	NZ_LMEA01000011.1	2	263121	283961	terpene	1	2	False
GCF_001425235.1	NZ_LMEA01000012.1	1	279378	299648	RRE-containing	1	1	False
GCF_001425235.1	NZ_LMEA01000012.1	2	479410	520493	T3PKS	1	2	False
GCF_001425445.1	NZ_LMQU01000003.1	1	55078	75924	terpene	1	1	True
GCF_001425445.1	NZ_LMQU01000010.1	1	387401	448178	acyl_amino_acids	1	1	False
GCF_001425445.1	NZ_LMQU01000011.1	1	117478	137979	hserlactone	1	1	False
GCF_001425445.1	NZ_LMQU01000011.1	2	215834	237621	thioamitides	1	2	False
GCF_001425445.1	NZ_LMQU01000013.1	1	152153	183475	betalactone	1	1	False
GCF_001425445.1	NZ_LMQU01000014.1	1	147756	168404	hserlactone	1	1	False
GCF_001426345.1	NZ_LMEM01000001.1	1	521788	542631	terpene	1	1	False
GCF_001426345.1	NZ_LMEM01000009.1	1	70681	102202	betalactone	1	1	False
GCF_001426345.1	NZ_LMEM01000010.1	1	328684	349437	hserlactone	1	1	False
GCF_001426345.1	NZ_LMEM01000013.1	1	127145	147799	hserlactone	1	1	False
GCF_001426345.1	NZ_LMEM01000015.1	1	30834	43523	hydrogen-cyanide	1	1	False
GCF_001427605.1	NZ_LMGZ01000004.1	1	53495	66184	hydrogen-cyanide	1	1	False
GCF_001427605.1	NZ_LMGZ01000018.1	1	43272	74643	betalactone	1	1	False
GCF_001427605.1	NZ_LMGZ01000019.1	1	333209	353965	hserlactone	1	1	True
GCF_001427605.1	NZ_LMGZ01000021.1	1	184720	205563	terpene	1	1	False
GCF_001427605.1	NZ_LMGZ01000022.1	1	233734	254388	hserlactone	1	1	False
GCF_001427605.1	NZ_LMGZ01000023.1	1	7687	28143	hserlactone	1	1	True
GCF_001427875.1	NZ_LMHK01000001.1	1	276286	307635	betalactone	1	1	False
GCF_001427875.1	NZ_LMHK01000001.1	2	480720	501566	terpene	1	2	False
GCF_001427875.1	NZ_LMHK01000002.1	1	963747	984206	hserlactone	1	1	False
GCF_001427875.1	NZ_LMHK01000003.1	1	411946	432591	hserlactone	1	1	False
GCF_001650025.1	NZ_LVVY01000070.1	1	3512	24355	terpene	1	1	True
GCF_001650025.1	NZ_LVVY01000098.1	1	0	20309	hserlactone	1	1	True
GCF_001899045.1	NZ_MKUY01000003.1	1	303164	324004	terpene	1	1	False
GCF_001899045.1	NZ_MKUY01000003.1	2	586435	618857	betalactone	1	2	False
GCF_001899045.1	NZ_MKUY01000004.1	1	185669	206128	hserlactone	1	1	False
GCF_001899045.1	NZ_MKUY01000005.1	1	538239	560119	thioamitides	1	1	False
GCF_001899065.1	NZ_MKUZ01000008.1	1	150735	171572	terpene	1	1	False
GCF_001899065.1	NZ_MKUZ01000013.1	1	97617	118079	hserlactone	1	1	False
GCF_001899065.1	NZ_MKUZ01000030.1	1	167304	189256	thioamitides	1	1	False
GCF_001899075.1	NZ_MKVA01000002.1	1	39594	60344	hserlactone	1	1	False
GCF_001899075.1	NZ_MKVA01000003.1	1	206341	219218	hydrogen-cyanide	1	1	False
GCF_001899075.1	NZ_MKVA01000003.1	2	334934	355600	hserlactone	1	2	False
GCF_001899075.1	NZ_MKVA01000005.1	1	393147	425393	betalactone	1	1	False
GCF_001899075.1	NZ_MKVA01000005.1	2	610230	631070	terpene	1	2	False
GCF_001899075.1	NZ_MKVA01000006.1	1	171329	184148	hydrogen-cyanide	1	1	False
GCF_001899085.1	NZ_MKVB01000001.1	1	15827	36667	terpene	1	1	False
GCF_001899085.1	NZ_MKVB01000001.1	2	549507	571393	thioamitides	1	2	False
GCF_001899085.1	NZ_MKVB01000002.1	1	75433	97720	redox-cofactor	1	1	False
GCF_001899085.1	NZ_MKVB01000002.1	2	340157	361968	thioamitides	1	2	False
GCF_001899085.1	NZ_MKVB01000003.1	1	105519	129139	LAP	1	1	False
GCF_001899085.1	NZ_MKVB01000006.1	1	1105086	1125356	RRE-containing	1	1	False
GCF_002949085.1	NZ_CP026747.1	1	910125	920983	RiPP-like	1	1	False
GCF_002949085.1	NZ_CP026747.1	2	1096093	1116744	hserlactone	1	2	False
GCF_002949085.1	NZ_CP026747.1	3	1898742	1919489	hserlactone	1	3	False
GCF_002949085.1	NZ_CP026747.1	4	3076148	3107146	betalactone	1	4	False
GCF_002949085.1	NZ_CP026747.1	5	3769090	3789936	terpene	1	5	False
GCF_002949085.1	NZ_CP026747.1	6	3970279	3980672	ectoine	1	6	False
GCF_003056345.1	NZ_PYWB01000001.1	1	66920	126677	NRPS-like;T1PKS	3	1;2;3	False
GCF_003056345.1	NZ_PYWB01000014.1	1	41858	62704	terpene	1	1	False
GCF_003056345.1	NZ_PYWB01000002.1	1	358147	381748	terpene	1	1	False
GCF_003056345.1	NZ_PYWB01000003.1	1	226883	257483	betalactone	1	1	False
GCF_003056345.1	NZ_PYWB01000008.1	1	15512	35968	hserlactone	1	1	False
GCF_003056355.1	NZ_PYVW01000001.1	1	422682	444978	redox-cofactor	1	1	False
GCF_003056355.1	NZ_PYVW01000012.1	1	26556	47312	hserlactone	1	1	False
GCF_003056355.1	NZ_PYVW01000018.1	1	33318	65232	betalactone	1	1	False
GCF_003056355.1	NZ_PYVW01000002.1	1	157753	178515	hserlactone	1	1	False
GCF_003056355.1	NZ_PYVW01000009.1	1	44556	65402	terpene	1	1	False
GCF_003056405.1	NZ_PYVZ01000001.1	1	0	14655	hserlactone	1	1	True
GCF_003056405.1	NZ_PYVZ01000013.1	1	115472	126330	RiPP-like	1	1	True
GCF_003056405.1	NZ_PYVZ01000019.1	1	0	26524	betalactone	1	1	True
GCF_003056405.1	NZ_PYVZ01000006.1	1	110793	131639	terpene	1	1	False
GCF_003056405.1	NZ_PYVZ01000007.1	1	66128	76521	ectoine	1	1	False
GCF_003056405.1	NZ_PYVZ01000009.1	1	13175	33922	hserlactone	1	1	False
GCF_004005995.1	NZ_CP034767.1	1	557793	580394	RRE-containing;lassopeptide	1	1	False
GCF_004005995.1	NZ_CP034767.1	2	1172753	1193617	terpene	1	2	False
GCF_004005995.1	NZ_CP034767.1	3	2688608	2709118	hserlactone	1	3	False
GCF_004005995.1	NZ_CP034767.1	4	2859400	2883133	terpene	1	4	False
GCF_004005995.1	NZ_CP034767.1	5	3657800	3718568	acyl_amino_acids	1	5	False
GCF_004005995.1	NZ_CP034767.1	6	3800032	3812948	hydrogen-cyanide	1	6	False
GCF_005222805.1	NZ_STGC01000005.1	1	42411	53281	RiPP-like	1	1	False
GCF_005222805.1	NZ_STGC01000005.1	2	421941	462994	T3PKS	1	2	False
GCF_005222805.1	NZ_STGC01000005.1	3	1009838	1030684	terpene	1	3	False
GCF_005222805.1	NZ_STGC01000005.1	4	1805731	1836626	betalactone	1	4	False
GCF_005222805.1	NZ_STGC01000005.1	5	2120937	2131807	RiPP-like	1	5	False
GCF_005222805.1	NZ_STGC01000005.1	6	2472524	2492980	hserlactone	1	6	False
GCF_005222805.1	NZ_STGC01000002.1	1	723815	744568	hserlactone	1	1	False
GCF_007859655.1	NZ_CP042304.1	1	534875	547555	hydrogen-cyanide	1	1	False
GCF_007859655.1	NZ_CP042304.1	2	920369	941212	terpene	1	2	False
GCF_007859655.1	NZ_CP042304.1	3	1767004	1800266	betalactone	1	3	False
GCF_007859655.1	NZ_CP042304.1	4	2337414	2357873	hserlactone	1	4	False
GCF_007859655.1	NZ_CP042304.1	5	3851472	3894913	T1PKS	1	5	False
GCF_007859655.1	NZ_CP042304.1	6	4355838	4376492	hserlactone	1	6	False
GCF_009758415.1	NZ_WQRF01000010.1	1	39799	50657	RiPP-like	1	1	False
GCF_009758415.1	NZ_WQRF01000001.1	1	6760	17630	RiPP-like	1	1	True
GCF_009758415.1	NZ_WQRF01000001.1	2	412304	422697	ectoine	1	2	False
GCF_009758415.1	NZ_WQRF01000001.1	3	670082	690928	terpene	1	3	False
GCF_009758415.1	NZ_WQRF01000001.1	4	1310005	1340014	betalactone	1	4	False
GCF_009758415.1	NZ_WQRF01000002.1	1	540245	560992	hserlactone	1	1	False
GCF_009758415.1	NZ_WQRF01000003.1	1	385532	405991	hserlactone	1	1	False
GCF_009758415.1	NZ_WQRF01000004.1	1	0	14663	hserlactone	1	1	True
GCF_012847305.1	NZ_JABBDZ010000019.1	1	34610	55030	RRE-containing	1	1	False
GCF_012847305.1	NZ_JABBDZ010000001.1	1	506901	527747	terpene	1	1	False
GCF_012847305.1	NZ_JABBDZ010000002.1	1	7889	28309	RRE-containing	1	1	False
GCF_012847305.1	NZ_JABBDZ010000002.1	2	311580	332330	hserlactone	1	2	True
GCF_012847305.1	NZ_JABBDZ010000004.1	1	100993	111986	RiPP-like	1	1	False
GCF_012847305.1	NZ_JABBDZ010000005.1	1	132218	163335	betalactone	1	1	False
GCF_012847305.1	NZ_JABBDZ010000006.1	1	84655	105111	hserlactone	1	1	False
GCF_013185955.1	NZ_JABAOM010000001.1	1	621516	642380	terpene	1	1	False
GCF_013185955.1	NZ_JABAOM010000002.1	1	679982	700444	hserlactone	1	1	False
GCF_013185955.1	NZ_JABAOM010000002.1	2	850622	874217	terpene	1	2	False
GCF_013185955.1	NZ_JABAOM010000003.1	1	161038	221806	acyl_amino_acids	1	1	False
GCF_013185955.1	NZ_JABAOM010000005.1	1	410002	432603	RRE-containing;lassopeptide	1	1	False
GCF_013185965.1	NZ_JABAOL010000001.1	1	0	40339	acyl_amino_acids	1	1	True
GCF_013185965.1	NZ_JABAOL010000001.1	2	1080647	1103248	RRE-containing;lassopeptide	1	2	False
GCF_013185965.1	NZ_JABAOL010000001.1	3	1748483	1769347	terpene	1	3	False
GCF_013185965.1	NZ_JABAOL010000001.1	4	3148882	3169362	hserlactone	1	4	False
GCF_013185965.1	NZ_JABAOL010000001.1	5	3319595	3343190	terpene	1	5	False
GCF_014127105.1	NZ_CP059902.1	1	63740	84160	RRE-containing	1	1	False
GCF_014127105.1	NZ_CP059902.1	2	1417867	1438713	terpene	1	2	False
GCF_014127105.1	NZ_CP059902.1	3	2389517	2420645	betalactone	1	3	False
GCF_014127105.1	NZ_CP059902.1	4	3008609	3029065	hserlactone	1	4	False
GCF_014127105.1	NZ_CP059902.1	5	3535904	3556654	hserlactone	1	5	False
GCF_014197055.1	NZ_JACIEW010000001.1	1	300909	321755	terpene	1	1	False
GCF_014197055.1	NZ_JACIEW010000001.1	2	480976	491369	ectoine	1	2	False
GCF_014197055.1	NZ_JACIEW010000005.1	1	236006	256384	hserlactone	1	1	False
GCF_014197055.1	NZ_JACIEW010000006.1	1	0	14152	hserlactone	1	1	True
GCF_014197055.1	NZ_JACIEW010000009.1	1	16334	64593	T1PKS	1	1	False
GCF_014197055.1	NZ_JACIEW010000012.1	1	45582	56440	RiPP-like	1	1	True
GCF_014652635.1	NZ_BMZE01000001.1	1	178890	199739	terpene	1	1	False
GCF_014652635.1	NZ_BMZE01000001.1	2	996555	1007425	RiPP-like	1	2	False
GCF_014652635.1	NZ_BMZE01000002.1	1	554556	575309	hserlactone	1	1	False
GCF_014652635.1	NZ_BMZE01000002.1	2	824555	865734	T3PKS	1	2	False
GCF_014652635.1	NZ_BMZE01000004.1	1	280744	291149	ectoine	1	1	False
GCF_014837245.1	NZ_JACYFU010000001.1	1	382988	414919	betalactone	1	1	False
GCF_014837245.1	NZ_JACYFU010000001.1	2	1015650	1036496	terpene	1	2	False
GCF_014837245.1	NZ_JACYFU010000003.1	1	436196	480294	T3PKS;hserlactone	3	1;2;3	False
GCF_014837245.1	NZ_JACYFU010000004.1	1	262785	273178	ectoine	1	1	False
GCF_014837245.1	NZ_JACYFU010000004.1	2	291148	311607	hserlactone	1	2	False
GCF_014926585.1	NZ_CP045422.1	1	307087	320048	hydrogen-cyanide	1	1	False
GCF_014926585.1	NZ_CP045422.1	2	1292867	1303737	RiPP-like	1	2	False
GCF_014926585.1	NZ_CP045422.1	3	2441836	2501126	hserlactone;T3PKS	3	3;4;5	False
GCF_014926585.1	NZ_CP045422.1	4	3088560	3119930	betalactone	1	6	False
GCF_014926585.1	NZ_CP045422.1	5	3333854	3344247	ectoine	1	7	False
GCF_014926585.1	NZ_CP045422.1	6	3392789	3433857	T3PKS	1	8	False
GCF_014926585.1	NZ_CP045422.1	7	3742604	3763450	terpene	1	9	False
GCF_015158295.1	NZ_JACDXV010000001.1	1	285026	305869	terpene	1	1	False
GCF_015158295.1	NZ_JACDXV010000002.1	1	81050	141812	acyl_amino_acids	1	1	False
GCF_015158295.1	NZ_JACDXV010000002.1	2	293923	345198	T1PKS;NRPS-like	3	2;3;4	False
GCF_015158295.1	NZ_JACDXV010000002.1	3	625790	646249	hserlactone	1	5	False
GCF_015158295.1	NZ_JACDXV010000007.1	1	138225	158870	hserlactone	1	1	True
GCF_015234425.1	NZ_JADGNE010000014.1	1	0	12188	terpene	1	1	True
GCF_015234425.1	NZ_JADGNE010000026.1	1	4231	24690	hserlactone	1	1	True
GCF_015234425.1	NZ_JADGNE010000033.1	1	44551	65760	RRE-containing	1	1	False
GCF_015234425.1	NZ_JADGNE010000044.1	1	123232	146821	terpene	1	1	False
GCF_016411825.1	NZ_JAEKMH010000002.1	1	1101584	1122430	terpene	1	1	False
GCF_016411825.1	NZ_JAEKMH010000003.1	1	533715	546602	hserlactone	1	1	True
GCF_016411825.1	NZ_JAEKMH010000004.1	1	351347	372100	hserlactone	1	1	False
GCF_016457235.1	NZ_JAEMEB010000015.1	1	77229	97979	hserlactone	1	1	True
GCF_016457235.1	NZ_JAEMEB010000016.1	1	6704	27160	hserlactone	1	1	True
GCF_016457235.1	NZ_JAEMEB010000003.1	1	87968	119096	betalactone	1	1	False
GCF_016457235.1	NZ_JAEMEB010000004.1	1	211737	232583	terpene	1	1	False
GCF_016457235.1	NZ_JAEMEB010000005.1	1	210064	230484	RRE-containing	1	1	False
GCF_016461625.1	NZ_JAEMNZ010000001.1	1	383154	404000	terpene	1	1	False
GCF_016461625.1	NZ_JAEMNZ010000020.1	1	0	11814	hserlactone	1	1	True
GCF_016461625.1	NZ_JAEMNZ010000002.1	1	233542	264660	betalactone	1	1	False
GCF_016461625.1	NZ_JAEMNZ010000003.1	1	293876	314296	RRE-containing	1	1	False
GCF_016461625.1	NZ_JAEMNZ010000007.1	1	25642	46098	hserlactone	1	1	False
GCF_016595685.1	NZ_JAENGO010000001.1	1	867877	898995	betalactone	1	1	False
GCF_016595685.1	NZ_JAENGO010000004.1	1	195426	215882	hserlactone	1	1	False
GCF_016595685.1	NZ_JAENGO010000005.1	1	4304	25054	hserlactone	1	1	True
GCF_016595685.1	NZ_JAENGO010000005.1	2	315514	335934	RRE-containing	1	2	False
GCF_016595685.1	NZ_JAENGO010000007.1	1	169229	190075	terpene	1	1	False
GCF_016698645.1	NZ_CP068047.1	1	1246684	1267140	hserlactone	1	1	False
GCF_016698645.1	NZ_CP068047.1	2	1871306	1903662	betalactone	1	2	False
GCF_016698645.1	NZ_CP068047.1	3	2534983	2555829	terpene	1	3	False
GCF_016698665.1	NZ_CP068046.1	1	204102	224561	hserlactone	1	1	False
GCF_016698665.1	NZ_CP068046.1	2	844746	876907	betalactone	1	2	False
GCF_016698665.1	NZ_CP068046.1	3	1481117	1501963	terpene	1	3	False
GCF_016698665.1	NZ_CP068046.1	4	2600781	2624370	terpene	1	4	False
GCF_016698665.1	NZ_CP068046.1	5	3209909	3230656	hserlactone	1	5	False
GCF_017307475.1	NZ_JAFKHC010000005.1	1	206424	219301	hydrogen-cyanide	1	1	False
GCF_017307475.1	NZ_JAFKHC010000005.1	2	335017	355683	hserlactone	1	2	False
GCF_017307475.1	NZ_JAFKHC010000003.1	1	350666	382912	betalactone	1	1	False
GCF_017307475.1	NZ_JAFKHC010000003.1	2	567749	588589	terpene	1	2	False
GCF_017307475.1	NZ_JAFKHC010000009.1	1	195545	208364	hydrogen-cyanide	1	1	False
GCF_017307475.1	NZ_JAFKHC010000010.1	1	39835	60585	hserlactone	1	1	False
GCF_017307495.1	NZ_JAFKHE010000027.1	1	43799	66089	redox-cofactor	1	1	False
GCF_017307495.1	NZ_JAFKHE010000031.1	1	5550	27451	thioamitides	1	1	True
GCF_017307495.1	NZ_JAFKHE010000012.1	1	507405	536101	betalactone	1	1	False
GCF_017307495.1	NZ_JAFKHE010000017.1	1	46390	67239	terpene	1	1	False
GCF_017307535.1	NZ_JAFKHA010000008.1	1	1106749	1127019	RRE-containing	1	1	False
GCF_017307535.1	NZ_JAFKHA010000010.1	1	507782	531402	LAP	1	1	False
GCF_017307535.1	NZ_JAFKHA010000012.1	1	75598	97885	redox-cofactor	1	1	False
GCF_017307535.1	NZ_JAFKHA010000012.1	2	340375	362186	thioamitides	1	2	False
GCF_017307535.1	NZ_JAFKHA010000009.1	1	107501	128341	terpene	1	1	False
GCF_017307535.1	NZ_JAFKHA010000009.1	2	641762	663648	thioamitides	1	2	False
GCF_018334155.1	NZ_JAGXTP010000001.1	1	223322	243778	hserlactone	1	1	False
GCF_018334155.1	NZ_JAGXTP010000001.1	2	832553	863409	betalactone	1	2	False
GCF_018334155.1	NZ_JAGXTP010000001.1	3	1692382	1713228	terpene	1	3	False
GCF_018334155.1	NZ_JAGXTP010000001.1	4	2350722	2361115	ectoine	1	4	False
GCF_018334155.1	NZ_JAGXTP010000002.1	1	449032	456624	RiPP-like	1	1	True
GCF_018334155.1	NZ_JAGXTP010000003.1	1	265171	325954	acyl_amino_acids	1	1	False
GCF_019504385.1	NZ_CP080590.1	1	263087	283741	hserlactone	1	1	False
GCF_019504385.1	NZ_CP080590.1	2	461524	472382	RiPP-like	1	2	False
GCF_019504385.1	NZ_CP080590.1	3	900346	910739	ectoine	1	3	False
GCF_019504385.1	NZ_CP080590.1	4	1457061	1477907	terpene	1	4	False
GCF_019504385.1	NZ_CP080590.1	5	3213176	3261372	T1PKS	1	5	False
GCF_019504385.1	NZ_CP080590.1	6	3357028	3377487	hserlactone	1	6	False
GCF_019504385.1	NZ_CP080590.1	7	4007508	4028252	hserlactone	1	7	False
GCF_021729885.1	NZ_CP063401.1	1	277059	297905	terpene	1	1	False
GCF_021729885.1	NZ_CP063401.1	2	1679036	1699492	hserlactone	1	2	False
GCF_021729885.1	NZ_CP063401.1	3	1932300	1954910	lassopeptide;RRE-containing	3	3;4;5	False
GCF_021729885.1	NZ_CP063401.1	4	2522483	2583260	acyl_amino_acids	1	6	False
GCF_021729885.1	NZ_CP063401.1	5	2927071	2950672	terpene	1	7	False
GCF_021729885.1	NZ_CP063401.1	6	3420767	3442638	thioamitides	1	8	False
GCF_022429625.1	NZ_CP092483.1	1	554197	576804	RRE-containing;lassopeptide	1	1	False
GCF_022429625.1	NZ_CP092483.1	2	727943	748564	hserlactone	1	2	False
GCF_022429625.1	NZ_CP092483.1	3	1776964	1797810	terpene	1	3	False
GCF_022429625.1	NZ_CP092483.1	4	2654136	2686518	betalactone	1	4	False
GCF_022429625.1	NZ_CP092483.1	5	3284825	3305260	hserlactone	1	5	False
GCF_024158985.1	NZ_JAMYXP010000001.1	1	453838	464231	ectoine	1	1	False
GCF_024158985.1	NZ_JAMYXP010000001.1	2	623380	644226	terpene	1	2	False
GCF_024158985.1	NZ_JAMYXP010000013.1	1	16213	64472	T1PKS	1	1	False
GCF_024158985.1	NZ_JAMYXP010000014.1	1	6379	17237	RiPP-like	1	1	True
GCF_024158985.1	NZ_JAMYXP010000004.1	1	235956	256334	hserlactone	1	1	False
GCF_024158985.1	NZ_JAMYXP010000006.1	1	0	14102	hserlactone	1	1	True
GCF_024273195.1	NZ_JAMZCU010000001.1	1	252660	273503	terpene	1	1	False
GCF_024273195.1	NZ_JAMZCU010000002.1	1	168914	229700	acyl_amino_acids	1	1	False
GCF_024273195.1	NZ_JAMZCU010000002.1	2	567588	580346	hydrogen-cyanide	1	2	False
GCF_024273195.1	NZ_JAMZCU010000003.1	1	139901	171719	betalactone	1	1	False
GCF_024273195.1	NZ_JAMZCU010000005.1	1	116008	136467	hserlactone	1	1	False
GCF_024273195.1	NZ_JAMZCU010000006.1	1	220257	230650	ectoine	1	1	False
GCF_024273195.1	NZ_JAMZCU010000007.1	1	799	21459	hserlactone	1	1	True
GCF_024273195.1	NZ_JAMZCU010000008.1	1	0	10126	RiPP-like	1	1	True
GCF_024273205.1	NZ_JAMWDU010000001.1	1	526355	547198	terpene	1	1	False
GCF_024273205.1	NZ_JAMWDU010000002.1	1	186778	199536	hydrogen-cyanide	1	1	False
GCF_024273205.1	NZ_JAMWDU010000002.1	2	537362	598148	acyl_amino_acids	1	2	False
GCF_024273205.1	NZ_JAMWDU010000003.1	1	139957	171775	betalactone	1	1	False
GCF_024273205.1	NZ_JAMWDU010000005.1	1	116023	136482	hserlactone	1	1	False
GCF_024273205.1	NZ_JAMWDU010000006.1	1	218042	228900	RiPP-like	1	1	False
GCF_024273205.1	NZ_JAMWDU010000007.1	1	855	21515	hserlactone	1	1	True
GCF_024273205.1	NZ_JAMWDU010000009.1	1	43284	53677	ectoine	1	1	True
GCF_024707105.1	NZ_JANQAJ010000013.1	1	246354	278226	betalactone	1	1	False
GCF_024707105.1	NZ_JANQAJ010000011.1	1	424968	445811	terpene	1	1	False
GCF_024707105.1	NZ_JANQAJ010000011.1	2	774365	787052	hydrogen-cyanide	1	2	False
GCF_024707105.1	NZ_JANQAJ010000005.1	1	314162	334816	hserlactone	1	1	False
GCF_024707105.1	NZ_JANQAJ010000006.1	1	1035905	1056529	hserlactone	1	1	False
GCF_025452235.1	NZ_CP104965.1	1	1948720	1970977	redox-cofactor	1	1	False
GCF_025452235.1	NZ_CP104965.1	2	2115343	2135799	hserlactone	1	2	False
GCF_025452235.1	NZ_CP104965.1	3	2781270	2812941	betalactone	1	3	False
GCF_025452235.1	NZ_CP104965.1	4	3669677	3690520	terpene	1	4	False
GCF_025452235.1	NZ_CP104964.1	1	480398	501058	hserlactone	1	1	False
GCF_025809055.1	NZ_CP075529.1	1	463898	484747	terpene	1	1	False
GCF_025809055.1	NZ_CP075529.1	2	855611	892195	phosphonate	1	2	False
GCF_025809055.1	NZ_CP075529.1	3	1149058	1181569	betalactone	1	3	False
GCF_025809055.1	NZ_CP075529.1	4	1919791	1940250	hserlactone	1	4	False
GCF_025809055.1	NZ_CP075529.1	5	3128536	3149184	hserlactone	1	5	False
GCF_027214225.1	NZ_JAPWHK010000012.1	1	89566	110184	hserlactone	1	1	False
GCF_027214225.1	NZ_JAPWHK010000001.1	1	333491	343884	ectoine	1	1	False
GCF_027214225.1	NZ_JAPWHK010000003.1	1	290086	320941	betalactone	1	1	False
GCF_027214225.1	NZ_JAPWHK010000004.1	1	321037	341883	terpene	1	1	False
GCF_027214225.1	NZ_JAPWHK010000005.1	1	240748	261204	hserlactone	1	1	False
GCF_027214225.1	NZ_JAPWHK010000006.1	1	273961	281503	RiPP-like	1	1	True
GCF_027214225.1	NZ_JAPWHK010000008.1	1	34012	94795	acyl_amino_acids	1	1	False
GCF_028290435.1	NZ_JAQGJV010000082.1	1	63902	96746	betalactone	1	1	False
GCF_028290435.1	NZ_JAQGJV010000048.1	1	0	11139	hserlactone	1	1	True
GCF_028290435.1	NZ_JAQGJV010000042.1	1	8884	49970	T3PKS	1	1	False
GCF_028290435.1	NZ_JAQGJV010000024.1	1	60113	80554	hserlactone	1	1	False
GCF_028290435.1	NZ_JAQGJV010000003.1	1	67284	88127	terpene	1	1	False
GCF_028290435.1	NZ_JAQGJV010000035.1	1	0	16178	hserlactone	1	1	True
GCF_028290625.1	NZ_JAQGJM010000040.1	1	0	11189	hserlactone	1	1	True
GCF_028290625.1	NZ_JAQGJM010000009.1	1	126461	158668	betalactone	1	1	False
GCF_028290625.1	NZ_JAQGJM010000015.1	1	17904	34614	hserlactone	1	1	True
GCF_028290625.1	NZ_JAQGJM010000022.1	1	89452	130538	T3PKS	1	1	False
GCF_028290625.1	NZ_JAQGJM010000021.1	1	114390	135233	terpene	1	1	False
GCF_028613635.1	NZ_JAQRMY010000003.1	1	264947	286758	thioamitides	1	1	False
GCF_028613635.1	NZ_JAQRMY010000004.1	1	366271	387108	terpene	1	1	False
GCF_028816435.1	NZ_CP118245.1	1	376897	397353	hserlactone	1	1	False
GCF_028816435.1	NZ_CP118245.1	2	890657	951440	acyl_amino_acids	1	2	False
GCF_028816435.1	NZ_CP118245.1	3	1686089	1696953	RiPP-like	1	3	False
GCF_028816435.1	NZ_CP118245.1	4	2047009	2057402	ectoine	1	4	False
GCF_028816435.1	NZ_CP118245.1	5	2736744	2757590	terpene	1	5	False
GCF_028816435.1	NZ_CP118245.1	6	3566071	3596925	betalactone	1	6	False
GCF_029201545.1	NZ_CP104007.1	1	209918	230674	hserlactone	1	1	False
GCF_029201545.1	NZ_CP104007.1	2	1425067	1448623	terpene	1	2	False
GCF_029201545.1	NZ_CP104007.1	3	1987665	2008511	terpene	1	3	False
GCF_029201545.1	NZ_CP104007.1	4	3621526	3641985	hserlactone	1	4	False
GCF_029201545.1	NZ_CP104007.1	5	3974024	3994675	hserlactone	1	5	False
GCF_029201565.1	NZ_CP104002.1	1	1477068	1500657	terpene	1	1	False
GCF_029201565.1	NZ_CP104002.1	2	2081510	2102356	terpene	1	2	False
GCF_029201565.1	NZ_CP104002.1	3	3680386	3700845	hserlactone	1	3	False
GCF_029201565.1	NZ_CP104002.1	4	3992801	4013452	hserlactone	1	4	False
GCF_030159855.1	NZ_BSNG01000001.1	1	169531	189987	hserlactone	1	1	False
GCF_030159855.1	NZ_BSNG01000001.1	2	902972	934471	betalactone	1	2	False
GCF_030159855.1	NZ_BSNG01000001.1	3	1765519	1786362	terpene	1	3	False
GCF_030159855.1	NZ_BSNG01000003.1	1	53824	76102	redox-cofactor	1	1	False
GCF_030160115.1	NZ_BSNS01000002.1	1	261468	282122	hserlactone	1	1	False
GCF_030160115.1	NZ_BSNS01000007.1	1	146541	170167	LAP	1	1	False
GCF_030160115.1	NZ_BSNS01000007.1	2	612601	673384	acyl_amino_acids	1	2	False
GCF_030160115.1	NZ_BSNS01000008.1	1	43158	74255	betalactone	1	1	False
GCF_030160115.1	NZ_BSNS01000011.1	1	246407	257514	RiPP-like	1	1	False
GCF_030160115.1	NZ_BSNS01000020.1	1	375217	386144	RiPP-like	1	1	False
GCF_030160115.1	NZ_BSNS01000024.1	1	258688	279534	terpene	1	1	False
GCF_030177755.1	NZ_CP126539.1	1	989655	1010108	hserlactone	1	1	False
GCF_030177755.1	NZ_CP126539.1	2	2369713	2390562	terpene	1	2	False
GCF_030177755.1	NZ_CP126539.1	3	3004559	3014958	ectoine	1	3	False
GCF_030177755.1	NZ_CP126539.1	4	3218890	3279682	acyl_amino_acids	1	4	False
GCF_030285925.1	NZ_CP127251.1	1	1388169	1409012	terpene	1	1	False
GCF_030285925.1	NZ_CP127251.1	2	1878930	1909453	betalactone	1	2	False
GCF_032907385.1	NZ_JAIMBX010000001.1	1	753062	784384	betalactone	1	1	False
GCF_032907385.1	NZ_JAIMBX010000001.1	2	1110120	1130966	terpene	1	2	False
GCF_032907385.1	NZ_JAIMBX010000002.1	1	295635	356412	acyl_amino_acids	1	1	False
GCF_032907385.1	NZ_JAIMBX010000003.1	1	279266	301053	thioamitides	1	1	False
GCF_032907385.1	NZ_JAIMBX010000003.1	2	375617	396118	hserlactone	1	2	False
GCF_032907385.1	NZ_JAIMBX010000004.1	1	36182	56869	hserlactone	1	1	False
GCF_037113415.1	NZ_CP146608.1	1	291636	302029	ectoine	1	1	False
GCF_037113415.1	NZ_CP146608.1	2	370278	390929	hserlactone	1	2	False
GCF_037113415.1	NZ_CP146608.1	3	543619	554477	RiPP-like	1	3	False
GCF_037113415.1	NZ_CP146608.1	4	1518497	1539343	terpene	1	4	False
GCF_037113415.1	NZ_CP146608.1	5	2184159	2215975	betalactone	1	5	False
GCF_037113415.1	NZ_CP146608.1	6	2944230	2979062	hserlactone;thioamitides	3	6;7;8	False
GCF_040223715.1	NZ_JAVKFR010000006.1	1	75242	95989	hserlactone	1	1	False
GCF_040223715.1	NZ_JAVKFR010000010.1	1	0	14680	hserlactone	1	1	True
GCF_040223715.1	NZ_JAVKFR010000020.1	1	90075	110921	terpene	1	1	False
GCF_040223715.1	NZ_JAVKFR010000022.1	1	129424	139817	ectoine	1	1	False
GCF_040223715.1	NZ_JAVKFR010000024.1	1	93591	114032	hserlactone	1	1	False
GCF_040223715.1	NZ_JAVKFR010000033.1	1	0	10123	hserlactone	1	1	True
GCF_040223715.1	NZ_JAVKFR010000033.1	2	124494	135130	hserlactone	1	2	True
GCF_040223715.1	NZ_JAVKFR010000034.1	1	3286	14144	RiPP-like	1	1	True
GCF_040546795.1	NZ_JBEPOL010000001.1	1	129045	149888	terpene	1	1	False
GCF_040546795.1	NZ_JBEPOL010000002.1	1	450826	491912	T3PKS	1	1	False
GCF_040546795.1	NZ_JBEPOL010000003.1	1	78351	99110	hserlactone	1	1	False
GCF_040546795.1	NZ_JBEPOL010000004.1	1	440478	473445	betalactone	1	1	False
GCF_040546795.1	NZ_JBEPOL010000007.1	1	41049	61490	hserlactone	1	1	False
GCF_040546795.1	NZ_JBEPOL010000008.1	1	0	11062	hserlactone	1	1	True
GCF_040546795.1	NZ_JBEPOL010000009.1	1	88150	129236	T3PKS	1	1	False
GCF_040546795.1	NZ_JBEPOL010000012.1	1	48934	69594	hserlactone	1	1	False
GCF_040546815.1	NZ_JBEPOO010000001.1	1	255826	276282	hserlactone	1	1	False
GCF_040546815.1	NZ_JBEPOO010000001.1	2	1603915	1624764	terpene	1	2	False
GCF_042181575.1	NZ_CP170082.1	1	31110	51713	hserlactone	1	1	False
GCF_042181575.1	NZ_CP170082.1	2	770134	790881	hserlactone	1	2	False
GCF_042181575.1	NZ_CP170082.1	3	1074716	1095178	hserlactone	1	3	False
GCF_042181575.1	NZ_CP170082.1	4	2102307	2124851	RRE-containing;lassopeptide	3	4;5;6	False
GCF_042181575.1	NZ_CP170082.1	5	2571001	2591847	terpene	1	7	False
GCF_042181575.1	NZ_CP170082.1	6	2780922	2791315	ectoine	1	8	False
GCF_042181575.1	NZ_CP170082.1	7	3495691	3506549	RiPP-like	1	9	False
GCF_042181575.1	NZ_CP170084.1	1	70032	90362	hserlactone	1	1	True
GCF_042181575.1	NZ_CP170085.1	1	25831	46443	hserlactone	1	1	True
GCF_042431865.1	NZ_JBHLYO010000001.1	1	43163	74260	betalactone	1	1	False
GCF_042431865.1	NZ_JBHLYO010000004.1	1	295229	318873	LAP	1	1	False
GCF_042431865.1	NZ_JBHLYO010000010.1	1	570198	581305	RiPP-like	1	1	False
GCF_042431865.1	NZ_JBHLYO010000011.1	1	143204	163858	hserlactone	1	1	False
GCF_042431865.1	NZ_JBHLYO010000012.1	1	85012	145795	acyl_amino_acids	1	1	False
GCF_042431865.1	NZ_JBHLYO010000015.1	1	335369	356215	terpene	1	1	False
GCF_042431865.1	NZ_JBHLYO010000020.1	1	375222	386149	RiPP-like	1	1	False
GCF_042648785.1	NZ_JBHRYD010000001.1	1	79663	116876	terpene;betalactone	3	1;2;3	False
GCF_042648785.1	NZ_JBHRYD010000001.1	2	1006671	1067460	acyl_amino_acids	1	4	False
GCF_042648785.1	NZ_JBHRYD010000007.1	1	127118	147769	hserlactone	1	1	False
GCF_042648785.1	NZ_JBHRYD010000007.1	2	238070	286135	NRP-metallophore;NRPS	1	2	False
GCF_042679405.1	NZ_JBHTMH010000001.1	1	260842	293265	betalactone	1	1	False
GCF_042679405.1	NZ_JBHTMH010000001.1	2	626880	647720	terpene	1	2	False
GCF_042679405.1	NZ_JBHTMH010000001.1	3	2650458	2672338	thioamitides	1	3	False
GCF_042679405.1	NZ_JBHTMH010000003.1	1	170651	191110	hserlactone	1	1	False
GCF_042685625.1	NZ_JBHUNP010000001.1	1	920860	944422	terpene	1	1	False
GCF_042685625.1	NZ_JBHUNP010000001.1	2	1170706	1183571	hydrogen-cyanide	1	2	False
GCF_042685625.1	NZ_JBHUNP010000001.1	3	3683596	3704442	terpene	1	3	False
GCF_044987315.1	NZ_JBJDRE010000003.1	1	118646	150315	betalactone	1	1	False
GCF_044987315.1	NZ_JBJDRE010000009.1	1	116789	137632	terpene	1	1	False
GCF_044987315.1	NZ_JBJDRE010000010.1	1	109268	131546	redox-cofactor	1	1	False
GCF_044987315.1	NZ_JBJDRE010000012.1	1	83581	104037	hserlactone	1	1	False
GCF_046614475.1	NZ_JBKJHF010000001.1	1	911419	932151	hserlactone	1	1	False
GCF_046614475.1	NZ_JBKJHF010000001.1	2	1944992	1965838	terpene	1	2	False
GCF_046614475.1	NZ_JBKJHF010000001.1	3	2653873	2686049	betalactone	1	3	False
GCF_046614475.1	NZ_JBKJHF010000002.1	1	586093	606528	hserlactone	1	1	False
GCF_046614475.1	NZ_JBKJHF010000003.1	1	149139	169898	hserlactone	1	1	False
GCF_048261455.1	NZ_JBLXGA010000001.1	1	126702	150282	terpene	1	1	False
GCF_048261455.1	NZ_JBLXGA010000002.1	1	77784	90712	hydrogen-cyanide	1	1	False
GCF_048261455.1	NZ_JBLXGA010000003.1	1	233459	255381	thioamitides	1	1	False
GCF_048261455.1	NZ_JBLXGA010000004.1	1	200728	221565	terpene	1	1	False
GCF_048261455.1	NZ_JBLXGA010000009.1	1	83567	114087	betalactone	1	1	False
GCF_048261455.1	NZ_JBLXGA010000019.1	1	39109	49985	RiPP-like	1	1	True
GCF_049354815.1	NZ_CP186479.1	1	313900	334749	terpene	1	1	False
GCF_049354815.1	NZ_CP186479.1	2	1971655	1982468	RiPP-like	1	2	False
GCF_049354815.1	NZ_CP186479.1	3	4109326	4131224	thioamitides	1	3	False
GCF_051302775.1	NZ_JBNMEO010000001.1	1	88040	108496	hserlactone	1	1	False
GCF_051302775.1	NZ_JBNMEO010000006.1	1	36168	96951	acyl_amino_acids	1	1	False
GCF_051302775.1	NZ_JBNMEO010000008.1	1	75857	86250	ectoine	1	1	True
GCF_051302775.1	NZ_JBNMEO010000017.1	1	44765	52350	RiPP-like	1	1	True
GCF_051302775.1	NZ_JBNMEO010000091.1	1	0	10645	terpene	1	1	True
GCF_051302775.1	NZ_JBNMEO010000093.1	1	0	9989	betalactone	1	1	True
GCF_053550215.1	NZ_JBMQPQ010000006.1	1	55645	76329	hserlactone	1	1	False
GCF_053550215.1	NZ_JBMQPQ010000012.1	1	212862	233321	hserlactone	1	1	False
GCF_053550215.1	NZ_JBMQPQ010000013.1	1	107690	128536	terpene	1	1	True
GCF_053550215.1	NZ_JBMQPQ010000014.1	1	29187	61066	betalactone	1	1	False
GCF_054482695.1	NZ_JBTLRJ010000001.1	1	192421	212925	hserlactone	1	1	False
GCF_054482695.1	NZ_JBTLRJ010000001.1	2	915880	946770	betalactone	1	2	False
GCF_054482695.1	NZ_JBTLRJ010000001.1	3	1138977	1181854	NRPS-like	1	3	False
GCF_054482695.1	NZ_JBTLRJ010000002.1	1	265477	275870	ectoine	1	1	False
GCF_054482695.1	NZ_JBTLRJ010000002.1	2	654119	664977	RiPP-like	1	2	False
GCF_054482695.1	NZ_JBTLRJ010000003.1	1	259065	279911	terpene	1	1	False
GCF_054482695.1	NZ_JBTLRJ010000003.1	2	638265	650931	hserlactone	1	2	True
GCF_054482695.1	NZ_JBTLRJ010000005.1	1	213096	233750	hserlactone	1	1	True
GCF_054489345.1	NZ_JBTMWV010000001.1	1	491756	522764	betalactone	1	1	False
GCF_054489345.1	NZ_JBTMWV010000025.1	1	0	34958	NRPS-like;T1PKS	2	1;2	True
GCF_054489345.1	NZ_JBTMWV010000039.1	1	0	12666	hserlactone	1	1	True
GCF_054489345.1	NZ_JBTMWV010000004.1	1	13168	26026	hydrogen-cyanide	1	1	False
GCF_054489345.1	NZ_JBTMWV010000006.1	1	147310	168156	terpene	1	1	False
GCF_054489345.1	NZ_JBTMWV010000009.1	1	150976	171735	hserlactone	1	1	False
GCF_054489375.1	NZ_JBTMWU010000001.1	1	7014	29316	redox-cofactor	1	1	True
GCF_054489375.1	NZ_JBTMWU010000001.1	2	362086	382845	hserlactone	1	2	False
GCF_054489375.1	NZ_JBTMWU010000011.1	1	98484	111784	terpene	1	1	True
GCF_054489375.1	NZ_JBTMWU010000002.1	1	196313	227315	betalactone	1	1	False
GCF_054489375.1	NZ_JBTMWU010000004.1	1	0	44110	NRPS-like;T1PKS	2	1;2	True
GCF_054489375.1	NZ_JBTMWU010000004.1	2	163692	176550	hydrogen-cyanide	1	3	False
GCF_054605195.1	NZ_JBTSEP010000003.1	1	42072	64003	thioamitides	1	1	False
GCF_054605195.1	NZ_JBTSEP010000004.1	1	81475	102132	hserlactone	1	1	False
GCF_054605195.1	NZ_JBTSEP010000009.1	1	67162	78032	RiPP-like	1	1	False
GCF_054605195.1	NZ_JBTSEP010000011.1	1	41922	62768	terpene	1	1	False
GCF_054605195.1	NZ_JBTSEP010000065.1	1	0	10192	T1PKS	1	1	True
GCF_055397495.1	NZ_AP027921.1	1	1004656	1025415	hserlactone	1	1	False
GCF_055397495.1	NZ_AP027921.1	2	2264180	2284591	RRE-containing	1	2	False
GCF_055397495.1	NZ_AP027921.1	3	2962685	2983531	terpene	1	3	False
GCF_055397495.1	NZ_AP027921.1	4	3797512	3828623	betalactone	1	4	False
GCF_055633315.1	NZ_JBVKGV010000020.1	1	25583	36453	RiPP-like	1	1	False
GCF_055633315.1	NZ_JBVKGV010000026.1	1	0	33411	T1PKS	1	1	True
GCF_055633315.1	NZ_JBVKGV010000033.1	1	22976	35475	thioamitides	1	1	True
GCF_055633315.1	NZ_JBVKGV010000043.1	1	13473	25440	hserlactone	1	1	True
GCF_055633315.1	NZ_JBVKGV010000086.1	1	0	6402	terpene	1	1	True
GCF_055808475.1	NZ_CM147870.1	1	0	50374	acyl_amino_acids	1	1	True
GCF_055808475.1	NZ_CM147870.1	2	543680	564136	hserlactone	1	2	False
GCF_055808475.1	NZ_CM147870.1	3	1153928	1184782	betalactone	1	3	False
GCF_055808475.1	NZ_CM147870.1	4	1993268	2014114	terpene	1	4	False
GCF_055808475.1	NZ_CM147870.1	5	2693466	2703859	ectoine	1	5	False
GCF_055808475.1	NZ_CM147870.1	6	3053921	3064785	RiPP-like	1	6	False
GCF_055808595.1	NZ_CM147875.1	1	138061	149045	RiPP-like	1	1	False
GCF_055808595.1	NZ_CM147875.1	2	294938	316848	thioamitides	1	2	False
GCF_055808595.1	NZ_CM147875.1	3	541490	552363	RiPP-like	1	3	False
GCF_055808595.1	NZ_CM147875.1	4	2586883	2618034	betalactone	1	4	False
GCF_055808595.1	NZ_CM147875.1	5	2837526	2858357	terpene	1	5	False
GCF_056341075.1	NZ_CP094375.1	1	403469	424315	terpene	1	1	False
GCF_056341075.1	NZ_CP094375.1	2	2124853	2145312	hserlactone	1	2	False
GCF_056341075.1	NZ_CP094375.1	3	2569841	2590594	hserlactone	1	3	False
GCF_056341075.1	NZ_CP094375.1	4	3240549	3261203	hserlactone	1	4	False
GCF_056402875.1	NZ_JBFUGO010000004.1	1	117056	138870	thioamitides	1	1	False
GCF_056402875.1	NZ_JBFUGO010000008.1	1	76993	118076	T3PKS	1	1	False
GCF_056402875.1	NZ_JBFUGO010000010.1	1	338163	359000	terpene	1	1	False
GCF_056403495.1	NZ_JBFUFI010000005.1	1	52306	74132	thioamitides	1	1	False
GCF_056403495.1	NZ_JBFUFI010000008.1	1	105069	146152	T3PKS	1	1	False
GCF_056403495.1	NZ_JBFUFI010000016.1	1	31495	52332	terpene	1	1	False
GCF_056405135.1	NZ_JBFUCQ010000002.1	1	333736	354573	terpene	1	1	False
GCF_056405135.1	NZ_JBFUCQ010000005.1	1	52323	74149	thioamitides	1	1	False
GCF_056405135.1	NZ_JBFUCQ010000009.1	1	119962	153340	T3PKS	1	1	True
GCF_057657195.1	NZ_JBDGIY010000001.1	1	433631	453901	RRE-containing	1	1	False
GCF_057657195.1	NZ_JBDGIY010000001.1	2	530620	552512	thioamitides	1	2	False
GCF_057657195.1	NZ_JBDGIY010000001.1	3	594751	617044	redox-cofactor	1	3	False
GCF_057657195.1	NZ_JBDGIY010000001.1	4	1649457	1670291	terpene	1	4	False
GCF_057657195.1	NZ_JBDGIY010000001.1	5	3144752	3166659	thioamitides	1	5	False
GCF_058133495.1	NZ_JBYUNO010000001.1	1	165140	187741	lassopeptide;RRE-containing	1	1	False
GCF_058133495.1	NZ_JBYUNO010000001.1	2	1192251	1253019	acyl_amino_acids	1	2	False
GCF_058133495.1	NZ_JBYUNO010000002.1	1	575758	596622	terpene	1	1	False
GCF_058133495.1	NZ_JBYUNO010000003.1	1	423251	443731	hserlactone	1	1	False
GCF_058133495.1	NZ_JBYUNO010000003.1	2	594888	618483	terpene	1	2	False
GCF_058133665.1	NZ_JBYUNQ010000001.1	1	241325	264920	terpene	1	1	False
GCF_058133665.1	NZ_JBYUNQ010000001.1	2	415262	435721	hserlactone	1	2	False
GCF_058133665.1	NZ_JBYUNQ010000002.1	1	646850	707618	acyl_amino_acids	1	1	False
GCF_058133665.1	NZ_JBYUNQ010000004.1	1	417172	438036	terpene	1	1	False
GCF_058133665.1	NZ_JBYUNQ010000005.1	1	165523	188124	lassopeptide;RRE-containing	1	1	False
GCF_058806655.1	NZ_JBXAPX010000002.1	1	406981	427251	RRE-containing	1	1	False
GCF_058806655.1	NZ_JBXAPX010000002.1	2	591546	632629	T3PKS	1	2	False
GCF_058806655.1	NZ_JBXAPX010000004.1	1	72987	94873	thioamitides	1	1	False
GCF_058806655.1	NZ_JBXAPX010000004.1	2	239987	260827	terpene	1	2	False
GCF_058806655.1	NZ_JBXAPX010000005.1	1	247359	269975	lanthipeptide-class-iv	1	1	False
GCF_058806655.1	NZ_JBXAPX010000006.1	1	76823	99110	redox-cofactor	1	1	False
GCF_058806655.1	NZ_JBXAPX010000006.1	2	343694	365505	thioamitides	1	2	False
GCF_059070485.1	NZ_JCACVZ010000001.1	1	228769	249228	hserlactone	1	1	False
GCF_059070485.1	NZ_JCACVZ010000001.1	2	1097229	1127771	betalactone	1	2	False
GCF_059070485.1	NZ_JCACVZ010000001.1	3	1297443	1318289	terpene	1	3	False
GCF_059070485.1	NZ_JCACVZ010000001.1	4	2743068	2763716	hserlactone	1	4	False
GCF_900110945.1	NZ_FOFL01000002.1	1	185928	218520	betalactone	1	1	False
GCF_900110945.1	NZ_FOFL01000002.1	2	786842	807298	hserlactone	1	2	False
GCF_900110945.1	NZ_FOFL01000007.1	1	109595	122791	terpene	1	1	True
GCF_900112505.1	NZ_FOMB01000021.1	1	0	19608	hserlactone	1	1	True
GCF_900112505.1	NZ_FOMB01000021.1	2	30172	71240	T3PKS	1	2	False
GCF_900112505.1	NZ_FOMB01000051.1	1	0	15503	T3PKS	1	1	True
GCF_900112505.1	NZ_FOMB01000022.1	1	14395	34851	hserlactone	1	1	False
GCF_900112505.1	NZ_FOMB01000001.1	1	74736	95507	hserlactone	1	1	False
GCF_900112505.1	NZ_FOMB01000002.1	1	289252	310098	terpene	1	1	False
GCF_900112505.1	NZ_FOMB01000007.1	1	0	27525	betalactone	1	1	True
GCF_900112505.1	NZ_FOMB01000025.1	1	15213	44635	T3PKS	1	1	True
GCF_900116545.1	NZ_FPCK01000004.1	1	31509	52151	hserlactone	1	1	False
GCF_900116545.1	NZ_FPCK01000004.1	2	187890	211503	terpene	1	2	False
GCF_900116545.1	NZ_FPCK01000003.1	1	210515	220908	ectoine	1	1	False
GCF_900116545.1	NZ_FPCK01000001.1	1	272867	293326	hserlactone	1	1	False
GCF_900116545.1	NZ_FPCK01000001.1	2	1125195	1155864	betalactone	1	2	False
GCF_900116545.1	NZ_FPCK01000001.1	3	1563862	1584708	terpene	1	3	False
GCF_900128975.1	NZ_FQVC01000004.1	1	225349	257566	betalactone	1	1	False
GCF_900128975.1	NZ_FQVC01000005.1	1	56204	116963	acyl_amino_acids;hserlactone	1	1	False
GCF_900128975.1	NZ_FQVC01000003.1	1	219347	239785	hserlactone	1	1	False
GCF_900128975.1	NZ_FQVC01000002.1	1	290362	311208	terpene	1	1	False
GCF_900128975.1	NZ_FQVC01000008.1	1	115475	157926	NRPS-like	1	1	False
GCF_900128975.1	NZ_FQVC01000001.1	1	574523	637008	NRPS-like;T1PKS	3	1;2;3	False
GCF_900128975.1	NZ_FQVC01000010.1	1	26640	39483	hydrogen-cyanide	1	1	False
GCF_900128975.1	NZ_FQVC01000010.1	2	98300	108693	ectoine	1	2	False
GCF_900128975.1	NZ_FQVC01000014.1	1	79469	93838	hserlactone	1	1	True
GCF_900177655.1	NZ_FXWK01000002.1	1	13833	36800	lanthipeptide-class-ii	1	1	False
GCF_900177655.1	NZ_FXWK01000002.1	2	856766	877522	hserlactone	1	2	False
GCF_900177655.1	NZ_FXWK01000002.1	3	1025113	1067642	NRPS-like	1	3	False
GCF_900177655.1	NZ_FXWK01000001.1	1	344977	355370	ectoine	1	1	False
GCF_900177655.1	NZ_FXWK01000001.1	2	907757	928603	terpene	1	2	False
GCF_900177655.1	NZ_FXWK01000001.1	3	1185349	1208938	terpene	1	3	False
GCF_900177655.1	NZ_FXWK01000001.1	4	1544565	1576609	betalactone	1	4	False
GCF_900177655.1	NZ_FXWK01000001.1	5	2320270	2340729	hserlactone	1	5	False
GCF_900631955.1	NZ_UZWD01000022.1	1	82178	102637	hserlactone	1	1	False
GCF_900631955.1	NZ_UZWD01000029.1	1	7581	28935	thioamitides	1	1	True
GCF_900631955.1	NZ_UZWD01000036.1	1	36724	63300	betalactone	1	1	True
GCF_900631955.1	NZ_UZWD01000040.1	1	25402	46242	terpene	1	1	False
GCF_964252795.1	NZ_CAXUPH020000001.1	1	105145	125415	RRE-containing	1	1	False
GCF_964252795.1	NZ_CAXUPH020000001.1	2	293161	334244	T3PKS	1	2	False
GCF_964252795.1	NZ_CAXUPH020000003.1	1	203498	225387	thioamitides	1	1	False
GCF_964252795.1	NZ_CAXUPH020000003.1	2	385782	406622	terpene	1	2	False
GCF_964252795.1	NZ_CAXUPH020000005.1	1	256647	278934	redox-cofactor	1	1	False
GCF_964252795.1	NZ_CAXUPH020000005.1	2	529190	554553	thiopeptide;thioamitides	1	2	False
GCF_964252865.1	NZ_CAXUPK020000002.1	1	302470	322929	hserlactone	1	1	False
GCF_964252865.1	NZ_CAXUPK020000005.1	1	46578	78997	betalactone	1	1	False
GCF_964252865.1	NZ_CAXUPK020000005.1	2	285551	306397	terpene	1	2	False
GCF_964252865.1	NZ_CAXUPK020000007.1	1	86262	106907	hserlactone	1	1	False
GCF_965229025.1	NZ_OZ245853.1	1	261176	283065	thioamitides	1	1	False
GCF_965229025.1	NZ_OZ245853.1	2	1421885	1462950	T3PKS	1	2	False
GCF_965229025.1	NZ_OZ245853.1	3	1527658	1548498	terpene	1	3	False
GCF_965229025.1	NZ_OZ245853.1	4	3295998	3317902	thioamitides	1	4	False
GCF_977014175.1	NZ_CDRNJH010000001.1	1	65334	85979	hserlactone	1	1	False
GCF_977014175.1	NZ_CDRNJH010000001.1	2	1407309	1427768	hserlactone	1	2	False
GCF_977014175.1	NZ_CDRNJH010000001.1	3	2603178	2635035	betalactone	1	3	False
GCF_977014175.1	NZ_CDRNJH010000001.1	4	2942897	2963743	terpene	1	4	False
