Assembly Name	Assembly Accession	Assembly Paired Assembly Accession	Organism Name	Organism Infraspecific Names Breed	Organism Infraspecific Names Strain	Organism Infraspecific Names Cultivar	Organism Infraspecific Names Ecotype	Organism Infraspecific Names Isolate	Organism Infraspecific Names Sex	Annotation Name	Assembly Level	Assembly Release Date	WGS project accession	Assembly Stats Number of Scaffolds
ASM785965v1	GCA_007859655.1	GCF_007859655.1	Devosia ginsengisoli		Gsoil 520					NCBI Prokaryotic Genome Annotation Pipeline (PGAP)	Complete Genome	2019-08-07		1
ASM785965v1	GCF_007859655.1	GCA_007859655.1	Devosia ginsengisoli		Gsoil 520					GCF_007859655.1-RS_2026_05_05	Complete Genome	2019-08-07		1
ASM1950438v1	GCA_019504385.1	GCF_019504385.1	Devosia salina		SCS-3					NCBI Prokaryotic Genome Annotation Pipeline (PGAP)	Complete Genome	2021-08-10		1
ASM1950438v1	GCF_019504385.1	GCA_019504385.1	Devosia salina		SCS-3					GCF_019504385.1-RS_2026_03_30	Complete Genome	2021-08-10		1
ASM1492658v1	GCA_014926585.1	GCF_014926585.1	Devosia beringensis		S02						Complete Genome	2020-10-23		1
ASM1492658v1	GCF_014926585.1	GCA_014926585.1	Devosia beringensis		S02					GCF_014926585.1-RS_2025_12_13	Complete Genome	2020-10-23		1
ASM3017775v1	GCA_030177755.1	GCF_030177755.1	Devosia rhizosphaerae		RR2S18					NCBI Prokaryotic Genome Annotation Pipeline (PGAP)	Complete Genome	2023-06-06		1
ASM3017775v1	GCF_030177755.1	GCA_030177755.1	Devosia rhizosphaerae		RR2S18					GCF_030177755.1-RS_2026_02_16	Complete Genome	2023-06-06		1
ASM4218157v1	GCA_042181575.1	GCF_042181575.1	Devosia polycyclovorans		Naph2					NCBI Prokaryotic Genome Annotation Pipeline (PGAP)	Complete Genome	2024-09-24		4
ASM4218157v1	GCF_042181575.1	GCA_042181575.1	Devosia polycyclovorans		Naph2					GCF_042181575.1-RS_2024_09_25	Complete Genome	2024-09-24		4
ASM2545223v1	GCA_025452235.1	GCF_025452235.1	Devosia neptuniae		A18/4-1					NCBI Prokaryotic Genome Annotation Pipeline (PGAP)	Complete Genome	2022-09-28		2
ASM2545223v1	GCF_025452235.1	GCA_025452235.1	Devosia neptuniae		A18/4-1					GCF_025452235.1-RS_2025_11_20	Complete Genome	2022-09-28		2
ASM2242962v1	GCA_022429625.1	GCF_022429625.1	Devosia lacusdianchii		JXJ CY 41						Chromosome	2022-03-01		1
ASM2242962v1	GCF_022429625.1	GCA_022429625.1	Devosia lacusdianchii		JXJ CY 41					GCF_022429625.1-RS_2026_03_31	Chromosome	2022-03-01		1
ASM2881645v1	GCA_028816455.1	GCF_028816455.1	Devosia algicola		G20-9					NCBI Prokaryotic Genome Annotation Pipeline (PGAP)	Chromosome	2023-02-23		1
ASM2881645v1	GCF_028816455.1	GCA_028816455.1	Devosia algicola		G20-9					GCF_028816455.1-RS_2025_12_09	Chromosome	2023-02-23		1
ASM1669866v1	GCA_016698665.1	GCF_016698665.1	Devosia rhizoryzae		LEGU1					NCBI Prokaryotic Genome Annotation Pipeline (PGAP)	Chromosome	2021-01-19		1
ASM1669866v1	GCF_016698665.1	GCA_016698665.1	Devosia rhizoryzae		LEGU1					GCF_016698665.1-RS_2025_12_09	Chromosome	2021-01-19		1
ASM1669864v1	GCA_016698645.1	GCF_016698645.1	Devosia oryziradicis		G19					NCBI Prokaryotic Genome Annotation Pipeline (PGAP)	Chromosome	2021-01-19		1
ASM1669864v1	GCF_016698645.1	GCA_016698645.1	Devosia oryziradicis		G19					GCF_016698645.1-RS_2025_12_09	Chromosome	2021-01-19		1
ASM2881647v1	GCA_028816475.1	GCF_028816475.1	Devosia rhodophyticola		G2-5					NCBI Prokaryotic Genome Annotation Pipeline (PGAP)	Chromosome	2023-02-23		1
ASM2881647v1	GCF_028816475.1	GCA_028816475.1	Devosia rhodophyticola		G2-5					GCF_028816475.1-RS_2025_12_09	Chromosome	2023-02-23		1
ASM1419705v1	GCA_014197055.1	GCF_014197055.1	Devosia subaequoris		DSM 23447					Annotation submitted by DOE Joint Genome Institute	Contig	2020-08-14	JACIEW01	29
ASM1419705v1	GCF_014197055.1	GCA_014197055.1	Devosia subaequoris		DSM 23447					GCF_014197055.1-RS_2026_03_30	Contig	2020-08-14	JACIEW01	29
ASM97046v2	GCA_000970465.2	GCF_000970465.2	Devosia insulae DS-56		DS-56					NCBI Prokaryotic Genome Annotation Pipeline (PGAP)	Contig	2016-09-29	LAJE02	410
ASM97046v2	GCF_000970465.2	GCA_000970465.2	Devosia insulae DS-56		DS-56					GCF_000970465.2-RS_2026_04_24	Contig	2016-09-29	LAJE02	410
IMG-taxon 2617270931 annotated assembly	GCA_900112505.1	GCF_900112505.1	Devosia psychrophila		CGMCC 1.10210					Annotation submitted by DOE - JOINT GENOME INSTITUTE	Scaffold	2016-11-02	FOMB01	85
IMG-taxon 2617270931 annotated assembly	GCF_900112505.1	GCA_900112505.1	Devosia psychrophila		CGMCC 1.10210					GCF_900112505.1-RS_2026_04_24	Scaffold	2016-11-02	FOMB01	85
IMG-taxon 2582580747 annotated assembly	GCA_900128975.1	GCF_900128975.1	Devosia limi DSM 17137		DSM 17137					Annotation submitted by DOE - JOINT GENOME INSTITUTE	Scaffold	2016-12-03	FQVC01	25
IMG-taxon 2582580747 annotated assembly	GCF_900128975.1	GCA_900128975.1	Devosia limi DSM 17137		DSM 17137					GCF_900128975.1-RS_2026_04_25	Scaffold	2016-12-03	FQVC01	25
IMG-taxon 2708742467 annotated assembly	GCA_900177655.1	GCF_900177655.1	Devosia lucknowensis		L15					Annotation submitted by DOE - JOINT GENOME INSTITUTE	Contig	2017-05-13	FXWK01	3
IMG-taxon 2708742467 annotated assembly	GCF_900177655.1	GCA_900177655.1	Devosia lucknowensis		L15					GCF_900177655.1-RS_2026_04_25	Contig	2017-05-13	FXWK01	3
ASM96944v1	GCA_000969445.1	GCF_000969445.1	Devosia chinhatensis		IPL18					NCBI Prokaryotic Genome Annotation Pipeline (PGAP)	Contig	2015-04-06	JZEY01	98
ASM96944v1	GCF_000969445.1	GCA_000969445.1	Devosia chinhatensis		IPL18					GCF_000969445.1-RS_2026_04_24	Contig	2015-04-06	JZEY01	98
ASM74357v1	GCA_000743575.1	GCF_000743575.1	Devosia riboflavina		IFO13584					NCBI Prokaryotic Genome Annotation Pipeline (PGAP)	Contig	2014-08-25	JQGC01	113
ASM74357v1	GCF_000743575.1	GCA_000743575.1	Devosia riboflavina		IFO13584					GCF_000743575.1-RS_2026_04_23	Contig	2014-08-25	JQGC01	113
ASM4268562v1	GCA_042685625.1	GCF_042685625.1	Devosia albogilva		CCM 7427					NCBI Prokaryotic Genome Annotation Pipeline (PGAP)	Contig	2024-10-07	JBHUNP01	6
ASM4268562v1	GCF_042685625.1	GCA_042685625.1	Devosia albogilva		CCM 7427					GCF_042685625.1-RS_2025_11_20	Contig	2024-10-07	JBHUNP01	6
ASM3015985v1	GCA_030159855.1	GCF_030159855.1	Devosia yakushimensis		NBRC 103855					Annotation submitted by Institution of Microbiology, Chinese Academy of Science(WDCM)	Scaffold	2023-02-15	BSNG01	11
ASM3015985v1	GCF_030159855.1	GCA_030159855.1	Devosia yakushimensis		NBRC 103855					GCF_030159855.1-RS_2025_08_15	Scaffold	2023-02-15	BSNG01	11
ASM1833415v1	GCA_018334155.1	GCF_018334155.1	Devosia litorisediminis		BSSL-BM10					NCBI Prokaryotic Genome Annotation Pipeline (PGAP)	Contig	2021-05-10	JAGXTP01	5
ASM1833415v1	GCF_018334155.1	GCA_018334155.1	Devosia litorisediminis		BSSL-BM10					GCF_018334155.1-RS_2026_05_13	Contig	2021-05-10	JAGXTP01	5
IMG-taxon 2675903690 annotated assembly	GCA_900116545.1	GCF_900116545.1	Devosia crocina		IPL20					Annotation submitted by DOE - JOINT GENOME INSTITUTE	Scaffold	2016-11-02	FPCK01	6
IMG-taxon 2675903690 annotated assembly	GCF_900116545.1	GCA_900116545.1	Devosia crocina		IPL20					GCF_900116545.1-RS_2026_04_24	Scaffold	2016-11-02	FPCK01	6
ASM1641182v1	GCA_016411825.1	GCF_016411825.1	Devosia sediminis		MSA67					NCBI Prokaryotic Genome Annotation Pipeline (PGAP)	Contig	2020-12-27	JAEKMH01	16
ASM1641182v1	GCF_016411825.1	GCA_016411825.1	Devosia sediminis		MSA67					GCF_016411825.1-RS_2025_08_25	Contig	2020-12-27	JAEKMH01	16
ASM2016933v1	GCA_020169335.1	GCF_020169335.1	Devosia aquimaris		CJK-A8-3						Scaffold	2021-09-26	JAIEZN01	3
ASM2016933v1	GCF_020169335.1	GCA_020169335.1	Devosia aquimaris		CJK-A8-3					GCF_020169335.1-RS_2025_11_22	Scaffold	2021-09-26	JAIEZN01	3
ASM1105821v1	GCA_011058215.1	GCF_011058215.1	Devosia aurantiaca		H239					NCBI Prokaryotic Genome Annotation Pipeline (PGAP)	Contig	2020-03-02	JAALFG01	6
ASM1105821v1	GCF_011058215.1	GCA_011058215.1	Devosia aurantiaca		H239					GCF_011058215.1-RS_2025_12_11	Contig	2020-03-02	JAALFG01	6
ASM1483724v1	GCA_014837245.1	GCF_014837245.1	Devosia oryzisoli		PTR5					NCBI Prokaryotic Genome Annotation Pipeline (PGAP)	Scaffold	2020-09-30	JACYFU01	13
ASM1483724v1	GCF_014837245.1	GCA_014837245.1	Devosia oryzisoli		PTR5					GCF_014837245.1-RS_2026_05_14	Scaffold	2020-09-30	JACYFU01	13
IMG-taxon 2596583700 annotated assembly	GCA_900119845.1	GCF_900119845.1	Devosia enhydra		ATCC 23634					Annotation submitted by DOE - JOINT GENOME INSTITUTE	Scaffold	2016-11-20	FPKU01	5
IMG-taxon 2596583700 annotated assembly	GCF_900119845.1	GCA_900119845.1	Devosia enhydra		ATCC 23634					GCF_900119845.1-RS_2026_04_25	Scaffold	2016-11-20	FPKU01	5
ASM1515829v1	GCA_015158295.1	GCF_015158295.1	Devosia faecipullorum		CC-YST696					NCBI Prokaryotic Genome Annotation Pipeline (PGAP)	Contig	2020-10-30	JACDXV01	22
ASM1515829v1	GCF_015158295.1	GCA_015158295.1	Devosia faecipullorum		CC-YST696					GCF_015158295.1-RS_2025_12_11	Contig	2020-10-30	JACDXV01	22
ASM975841v1	GCA_009758415.1	GCF_009758415.1	Devosia marina		L53-10-65					NCBI Prokaryotic Genome Annotation Pipeline (PGAP)	Contig	2019-12-17	WQRF01	33
ASM975841v1	GCF_009758415.1	GCA_009758415.1	Devosia marina		L53-10-65					GCF_009758415.1-RS_2026_05_05	Contig	2019-12-17	WQRF01	33
ASM1465263v1	GCA_014652635.1	GCF_014652635.1	Devosia pacifica		KCTC 32437					Annotation submitted by WFCC-MIRCEN World Data Centre for Microorganisms (WDCM)	Scaffold	2020-09-12	BMZE01	9
ASM1465263v1	GCF_014652635.1	GCA_014652635.1	Devosia pacifica		KCTC 32437					GCF_014652635.1-RS_2025_09_02	Scaffold	2020-09-12	BMZE01	9
ASM3016011v1	GCA_030160115.1	GCF_030160115.1	Devosia nitrariae		NBRC 112416					Annotation submitted by Institution of Microbiology, Chinese Academy of Science(WDCM)	Scaffold	2023-02-15	BSNS01	35
ASM3016011v1	GCF_030160115.1	GCA_030160115.1	Devosia nitrariae		NBRC 112416					GCF_030160115.1-RS_2026_06_02	Scaffold	2023-02-15	BSNS01	35
ASM2427320v1	GCA_024273205.1	GCF_024273205.1	Devosia ureilytica		XJ19-45					NCBI Prokaryotic Genome Annotation Pipeline (PGAP)	Scaffold	2022-07-15	JAMWDU01	15
ASM2427320v1	GCF_024273205.1	GCA_024273205.1	Devosia ureilytica		XJ19-45					GCF_024273205.1-RS_2025_12_13	Scaffold	2022-07-15	JAMWDU01	15
ASM97045v1	GCA_000970455.1	GCF_000970455.1	Devosia soli		GH2-10					NCBI Prokaryotic Genome Annotation Pipeline (PGAP)	Contig	2015-04-07	LAJG01	48
ASM97045v1	GCF_000970455.1	GCA_000970455.1	Devosia soli		GH2-10					GCF_000970455.1-RS_2026_04_24	Contig	2015-04-07	LAJG01	48
ASM4264878v1	GCA_042648785.1	GCF_042648785.1	Devosia honganensis		KCTC 42281					NCBI Prokaryotic Genome Annotation Pipeline (PGAP)	Scaffold	2024-10-05	JBHRYD01	20
ASM4264878v1	GCF_042648785.1	GCA_042648785.1	Devosia honganensis		KCTC 42281					GCF_042648785.1-RS_2025_11_20	Scaffold	2024-10-05	JBHRYD01	20
ASM305634v1	GCA_003056345.1	GCF_003056345.1	Devosia submarina		JCM 18935						Contig	2018-04-18	PYWB01	45
ASM305634v1	GCF_003056345.1	GCA_003056345.1	Devosia submarina		JCM 18935					GCF_003056345.1-RS_2025_05_03	Contig	2018-04-18	PYWB01	45
ASM97129v1	GCA_000971295.1	GCF_000971295.1	Devosia epidermidihirudinis		E84					NCBI Prokaryotic Genome Annotation Pipeline (PGAP)	Contig	2015-04-09	LANJ01	47
ASM97129v1	GCF_000971295.1	GCA_000971295.1	Devosia epidermidihirudinis		E84					GCF_000971295.1-RS_2025_12_01	Contig	2015-04-09	LANJ01	47
ASM3993891v1	GCA_039938915.1	GCF_039938915.1	Devosia alba		RY10					NCBI Prokaryotic Genome Annotation Pipeline (PGAP)	Contig	2024-05-30	JBDUUI01	209
ASM3993891v1	GCF_039938915.1	GCA_039938915.1	Devosia alba		RY10					GCF_039938915.1-RS_2026_05_30	Contig	2024-05-30	JBDUUI01	209
ASM305635v1	GCA_003056355.1	GCF_003056355.1	Devosia naphthalenivorans		CM5-1						Scaffold	2018-04-18	PYVW01	55
ASM305635v1	GCF_003056355.1	GCA_003056355.1	Devosia naphthalenivorans		CM5-1					GCF_003056355.1-RS_2026_05_04	Scaffold	2018-04-18	PYVW01	55
ASM305640v1	GCA_003056405.1	GCF_003056405.1	Devosia indica		IO390501						Scaffold	2018-04-18	PYVZ01	69
ASM305640v1	GCF_003056405.1	GCA_003056405.1	Devosia indica		IO390501					GCF_003056405.1-RS_2025_05_03	Scaffold	2018-04-18	PYVZ01	69
aCIP1116281.1	GCA_900631955.1	GCF_900631955.1	Devosia equisanguinis		CIP 111628					Annotation submitted by INSTITUT PASTEUR	Contig	2018-12-11	UZWD01	79
aCIP1116281.1	GCF_900631955.1	GCA_900631955.1	Devosia equisanguinis		CIP 111628					GCF_900631955.1-RS_2025_12_11	Contig	2018-12-11	UZWD01	79
De novo	GCA_001650025.1	GCF_001650025.1	Devosia elaeis		S37					NCBI Prokaryotic Genome Annotation Pipeline (PGAP)	Contig	2016-05-23	LVVY01	151
De novo	GCF_001650025.1	GCA_001650025.1	Devosia elaeis		S37					GCF_001650025.1-RS_2026_05_02	Contig	2016-05-23	LVVY01	151
ASM96941v1	GCA_000969415.1	GCF_000969415.1	Devosia geojensis		BD-c194					NCBI Prokaryotic Genome Annotation Pipeline (PGAP)	Contig	2015-04-06	JZEX01	207
ASM96941v1	GCF_000969415.1	GCA_000969415.1	Devosia geojensis		BD-c194					GCF_000969415.1-RS_2025_08_07	Contig	2015-04-06	JZEX01	207
ASM140291v1	GCA_001402915.1	GCF_001402915.1	Devosia sp. A16		A16						Complete Genome	2015-10-22		1
ASM140291v1	GCF_001402915.1	GCA_001402915.1	Devosia sp. A16		A16					GCF_001402915.1-RS_2025_08_25	Complete Genome	2015-10-22		1
ASM4935481v1	GCA_049354815.1	GCF_049354815.1	Devosia sp. CN2-171		CN2-171					NCBI Prokaryotic Genome Annotation Pipeline (PGAP)	Complete Genome	2025-04-08		1
ASM4935481v1	GCF_049354815.1	GCA_049354815.1	Devosia sp. CN2-171		CN2-171					GCF_049354815.1-RS_2025_04_09	Complete Genome	2025-04-08		1
ASM2920156v1	GCA_029201565.1	GCF_029201565.1	Devosia sp. SD17-2		SD17-2					NCBI Prokaryotic Genome Annotation Pipeline (PGAP)	Complete Genome	2023-03-14		1
ASM2920156v1	GCF_029201565.1	GCA_029201565.1	Devosia sp. SD17-2		SD17-2					GCF_029201565.1-RS_2024_05_12	Complete Genome	2023-03-14		1
ASM2172988v1	GCA_021729885.1	GCF_021729885.1	Devosia sp. SL43		SL43					NCBI Prokaryotic Genome Annotation Pipeline (PGAP)	Complete Genome	2022-01-31		2
ASM2172988v1	GCF_021729885.1	GCA_021729885.1	Devosia sp. SL43		SL43					GCF_021729885.1-RS_2025_08_25	Complete Genome	2022-01-31		2
ASM2920154v1	GCA_029201545.1	GCF_029201545.1	Devosia sp. FJ2-5-3		FJ2-5-3					NCBI Prokaryotic Genome Annotation Pipeline (PGAP)	Complete Genome	2023-03-14		1
ASM2920154v1	GCF_029201545.1	GCA_029201545.1	Devosia sp. FJ2-5-3		FJ2-5-3					GCF_029201545.1-RS_2024_05_12	Complete Genome	2023-03-14		1
ASM400599v1	GCA_004005995.1	GCF_004005995.1	Devosia sp. 1566		1566						Complete Genome	2019-01-09		1
ASM400599v1	GCF_004005995.1	GCA_004005995.1	Devosia sp. 1566		1566					GCF_004005995.1-RS_2024_06_07	Complete Genome	2019-01-09		1
ASM294908v1	GCA_002949085.1	GCF_002949085.1	Devosia sp. I507		I507					NCBI Prokaryotic Genome Annotation Pipeline (PGAP)	Complete Genome	2018-02-19		1
ASM294908v1	GCF_002949085.1	GCA_002949085.1	Devosia sp. I507		I507					GCF_002949085.1-RS_2024_06_07	Complete Genome	2018-02-19		1
ASM5580859v1	GCA_055808595.1	GCF_055808595.1	Devosia sp. J20-27		J20-27					NCBI Prokaryotic Genome Annotation Pipeline (PGAP)	Complete Genome	2026-03-11	JBVVSH01	1
ASM5580859v1	GCF_055808595.1	GCA_055808595.1	Devosia sp. J20-27		J20-27					GCF_055808595.1-RS_2026_03_12	Complete Genome	2026-03-12	JBVVSH01	1
ASM5634107v1	GCA_056341075.1	GCF_056341075.1	Devosia sp. Micro-HW1		Micro-HW1					NCBI Prokaryotic Genome Annotation Pipeline (PGAP)	Complete Genome	2026-03-26		1
ASM5634107v1	GCF_056341075.1	GCA_056341075.1	Devosia sp. Micro-HW1		Micro-HW1					GCF_056341075.1-RS_2026_03_27	Complete Genome	2026-03-26		1
ASM5539749v1	GCA_055397495.1	GCF_055397495.1	Devosia sp. T2-14		T2-14					Annotation submitted by Tohoku Medical Megabank Organization, Tohoku University	Complete Genome	2025-04-12		1
ASM5539749v1	GCF_055397495.1	GCA_055397495.1	Devosia sp. T2-14		T2-14					GCF_055397495.1-RS_2026_02_24	Complete Genome	2025-04-12		1
ASM5580847v1	GCA_055808475.1	GCF_055808475.1	Devosia sp. J2-20		J2-20					NCBI Prokaryotic Genome Annotation Pipeline (PGAP)	Complete Genome	2026-03-11	JBVVSB01	1
ASM5580847v1	GCF_055808475.1	GCA_055808475.1	Devosia sp. J2-20		J2-20					GCF_055808475.1-RS_2026_03_12	Complete Genome	2026-03-12	JBVVSB01	1
XK-2	GCA_037113415.1	GCF_037113415.1	Devosia sp. XK-2		XK-2					NCBI Prokaryotic Genome Annotation Pipeline (PGAP)	Complete Genome	2024-03-12		1
XK-2	GCF_037113415.1	GCA_037113415.1	Devosia sp. XK-2		XK-2					GCF_037113415.1-RS_2024_04_05	Complete Genome	2024-03-12		1
ASM1412710v1	GCA_014127105.1	GCF_014127105.1	Devosia sp. MC521		MC521					NCBI Prokaryotic Genome Annotation Pipeline (PGAP)	Complete Genome	2020-08-10		1
ASM1412710v1	GCF_014127105.1	GCA_014127105.1	Devosia sp. MC521		MC521					GCF_014127105.1-RS_2024_06_08	Complete Genome	2020-08-10		1
ASM5580921v1	GCA_055809215.1	GCF_055809215.1	Devosia sp. G20-12		G20-12					NCBI Prokaryotic Genome Annotation Pipeline (PGAP)	Complete Genome	2026-03-11	JBVVTM01	1
ASM5580921v1	GCF_055809215.1	GCA_055809215.1	Devosia sp. G20-12		G20-12					GCF_055809215.1-RS_2026_03_12	Complete Genome	2026-03-12	JBVVTM01	1
ASM3028592v1	GCA_030285925.1	GCF_030285925.1	Devosia sp. YIM 151766		YIM 151766					NCBI Prokaryotic Genome Annotation Pipeline (PGAP)	Complete Genome	2023-06-18		1
ASM3028592v1	GCF_030285925.1	GCA_030285925.1	Devosia sp. YIM 151766		YIM 151766					GCF_030285925.1-RS_2024_06_28	Complete Genome	2023-06-18		1
ASM2881643v1	GCA_028816435.1	GCF_028816435.1	Devosia sp. J2-20		J2-20					NCBI Prokaryotic Genome Annotation Pipeline (PGAP)	Chromosome	2023-02-23		1
ASM2881643v1	GCF_028816435.1	GCA_028816435.1	Devosia sp. J2-20		J2-20					GCF_028816435.1-RS_2024_06_07	Chromosome	2023-02-23		1
ASM2415898v1	GCA_024158985.1	GCF_024158985.1	Devosia subaequoris		HST3-14					NCBI Prokaryotic Genome Annotation Pipeline (PGAP)	Scaffold	2022-07-05	JAMYXP01	61
ASM2415898v1	GCF_024158985.1	GCA_024158985.1	Devosia subaequoris		HST3-14					GCF_024158985.1-RS_2026_03_31	Scaffold	2022-07-05	JAMYXP01	61
ASM97127v1	GCA_000971275.1	GCF_000971275.1	Devosia psychrophila		Cr7-05					NCBI Prokaryotic Genome Annotation Pipeline (PGAP)	Contig	2015-04-09	LAPV01	239
ASM97127v1	GCF_000971275.1	GCA_000971275.1	Devosia psychrophila		Cr7-05					GCF_000971275.1-RS_2026_05_14	Contig	2015-04-09	LAPV01	239
ASM97043v1	GCA_000970435.1	GCF_000970435.1	Devosia limi DSM 17137		DSM 17137					NCBI Prokaryotic Genome Annotation Pipeline (PGAP)	Contig	2015-04-07	LAJF01	158
ASM97043v1	GCF_000970435.1	GCA_000970435.1	Devosia limi DSM 17137		DSM 17137					GCF_000970435.1-RS_2026_04_24	Contig	2015-04-07	LAJF01	158
ASM4267940v1	GCA_042679405.1	GCF_042679405.1	Devosia equisanguinis		CCM 8868					NCBI Prokaryotic Genome Annotation Pipeline (PGAP)	Contig	2024-10-06	JBHTMH01	19
ASM4267940v1	GCF_042679405.1	GCA_042679405.1	Devosia equisanguinis		CCM 8868					GCF_042679405.1-RS_2025_11_20	Contig	2024-10-06	JBHTMH01	19
ASM4243186v1	GCA_042431865.1	GCF_042431865.1	Devosia nitrariae		NBRC 112416					NCBI Prokaryotic Genome Annotation Pipeline (PGAP)	Scaffold	2024-09-28	JBHLYO01	33
ASM4243186v1	GCF_042431865.1	GCA_042431865.1	Devosia nitrariae		NBRC 112416					GCF_042431865.1-RS_2025_09_29	Scaffold	2024-09-28	JBHLYO01	33
Ri144	GCA_977014175.1	GCF_977014175.1	Devosia riboflavina					Ri144		Annotation submitted by University of Cologne - Institute for Plant Sciences	Contig	2025-11-07	CDRNJH01	2
Ri144	GCF_977014175.1	GCA_977014175.1	Devosia riboflavina					Ri144		GCF_977014175.1-RS_2025_11_22	Contig	2025-11-07	CDRNJH01	2
ASM4054681v1	GCA_040546815.1	GCF_040546815.1	Devosia sp. 2618		2618					Annotation submitted by DOE Joint Genome Institute	Contig	2024-07-08	JBEPOO01	4
ASM4054681v1	GCF_040546815.1	GCA_040546815.1	Devosia sp. 2618		2618					GCF_040546815.1-RS_2024_07_09	Contig	2024-07-08	JBEPOO01	4
ASM1318596v1	GCA_013185965.1	GCF_013185965.1	Devosia sp. 919		919						Contig	2020-05-28	JABAOL01	11
ASM1318596v1	GCF_013185965.1	GCA_013185965.1	Devosia sp. 919		919					GCF_013185965.1-RS_2024_06_08	Contig	2020-05-28	JABAOL01	11
ASM4661447v1	GCA_046614475.1	GCF_046614475.1	Devosia sp. XGJD_8		XGJD_8					NCBI Prokaryotic Genome Annotation Pipeline (PGAP)	Contig	2025-01-13	JBKJHF01	5
ASM4661447v1	GCF_046614475.1	GCA_046614475.1	Devosia sp. XGJD_8		XGJD_8					GCF_046614475.1-RS_2025_01_14	Contig	2025-01-13	JBKJHF01	5
ASM3290738v1	GCA_032907385.1	GCF_032907385.1	Devosia sp. BK		BK					NCBI Prokaryotic Genome Annotation Pipeline (PGAP)	Contig	2023-10-20	JAIMBX01	15
ASM3290738v1	GCF_032907385.1	GCA_032907385.1	Devosia sp. BK		BK					GCF_032907385.1-RS_2025_01_08	Contig	2023-10-20	JAIMBX01	15
Root685	GCA_001427875.1	GCF_001427875.1	Devosia sp. Root685		Root685					NCBI Prokaryotic Genome Annotation Pipeline (PGAP)	Scaffold	2015-11-02	LMHK01	5
Root685	GCF_001427875.1	GCA_001427875.1	Devosia sp. Root685		Root685					GCF_001427875.1-RS_2025_02_03	Scaffold	2015-11-02	LMHK01	5
ASM2861363v1	GCA_028613635.1	GCF_028613635.1	Devosia sp. ZB163		ZB163					NCBI Prokaryotic Genome Annotation Pipeline (PGAP)	Contig	2023-02-13	JAQRMY01	10
ASM2861363v1	GCF_028613635.1	GCA_028613635.1	Devosia sp. ZB163		ZB163					GCF_028613635.1-RS_2025_08_27	Contig	2023-02-13	JAQRMY01	10
ASM1318595v1	GCA_013185955.1	GCF_013185955.1	Devosia sp. 1635		1635						Contig	2020-05-28	JABAOM01	11
ASM1318595v1	GCF_013185955.1	GCA_013185955.1	Devosia sp. 1635		1635					GCF_013185955.1-RS_2024_06_08	Contig	2020-05-28	JABAOM01	11
ASM5813349v1	GCA_058133495.1	GCF_058133495.1	Devosia sp. Z6_126		Z6_126					NCBI Prokaryotic Genome Annotation Pipeline (PGAP)	Contig	2026-06-09	JBYUNO01	16
ASM5813349v1	GCF_058133495.1	GCA_058133495.1	Devosia sp. Z6_126		Z6_126					GCF_058133495.1-RS_2026_06_10	Contig	2026-06-09	JBYUNO01	16
ASM5765719v1	GCA_057657195.1	GCF_057657195.1	Devosia sp. Soil_C_22		Soil_C_22						Scaffold	2026-05-19	JBDGIY01	4
ASM5765719v1	GCF_057657195.1	GCA_057657195.1	Devosia sp. Soil_C_22		Soil_C_22					GCF_057657195.1-RS_2026_05_20	Scaffold	2026-05-19	JBDGIY01	4
IMG-taxon 2690315612 annotated assembly	GCA_900110945.1	GCF_900110945.1	Devosia sp. YR412		YR412					Annotation submitted by DOE - JOINT GENOME INSTITUTE	Contig	2016-10-31	FOFL01	11
IMG-taxon 2690315612 annotated assembly	GCF_900110945.1	GCA_900110945.1	Devosia sp. YR412		YR412					GCF_900110945.1-RS_2024_06_01	Contig	2016-10-31	FOFL01	11
ASM522280v1	GCA_005222805.1	GCF_005222805.1	Devosia sp. FKR38		FKR38						Scaffold	2019-05-07	STGC01	6
ASM522280v1	GCF_005222805.1	GCA_005222805.1	Devosia sp. FKR38		FKR38					GCF_005222805.1-RS_2024_06_08	Scaffold	2019-05-07	STGC01	6
ASM5448269v1	GCA_054482695.1	GCF_054482695.1	Devosia sp. CAU 1758		CAU 1758					NCBI Prokaryotic Genome Annotation Pipeline (PGAP)	Scaffold	2026-01-12	JBTLRJ01	9
ASM5448269v1	GCF_054482695.1	GCA_054482695.1	Devosia sp. CAU 1758		CAU 1758					GCF_054482695.1-RS_2026_01_13	Scaffold	2026-01-12	JBTLRJ01	9
LjRoot16v2	GCA_964252795.2	GCF_964252795.1	Devosia sp. LjRoot16					LjRoot16		Annotation submitted by Aarhus University	Contig	2025-07-13	CAXUPH02	15
LjRoot16v2	GCF_964252795.1	GCA_964252795.2	Devosia sp. LjRoot16					LjRoot16		GCF_964252795.1-RS_2025_08_03	Contig	2025-07-13	CAXUPH02	15
LjRoot3v2	GCA_964252865.2	GCF_964252865.1	Devosia sp. LjRoot3					LjRoot3		Annotation submitted by Aarhus University	Contig	2025-07-13	CAXUPK02	17
LjRoot3v2	GCF_964252865.1	GCA_964252865.2	Devosia sp. LjRoot3					LjRoot3		GCF_964252865.1-RS_2025_08_03	Contig	2025-07-13	CAXUPK02	17
Root413D1	GCA_001425235.1	GCF_001425235.1	Devosia sp. Root413D1		Root413D1					NCBI Prokaryotic Genome Annotation Pipeline (PGAP)	Scaffold	2015-11-02	LMEA01	14
Root413D1	GCF_001425235.1	GCA_001425235.1	Devosia sp. Root413D1		Root413D1					GCF_001425235.1-RS_2024_12_01	Scaffold	2015-11-02	LMEA01	14
ASM5448937v1	GCA_054489375.1	GCF_054489375.1	Devosia sp. A449		A449					NCBI Prokaryotic Genome Annotation Pipeline (PGAP)	Contig	2026-01-13	JBTMWU01	23
ASM5448937v1	GCF_054489375.1	GCA_054489375.1	Devosia sp. A449		A449					GCF_054489375.1-RS_2026_01_14	Contig	2026-01-13	JBTMWU01	23
ASM5813366v1	GCA_058133665.1	GCF_058133665.1	Devosia sp. Z11_6		Z11_6					NCBI Prokaryotic Genome Annotation Pipeline (PGAP)	Contig	2026-06-09	JBYUNQ01	16
ASM5813366v1	GCF_058133665.1	GCA_058133665.1	Devosia sp. Z11_6		Z11_6					GCF_058133665.1-RS_2026_06_10	Contig	2026-06-09	JBYUNQ01	16
Leaf420	GCA_001425445.1	GCF_001425445.1	Devosia sp. Leaf420		Leaf420					NCBI Prokaryotic Genome Annotation Pipeline (PGAP)	Scaffold	2015-11-02	LMQU01	16
Leaf420	GCF_001425445.1	GCA_001425445.1	Devosia sp. Leaf420		Leaf420					GCF_001425445.1-RS_2025_02_03	Scaffold	2015-11-02	LMQU01	16
ASM5880665v1	GCA_058806655.1	GCF_058806655.1	Devosia sp. GW821-FHT12F11		GW821-FHT12F11					NCBI Prokaryotic Genome Annotation Pipeline (PGAP)	Scaffold	2026-07-02	JBXAPX01	16
ASM5880665v1	GCF_058806655.1	GCA_058806655.1	Devosia sp. GW821-FHT12F11		GW821-FHT12F11					GCF_058806655.1-RS_2026_07_04	Scaffold	2026-07-02	JBXAPX01	16
ASM4054679v1	GCA_040546795.1	GCF_040546795.1	Devosia sp. UYZn731		UYZn731					Annotation submitted by DOE Joint Genome Institute	Contig	2024-07-08	JBEPOL01	27
ASM4054679v1	GCF_040546795.1	GCA_040546795.1	Devosia sp. UYZn731		UYZn731					GCF_040546795.1-RS_2024_07_09	Contig	2024-07-08	JBEPOL01	27
ASM5640513v1	GCA_056405135.1	GCF_056405135.1	Devosia sp. P1_H9		P1_H9						Contig	2026-03-29	JBFUCQ01	32
ASM5640513v1	GCF_056405135.1	GCA_056405135.1	Devosia sp. P1_H9		P1_H9					GCF_056405135.1-RS_2026_03_30	Contig	2026-03-29	JBFUCQ01	32
ASM2721422v1	GCA_027214225.1	GCF_027214225.1	Devosia neptuniae		G21611-S1					NCBI Prokaryotic Genome Annotation Pipeline (PGAP)	Contig	2022-12-21	JAPWHK01	109
ASM2721422v1	GCF_027214225.1	GCA_027214225.1	Devosia neptuniae		G21611-S1					GCF_027214225.1-RS_2025_08_14	Contig	2022-12-21	JAPWHK01	109
Root105	GCA_001424865.1	GCF_001424865.1	Devosia sp. Root105		Root105					NCBI Prokaryotic Genome Annotation Pipeline (PGAP)	Scaffold	2015-11-02	LMCR01	21
Root105	GCF_001424865.1	GCA_001424865.1	Devosia sp. Root105		Root105					GCF_001424865.1-RS_2024_06_08	Scaffold	2015-11-02	LMCR01	21
Root436	GCA_001426345.1	GCF_001426345.1	Devosia sp. Root436		Root436					NCBI Prokaryotic Genome Annotation Pipeline (PGAP)	Scaffold	2015-11-02	LMEM01	16
Root436	GCF_001426345.1	GCA_001426345.1	Devosia sp. Root436		Root436					GCF_001426345.1-RS_2024_06_01	Scaffold	2015-11-02	LMEM01	16
ASM2427319v1	GCA_024273195.1	GCF_024273195.1	Devosia ureilytica		XJ19-1					NCBI Prokaryotic Genome Annotation Pipeline (PGAP)	Scaffold	2022-07-15	JAMZCU01	21
ASM2427319v1	GCF_024273195.1	GCA_024273195.1	Devosia ureilytica		XJ19-1					GCF_024273195.1-RS_2026_02_12	Scaffold	2022-07-15	JAMZCU01	21
ASM5862915v1	GCA_058629155.1	GCF_058629155.1	Devosia sp. MDV22-iso42		MDV22-iso42					NCBI Prokaryotic Genome Annotation Pipeline (PGAP)	Scaffold	2026-06-30	JBZVWR01	15
ASM5862915v1	GCF_058629155.1	GCA_058629155.1	Devosia sp. MDV22-iso42		MDV22-iso42					GCF_058629155.1-RS_2026_07_01	Scaffold	2026-06-30	JBZVWR01	15
ASM1659568v1	GCA_016595685.1	GCF_016595685.1	Devosia sp. WQ 349K1		WQ 349K1					NCBI Prokaryotic Genome Annotation Pipeline (PGAP)	Contig	2021-01-09	JAENGO01	15
ASM1659568v1	GCF_016595685.1	GCA_016595685.1	Devosia sp. WQ 349K1		WQ 349K1					GCF_016595685.1-RS_2024_07_26	Contig	2021-01-09	JAENGO01	15
Leaf64	GCA_001421945.1	GCF_001421945.1	Devosia sp. Leaf64		Leaf64					NCBI Prokaryotic Genome Annotation Pipeline (PGAP)	Scaffold	2015-11-02	LMLO01	24
Leaf64	GCF_001421945.1	GCA_001421945.1	Devosia sp. Leaf64		Leaf64					GCF_001421945.1-RS_2024_06_01	Scaffold	2015-11-02	LMLO01	24
ASM5640349v1	GCA_056403495.1	GCF_056403495.1	Devosia sp. P2_G7		P2_G7						Contig	2026-03-29	JBFUFI01	33
ASM5640349v1	GCF_056403495.1	GCA_056403495.1	Devosia sp. P2_G7		P2_G7					GCF_056403495.1-RS_2026_03_30	Contig	2026-03-29	JBFUFI01	33
ASM5640287v1	GCA_056402875.1	GCF_056402875.1	Devosia sp. P3_B2		P3_B2						Contig	2026-03-29	JBFUGO01	35
ASM5640287v1	GCF_056402875.1	GCA_056402875.1	Devosia sp. P3_B2		P3_B2					GCF_056402875.1-RS_2026_03_30	Contig	2026-03-29	JBFUGO01	35
ASM1646162v1	GCA_016461625.1	GCF_016461625.1	Devosia sp. MC532		MC532					NCBI Prokaryotic Genome Annotation Pipeline (PGAP)	Contig	2021-01-03	JAEMNZ01	29
ASM1646162v1	GCF_016461625.1	GCA_016461625.1	Devosia sp. MC532		MC532					GCF_016461625.1-RS_2024_06_08	Contig	2021-01-03	JAEMNZ01	29
ASM4498731v1	GCA_044987315.1	GCF_044987315.1	Devosia sp. ZW T5_3		ZW T5_3					NCBI Prokaryotic Genome Annotation Pipeline (PGAP)	Contig	2024-11-17	JBJDRE01	62
ASM4498731v1	GCF_044987315.1	GCA_044987315.1	Devosia sp. ZW T5_3		ZW T5_3					GCF_044987315.1-RS_2024_11_18	Contig	2024-11-17	JBJDRE01	62
ASM5448934v1	GCA_054489345.1	GCF_054489345.1	Devosia sp. A369		A369					NCBI Prokaryotic Genome Annotation Pipeline (PGAP)	Contig	2026-01-13	JBTMWV01	67
ASM5448934v1	GCF_054489345.1	GCA_054489345.1	Devosia sp. A369		A369					GCF_054489345.1-RS_2026_01_14	Contig	2026-01-13	JBTMWV01	67
Root635	GCA_001427605.1	GCF_001427605.1	Devosia sp. Root635		Root635					NCBI Prokaryotic Genome Annotation Pipeline (PGAP)	Scaffold	2015-11-02	LMGZ01	24
Root635	GCF_001427605.1	GCA_001427605.1	Devosia sp. Root635		Root635					GCF_001427605.1-RS_2025_02_03	Scaffold	2015-11-02	LMGZ01	24
ASM1284730v1	GCA_012847305.1	GCF_012847305.1	Devosia sp. MC1541		MC1541						Contig	2020-04-27	JABBDZ01	51
ASM1284730v1	GCF_012847305.1	GCA_012847305.1	Devosia sp. MC1541		MC1541					GCF_012847305.1-RS_2024_06_08	Contig	2020-04-27	JABBDZ01	51
ASM1645723v1	GCA_016457235.1	GCF_016457235.1	Devosia sp. MC521		MC521					NCBI Prokaryotic Genome Annotation Pipeline (PGAP)	Contig	2021-01-02	JAEMEB01	38
ASM1645723v1	GCF_016457235.1	GCA_016457235.1	Devosia sp. MC521		MC521					GCF_016457235.1-RS_2024_06_08	Contig	2021-01-02	JAEMEB01	38
ASM73558v1	GCA_000735585.1	GCF_000735585.1	Devosia sp. LC5		LC5					Annotation submitted by Monash University Malaysia	Contig	2014-07-28	JNNO01	47
ASM73558v1	GCF_000735585.1	GCA_000735585.1	Devosia sp. LC5		LC5					GCF_000735585.1-RS_2024_06_01	Contig	2014-07-28	JNNO01	47
KI_Gwil_MAG_1.0 Devosia_sp RCC3390_8c	GCA_051016205.1		Devosia sp.					RCC3390_8c		NCBI Prokaryotic Genome Annotation Pipeline (PGAP)	Complete Genome	2025-06-21		1
ASM118520v1	GCA_001185205.1	GCF_001185205.1	Devosia sp. H5989		H5989					NCBI Prokaryotic Genome Annotation Pipeline (PGAP)	Complete Genome	2015-07-22		1
ASM118520v1	GCF_001185205.1	GCA_001185205.1	Devosia sp. H5989		H5989					NCBI Prokaryotic Genome Annotation Pipeline (PGAP)	Complete Genome	2015-07-22		1
ASM1408388v1	GCA_014083885.1	GCF_014083885.1	Devosia sp. D6-9		D6-9					NCBI Prokaryotic Genome Annotation Pipeline (PGAP)	Complete Genome	2020-08-06		1
ASM1408388v1	GCF_014083885.1	GCA_014083885.1	Devosia sp. D6-9		D6-9					NCBI Prokaryotic Genome Annotation Pipeline (PGAP)	Complete Genome	2020-08-06		1
ASM2920240v1	GCA_029202405.1	GCF_029202405.1	Candidatus Devosia phytovorans					MAG_4196		NCBI Prokaryotic Genome Annotation Pipeline (PGAP)	Complete Genome	2023-03-14		1
ASM2920240v1	GCF_029202405.1	GCA_029202405.1	Candidatus Devosia phytovorans					MAG_4196		NCBI Prokaryotic Genome Annotation Pipeline (PGAP)	Complete Genome	2023-03-14		1
piParBurs1.Devosia_sp_1.1	GCA_965229025.1	GCF_965229025.1	Devosia sp.					3d186a37-0bcd-4ac1-b259-f5c9590ee027			Complete Genome	2025-03-25		1
piParBurs1.Devosia_sp_1.1	GCF_965229025.1	GCA_965229025.1	Devosia sp.					3d186a37-0bcd-4ac1-b259-f5c9590ee027		GCF_965229025.1-RS_2025_04_03	Complete Genome	2025-03-25		1
ASM2545225v1	GCA_025452255.1		Devosia sp. A8/3-2		A8/3-2					NCBI Prokaryotic Genome Annotation Pipeline (PGAP)	Complete Genome	2022-09-28		2
ASM5717568v1	GCA_057175685.1		Devosia sp.					F17_MAG_28		NCBI Prokaryotic Genome Annotation Pipeline (PGAP)	Complete Genome	2026-05-02	JBXSAS01	1
ASM2580905v1	GCA_025809055.1	GCF_025809055.1	Devosia sp.					TGS_PRO11		NCBI Prokaryotic Genome Annotation Pipeline (PGAP)	Chromosome	2022-10-24		1
ASM2580905v1	GCF_025809055.1	GCA_025809055.1	Devosia sp.					TGS_PRO11		GCF_025809055.1-RS_2024_07_15	Chromosome	2022-10-24		1
ASM1779470v1	GCA_017794705.1		Devosia sp.					ih3			Chromosome	2021-04-06		1
SRR6201692_bin.12_MetaBAT_v2.12.1_MAG	GCA_913055185.1		Devosia lucknowensis					SRR6201692_bin.12_MetaBAT_v2.12.1_MAG			Contig	2021-09-22	CAJXJT01	40
ERR2094164_bin.7_CONCOCT_v1.1_MAG	GCA_937124515.1		Devosia lucknowensis					ERR2094164_bin.7_CONCOCT_v1.1_MAG			Contig	2023-01-11	CAKZKX01	345
ASM3265462v1	GCA_032654625.1	GCF_032654625.1	Devosia sp.					MAG.19			Contig	2023-10-13	JAULAY01	1
ASM3265462v1	GCF_032654625.1	GCA_032654625.1	Devosia sp.					MAG.19		GCF_032654625.1-RS_2025_01_07	Contig	2023-10-13	JAULAY01	1
ASM5907048v1	GCA_059070485.1	GCF_059070485.1	Devosia sp.					TerP_2		NCBI Prokaryotic Genome Annotation Pipeline (PGAP)	Contig	2026-07-07	JCACVZ01	1
ASM5907048v1	GCF_059070485.1	GCA_059070485.1	Devosia sp.					TerP_2		GCF_059070485.1-RS_2026_07_09	Contig	2026-07-07	JCACVZ01	1
ERR9968751_bin.3_MetaWRAP_v1.3_MAG	GCA_963517015.1	GCF_963517015.1	uncultured Devosia sp.					ERR9968751_bin.3_MetaWRAP_v1.3_MAG			Contig	2023-10-01	CAUQDV01	4
ERR9968751_bin.3_MetaWRAP_v1.3_MAG	GCF_963517015.1	GCA_963517015.1	uncultured Devosia sp.					ERR9968751_bin.3_MetaWRAP_v1.3_MAG		NCBI Prokaryotic Genome Annotation Pipeline (PGAP)	Contig	2023-10-01	CAUQDV01	4
ASM5950148v1	GCA_059501485.1	GCF_059501485.1	Devosia sp.					MAG-193		NCBI Prokaryotic Genome Annotation Pipeline (PGAP)	Contig	2026-07-17	JCACCS01	14
ASM5950148v1	GCF_059501485.1	GCA_059501485.1	Devosia sp.					MAG-193		GCF_059501485.1-RS_2026_07_19	Contig	2026-07-17	JCACCS01	14
ASM189904v1	GCA_001899045.1	GCF_001899045.1	Devosia sp. 63-57					63-57		NCBI Prokaryotic Genome Annotation Pipeline (PGAP)	Scaffold	2016-12-09	MKUY01	8
ASM189904v1	GCF_001899045.1	GCA_001899045.1	Devosia sp. 63-57					63-57		GCF_001899045.1-RS_2024_07_04	Scaffold	2016-12-09	MKUY01	8
ASM5949996v1	GCA_059499965.1		Devosia sp.					MAG-282		NCBI Prokaryotic Genome Annotation Pipeline (PGAP)	Scaffold	2026-07-17	JCABZO01	14
ASM1730753v1	GCA_017307535.1	GCF_017307535.1	Devosia sp.					SCN18_30_10_14_R3_B_66_58		NCBI Prokaryotic Genome Annotation Pipeline (PGAP)	Contig	2021-03-08	JAFKHA01	18
ASM1730753v1	GCF_017307535.1	GCA_017307535.1	Devosia sp.					SCN18_30_10_14_R3_B_66_58		GCF_017307535.1-RS_2024_07_17	Contig	2021-03-08	JAFKHA01	18
ASM2470712v1	GCA_024707125.1	GCF_024707125.1	Devosia sp.					46_gen_cov.3		NCBI Prokaryotic Genome Annotation Pipeline (PGAP)	Contig	2022-08-17	JANQAH01	13
ASM2470712v1	GCF_024707125.1	GCA_024707125.1	Devosia sp.					46_gen_cov.3		GCF_024707125.1-RS_2024_07_18	Contig	2022-08-17	JANQAH01	13
ASM2470710v1	GCA_024707105.1	GCF_024707105.1	Devosia ginsengisoli					46_gen_w_cov.5		NCBI Prokaryotic Genome Annotation Pipeline (PGAP)	Contig	2022-08-17	JANQAJ01	15
ASM2470710v1	GCF_024707105.1	GCA_024707105.1	Devosia ginsengisoli					46_gen_w_cov.5		GCF_024707105.1-RS_2024_08_11	Contig	2022-08-17	JANQAJ01	15
ASM5950336v1	GCA_059503365.1	GCF_059503365.1	Devosia sp.					MAG-88		NCBI Prokaryotic Genome Annotation Pipeline (PGAP)	Scaffold	2026-07-17	JCACGO01	25
ASM5950336v1	GCF_059503365.1	GCA_059503365.1	Devosia sp.					MAG-88		GCF_059503365.1-RS_2026_07_19	Scaffold	2026-07-17	JCACGO01	25
ASM5950234v1	GCA_059502345.1	GCF_059502345.1	Devosia sp.					MAG-440		NCBI Prokaryotic Genome Annotation Pipeline (PGAP)	Scaffold	2026-07-17	JCACEM01	27
ASM5950234v1	GCF_059502345.1	GCA_059502345.1	Devosia sp.					MAG-440		GCF_059502345.1-RS_2026_07_19	Scaffold	2026-07-17	JCACEM01	27
SRR3901698_bin.80_CONCOCT_v1.1_MAG	GCA_937879835.1	GCF_937879835.1	uncultured Devosia sp.					SRR3901698_bin.80_CONCOCT_v1.1_MAG			Contig	2023-01-11	CALFMG01	13
SRR3901698_bin.80_CONCOCT_v1.1_MAG	GCF_937879835.1	GCA_937879835.1	uncultured Devosia sp.					SRR3901698_bin.80_CONCOCT_v1.1_MAG		GCF_937879835.1-RS_2024_07_05	Contig	2023-01-11	CALFMG01	13
ASM5950068v1	GCA_059500685.1	GCF_059500685.1	Devosia sp.					MAG-239		NCBI Prokaryotic Genome Annotation Pipeline (PGAP)	Scaffold	2026-07-17	JCACBB01	43
ASM5950068v1	GCF_059500685.1	GCA_059500685.1	Devosia sp.					MAG-239		GCF_059500685.1-RS_2026_07_19	Scaffold	2026-07-17	JCACBB01	43
ASM3656343v1	GCA_036563435.1	GCF_036563435.1	Devosia sp.					SMAG_U7146		NCBI Prokaryotic Genome Annotation Pipeline (PGAP)	Contig	2024-02-12	DATCMJ01	20
ASM3656343v1	GCF_036563435.1	GCA_036563435.1	Devosia sp.					SMAG_U7146		GCF_036563435.1-RS_2025_04_07	Contig	2024-02-12	DATCMJ01	20
MarMAG_016617	GCA_977256975.1	GCF_977256975.1	Devosia litorisediminis					MarMAG_016617			Scaffold	2026-02-25	CDSWHV01	16
MarMAG_016617	GCF_977256975.1	GCA_977256975.1	Devosia litorisediminis					MarMAG_016617		GCF_977256975.1-RS_2026_05_08	Scaffold	2026-02-25	CDSWHV01	16
ASM5950438v1	GCA_059504385.1		Devosia sp.					MAG-29		NCBI Prokaryotic Genome Annotation Pipeline (PGAP)	Scaffold	2026-07-17	JCACIQ01	15
ASM1730747v1	GCA_017307475.1	GCF_017307475.1	Devosia sp.					SCN18_26_2_15_R2_B_67_34		NCBI Prokaryotic Genome Annotation Pipeline (PGAP)	Scaffold	2021-03-08	JAFKHC01	16
ASM1730747v1	GCF_017307475.1	GCA_017307475.1	Devosia sp.					SCN18_26_2_15_R2_B_67_34		GCF_017307475.1-RS_2024_07_18	Scaffold	2021-03-08	JAFKHC01	16
ASM189907v1	GCA_001899075.1	GCF_001899075.1	Devosia sp. 67-54					67-54		NCBI Prokaryotic Genome Annotation Pipeline (PGAP)	Scaffold	2016-12-09	MKVA01	12
ASM189907v1	GCF_001899075.1	GCA_001899075.1	Devosia sp. 67-54					67-54		GCF_001899075.1-RS_2024_07_15	Scaffold	2016-12-09	MKVA01	12
ASM1671310v1	GCA_016713105.1		Devosia sp.					Fred_18-Q3-R57-64_BATAC.601		NCBI Prokaryotic Genome Annotation Pipeline (PGAP)	Contig	2021-01-19	JADJPS01	23
ASM5950026v1	GCA_059500265.1		Devosia sp.					MAG-265		NCBI Prokaryotic Genome Annotation Pipeline (PGAP)	Scaffold	2026-07-17	JCACAF01	15
ERR2762110_binner23_Refined_70	GCA_963975395.1	GCF_963975395.1	uncultured Devosia sp.					ERR2762110_binner23_Refined_70			Contig	2024-03-10	CAXBGK01	13
ERR2762110_binner23_Refined_70	GCF_963975395.1	GCA_963975395.1	uncultured Devosia sp.					ERR2762110_binner23_Refined_70		GCF_963975395.1-RS_2024_04_06	Contig	2024-03-10	CAXBGK01	13
JJ-MEM5D2-223-7-m1-bin346	GCA_943372435.1		Devosia equisanguinis					JJ-MEM5D2-223-7-m1-bin346			Contig	2024-04-20	CALRYQ01	17
ASM5186108v1	GCA_051861085.1	GCF_051861085.1	Devosia sp.					CCAP1427_2_bin-006			Scaffold	2025-08-07	JBIMKS01	69
ASM5186108v1	GCF_051861085.1	GCA_051861085.1	Devosia sp.					CCAP1427_2_bin-006		GCF_051861085.1-RS_2025_08_08	Scaffold	2025-08-07	JBIMKS01	69
ASM5950230v1	GCA_059502305.1	GCF_059502305.1	Devosia sp.					MAG-388		NCBI Prokaryotic Genome Annotation Pipeline (PGAP)	Scaffold	2026-07-17	JCACEK01	34
ASM5950230v1	GCF_059502305.1	GCA_059502305.1	Devosia sp.					MAG-388		GCF_059502305.1-RS_2026_07_19	Scaffold	2026-07-17	JCACEK01	34
ASM5950152v1	GCA_059501525.1		Devosia sp.					MAG-192		NCBI Prokaryotic Genome Annotation Pipeline (PGAP)	Scaffold	2026-07-17	JCACCT01	21
ASM1774465v1	GCA_017744655.1	GCF_017744655.1	Devosia sp.					BIN32		NCBI Prokaryotic Genome Annotation Pipeline (PGAP)	Scaffold	2021-04-04	JAGIAW01	14
ASM1774465v1	GCF_017744655.1	GCA_017744655.1	Devosia sp.					BIN32		GCF_017744655.1-RS_2024_07_19	Scaffold	2021-04-04	JAGIAW01	14
ASM4761697v1	GCA_047616975.1		Devosia litorisediminis					3300055174_68		Annotation submitted by University of East Anglia	Contig	2025-02-10	JBLGCD01	13
ASM4191667v1	GCA_041916675.1		Devosia sp.					EBPR_s472bin.20			Contig	2024-09-13	JAYRZB01	18
ASM5357971v1	GCA_053579715.1	GCF_053579715.1	Devosia sp.					MAG_glacier_58		NCBI Prokaryotic Genome Annotation Pipeline (PGAP)	Contig	2025-11-21	JBMDWB01	32
ASM5357971v1	GCF_053579715.1	GCA_053579715.1	Devosia sp.					MAG_glacier_58		GCF_053579715.1-RS_2025_11_22	Contig	2025-11-21	JBMDWB01	32
ASM5355021v1	GCA_053550215.1	GCF_053550215.1	Devosia sp.					isolate1_meta_1_34		NCBI Prokaryotic Genome Annotation Pipeline (PGAP)	Contig	2025-11-18	JBMQPQ01	25
ASM5355021v1	GCF_053550215.1	GCA_053550215.1	Devosia sp.					isolate1_meta_1_34		GCF_053550215.1-RS_2025_11_19	Contig	2025-11-18	JBMQPQ01	25
ASM3599857v1	GCA_035998575.1		Devosia sp.					SMAG_U4240		NCBI Prokaryotic Genome Annotation Pipeline (PGAP)	Contig	2024-01-23	DASYHM01	27
ASM4021835v1	GCA_040218355.1		Devosia sp.					D1-CHI-27		NCBI Prokaryotic Genome Annotation Pipeline (PGAP)	Contig	2024-06-17	JAVJRP01	25
ASM4022371v1	GCA_040223715.1	GCF_040223715.1	Devosia marina					F1-TOW-06		NCBI Prokaryotic Genome Annotation Pipeline (PGAP)	Contig	2024-06-17	JAVKFR01	34
ASM4022371v1	GCF_040223715.1	GCA_040223715.1	Devosia marina					F1-TOW-06		GCF_040223715.1-RS_2025_06_20	Contig	2024-06-17	JAVKFR01	34
ASM1730749v1	GCA_017307495.1	GCF_017307495.1	Devosia sp.					SCN18_30_10_14_R3_P_66_71		NCBI Prokaryotic Genome Annotation Pipeline (PGAP)	Contig	2021-03-08	JAFKHE01	40
ASM1730749v1	GCF_017307495.1	GCA_017307495.1	Devosia sp.					SCN18_30_10_14_R3_P_66_71		GCF_017307495.1-RS_2024_07_18	Contig	2021-03-08	JAFKHE01	40
public_SRR11456921_metawrap_bin.9	GCA_964244875.1	GCF_964244875.1	uncultured Devosia sp.					public_SRR11456921_metawrap_bin.9			Contig	2024-09-21	CAXTKA01	25
public_SRR11456921_metawrap_bin.9	GCF_964244875.1	GCA_964244875.1	uncultured Devosia sp.					public_SRR11456921_metawrap_bin.9		GCF_964244875.1-RS_2024_09_23	Contig	2024-09-21	CAXTKA01	25
ASM5950124v1	GCA_059501245.1		Devosia sp.					MAG-206		NCBI Prokaryotic Genome Annotation Pipeline (PGAP)	Scaffold	2026-07-17	JCACCF01	464
ASM5950168v1	GCA_059501685.1		Devosia sp.					MAG-183		NCBI Prokaryotic Genome Annotation Pipeline (PGAP)	Scaffold	2026-07-17	JCACDC01	33
ASM2829062v1	GCA_028290625.1	GCF_028290625.1	Devosia sp.					RYN_485		Annotation submitted by Colorado State University	Contig	2023-01-30	JAQGJM01	60
ASM2829062v1	GCF_028290625.1	GCA_028290625.1	Devosia sp.					RYN_485		GCF_028290625.1-RS_2024_07_15	Contig	2023-01-30	JAQGJM01	60
SRR3901706_bin.58_CONCOCT_v1.1_MAG	GCA_938009725.1	GCF_938009725.1	uncultured Devosia sp.					SRR3901706_bin.58_CONCOCT_v1.1_MAG			Contig	2023-01-11	CALLIW01	52
SRR3901706_bin.58_CONCOCT_v1.1_MAG	GCF_938009725.1	GCA_938009725.1	uncultured Devosia sp.					SRR3901706_bin.58_CONCOCT_v1.1_MAG		GCF_938009725.1-RS_2024_07_18	Contig	2023-01-11	CALLIW01	52
ASM5950046v1	GCA_059500465.1	GCF_059500465.1	Devosia sp.					MAG-402		NCBI Prokaryotic Genome Annotation Pipeline (PGAP)	Scaffold	2026-07-17	JCACAP01	34
ASM5950046v1	GCF_059500465.1	GCA_059500465.1	Devosia sp.					MAG-402		GCF_059500465.1-RS_2026_07_19	Scaffold	2026-07-17	JCACAP01	34
ASM189906v1	GCA_001899065.1	GCF_001899065.1	Devosia sp. 66-22					66-22		NCBI Prokaryotic Genome Annotation Pipeline (PGAP)	Scaffold	2016-12-09	MKUZ01	31
ASM189906v1	GCF_001899065.1	GCA_001899065.1	Devosia sp. 66-22					66-22		GCF_001899065.1-RS_2024_07_15	Scaffold	2016-12-09	MKUZ01	31
ASM5609521v1	GCA_056095215.1		Devosia equisanguinis					bin_qSIP_UBC.71			Contig	2026-03-16	JBFLRV01	54
ASM1523442v1	GCA_015234425.1	GCF_015234425.1	Devosia sp.					N26CT		NCBI Prokaryotic Genome Annotation Pipeline (PGAP)	Scaffold	2020-11-04	JADGNE01	74
ASM1523442v1	GCF_015234425.1	GCA_015234425.1	Devosia sp.					N26CT		GCF_015234425.1-RS_2024_07_18	Scaffold	2020-11-04	JADGNE01	74
binchicken_co214_15	GCA_964399695.1		uncultured Devosia sp.					binchicken_co214_15			Scaffold	2025-01-12	CAYNRZ01	47
ASM4826145v1	GCA_048261455.1	GCF_048261455.1	Devosia sp.					ET04-05			Scaffold	2025-02-28	JBLXGA01	40
ASM4826145v1	GCF_048261455.1	GCA_048261455.1	Devosia sp.					ET04-05		GCF_048261455.1-RS_2025_03_02	Scaffold	2025-02-28	JBLXGA01	40
ASM74351v1	GCA_000743515.1	GCF_000743515.1	Devosia sp. 17-2-E-8		17-2-E-8					NCBI Prokaryotic Genome Annotation Pipeline (PGAP)	Scaffold	2014-08-25	JQGB01	124
ASM74351v1	GCF_000743515.1	GCA_000743515.1	Devosia sp. 17-2-E-8		17-2-E-8					NCBI Prokaryotic Genome Annotation Pipeline (PGAP)	Scaffold	2014-08-25	JQGB01	124
ASM4422439v1	GCA_044224395.1		Devosia sp.					MAG_MBR_H10.15			Scaffold	2024-11-01	JBGAKM01	41
ASM2829066v1	GCA_028290665.1		Devosia sp.					RYN_483		Annotation submitted by Colorado State University	Contig	2023-01-30	JAQGJK01	28
ASM5950036v1	GCA_059500365.1		Devosia sp.					MAG-260		NCBI Prokaryotic Genome Annotation Pipeline (PGAP)	Scaffold	2026-07-17	JCACAK01	98
ASM1679362v1	GCA_016793625.1	GCF_016793625.1	Devosia sp.					new MAG-136		NCBI Prokaryotic Genome Annotation Pipeline (PGAP)	Contig	2021-02-01	JAEUMB01	68
ASM1679362v1	GCF_016793625.1	GCA_016793625.1	Devosia sp.					new MAG-136		GCF_016793625.1-RS_2024_07_13	Contig	2021-02-01	JAEUMB01	68
ASM4191669v1	GCA_041916695.1		Devosia sp.					EBPR_s472bin.1			Contig	2024-09-13	JAYRZA01	87
DevNy.1	GCA_000689495.1	GCF_000689495.1	Devosia sp. DBB001		DDB001						Contig	2014-05-05	CCAO01	95
DevNy.1	GCF_000689495.1	GCA_000689495.1	Devosia sp. DBB001		DDB001					NCBI Prokaryotic Genome Annotation Pipeline (PGAP)	Contig	2014-05-05	CCAO01	95
ASM1486016v1	GCA_014860165.1	GCF_014860165.1	Devosia sp.					MAG39		NCBI Prokaryotic Genome Annotation Pipeline (PGAP)	Contig	2020-10-07	JACZKG01	87
ASM1486016v1	GCF_014860165.1	GCA_014860165.1	Devosia sp.					MAG39		GCF_014860165.1-RS_2024_07_15	Contig	2020-10-07	JACZKG01	87
ASM3129152v1	GCA_031291525.1		Devosia sp.					MAG_CA30		NCBI Prokaryotic Genome Annotation Pipeline (PGAP)	Contig	2023-09-08	JARLIX01	392
SRR18156209_concoct_62	GCA_966212275.1		uncultured Devosia sp.					SRR18156209_concoct_62			Contig	2025-08-22	CBIHQV01	72
ASM189908v1	GCA_001899085.1	GCF_001899085.1	Devosia sp. 66-14					66-14		NCBI Prokaryotic Genome Annotation Pipeline (PGAP)	Scaffold	2016-12-09	MKVB01	13
ASM189908v1	GCF_001899085.1	GCA_001899085.1	Devosia sp. 66-14					66-14		GCF_001899085.1-RS_2024_07_15	Scaffold	2016-12-09	MKVB01	13
ASM1621350v1	GCA_016213505.1		Devosia nanyangense					NC_groundwater_1586_Pr3_B-0.1um_66_15		NCBI Prokaryotic Genome Annotation Pipeline (PGAP)	Contig	2020-12-21	JACRAF01	69
MAG-Devosia_sp_nbed14b33	GCA_902168155.1		uncultured Devosia sp.					Devosia_sp_nbed14b33			Contig	2019-07-18	CABHOQ01	80
ASM5949690v1	GCA_059496905.1	GCF_059496905.1	Devosia sp.					MAG-363		NCBI Prokaryotic Genome Annotation Pipeline (PGAP)	Scaffold	2026-07-17	JCABWP01	98
ASM5949690v1	GCF_059496905.1	GCA_059496905.1	Devosia sp.					MAG-363		GCF_059496905.1-RS_2026_07_19	Scaffold	2026-07-17	JCABWP01	98
SRR3901701_bin.62_CONCOCT_v1.1_MAG	GCA_937906035.1	GCF_937906035.1	uncultured Devosia sp.					SRR3901701_bin.62_CONCOCT_v1.1_MAG			Contig	2023-01-12	CALCWK01	98
SRR3901701_bin.62_CONCOCT_v1.1_MAG	GCF_937906035.1	GCA_937906035.1	uncultured Devosia sp.					SRR3901701_bin.62_CONCOCT_v1.1_MAG		GCF_937906035.1-RS_2024_07_16	Contig	2023-01-12	CALCWK01	98
ASM2829043v1	GCA_028290435.1	GCF_028290435.1	Devosia sp.					RYN_494		Annotation submitted by Colorado State University	Contig	2023-01-30	JAQGJV01	99
ASM2829043v1	GCF_028290435.1	GCA_028290435.1	Devosia sp.					RYN_494		GCF_028290435.1-RS_2024_07_18	Contig	2023-01-30	JAQGJV01	99
ASM5460519v1	GCA_054605195.1	GCF_054605195.1	Devosia sp.					ML34-012-05		NCBI Prokaryotic Genome Annotation Pipeline (PGAP)	Scaffold	2026-01-21	JBTSEP01	97
ASM5460519v1	GCF_054605195.1	GCA_054605195.1	Devosia sp.					ML34-012-05		GCF_054605195.1-RS_2026_01_30	Scaffold	2026-01-21	JBTSEP01	97
ASM3991604v1	GCA_039916045.1	GCF_039916045.1	Devosia sp.					cluster1_bin.385		NCBI Prokaryotic Genome Annotation Pipeline (PGAP)	Contig	2024-05-29	JBDSMD01	78
ASM3991604v1	GCF_039916045.1	GCA_039916045.1	Devosia sp.					cluster1_bin.385		GCF_039916045.1-RS_2024_05_31	Contig	2024-05-29	JBDSMD01	78
ASM3992795v1	GCA_039927955.1	GCF_039927955.1	Devosia sp.					cluster1_bin.570		NCBI Prokaryotic Genome Annotation Pipeline (PGAP)	Contig	2024-05-29	JBDSUA01	78
ASM3992795v1	GCF_039927955.1	GCA_039927955.1	Devosia sp.					cluster1_bin.570		GCF_039927955.1-RS_2024_12_02	Contig	2024-05-29	JBDSUA01	78
ASM5357973v1	GCA_053579735.1	GCF_053579735.1	Devosia sp.					MAG_glacier_57		NCBI Prokaryotic Genome Annotation Pipeline (PGAP)	Contig	2025-11-21	JBMDWA01	89
ASM5357973v1	GCF_053579735.1	GCA_053579735.1	Devosia sp.					MAG_glacier_57		GCF_053579735.1-RS_2025_11_22	Contig	2025-11-21	JBMDWA01	89
ASM3594484v1	GCA_035944845.1	GCF_035944845.1	Devosia sp.					SMAG_U6398		NCBI Prokaryotic Genome Annotation Pipeline (PGAP)	Contig	2024-01-22	DASZAW01	144
ASM3594484v1	GCF_035944845.1	GCA_035944845.1	Devosia sp.					SMAG_U6398		GCF_035944845.1-RS_2025_04_07	Contig	2024-01-22	DASZAW01	144
ASM5736160v1	GCA_057361605.1		Devosia sp.					isolate7_meta_2_6		NCBI Prokaryotic Genome Annotation Pipeline (PGAP)	Contig	2026-05-08	JBMQRU01	51
SRR6201692_bin.23_MetaBAT_v2.12.1_MAG	GCA_913055165.1	GCF_913055165.1	uncultured Devosia sp.					SRR6201692_bin.23_MetaBAT_v2.12.1_MAG			Contig	2021-09-22	CAJXJS01	123
SRR6201692_bin.23_MetaBAT_v2.12.1_MAG	GCF_913055165.1	GCA_913055165.1	uncultured Devosia sp.					SRR6201692_bin.23_MetaBAT_v2.12.1_MAG		GCF_913055165.1-RS_2024_07_13	Contig	2021-09-22	CAJXJS01	123
MarMAG_016615	GCA_977243345.1	GCF_977243345.1	Devosia litorisediminis					MarMAG_016615			Scaffold	2026-02-25	CDSUHQ01	94
MarMAG_016615	GCF_977243345.1	GCA_977243345.1	Devosia litorisediminis					MarMAG_016615		GCF_977243345.1-RS_2026_06_24	Scaffold	2026-02-25	CDSUHQ01	94
ASM5563331v1	GCA_055633315.1	GCF_055633315.1	Devosia sp.					ML34-006-05		NCBI Prokaryotic Genome Annotation Pipeline (PGAP)	Scaffold	2026-03-02	JBVKGV01	111
ASM5563331v1	GCF_055633315.1	GCA_055633315.1	Devosia sp.					ML34-006-05		GCF_055633315.1-RS_2026_03_05	Scaffold	2026-03-02	JBVKGV01	111
binchicken_co165_338	GCA_964498125.1		uncultured Devosia sp.					binchicken_co165_338			Contig	2025-01-14	CAZCGE01	148
ASM5735870v1	GCA_057358705.1		Devosia sp.					isolate4_meta_2_48		NCBI Prokaryotic Genome Annotation Pipeline (PGAP)	Contig	2026-05-08	JBMQUL01	97
ASM3554985v1	GCA_035549855.1		Devosia sp.					SMAG_U5983		NCBI Prokaryotic Genome Annotation Pipeline (PGAP)	Contig	2024-01-11	DASZPY01	106
BERT20-1_SAMN15778598_MAG_00000116	GCA_982658275.1	GCF_982658275.1	Devosia sp.					BERT20-1_SAMN15778598_MAG_00000116			Scaffold	2026-05-05	CEXHZR01	115
BERT20-1_SAMN15778598_MAG_00000116	GCF_982658275.1	GCA_982658275.1	Devosia sp.					BERT20-1_SAMN15778598_MAG_00000116		GCF_982658275.1-RS_2026_05_07	Scaffold	2026-05-05	CEXHZR01	115
ASM5460301v1	GCA_054603015.1	GCF_054603015.1	Devosia indica					Devi2KO		Annotation submitted by Nagoya university	Contig	2025-06-12	BAAHQQ01	241
ASM5460301v1	GCF_054603015.1	GCA_054603015.1	Devosia indica					Devi2KO		GCF_054603015.1-RS_2026_01_30	Contig	2025-06-12	BAAHQQ01	241
ASM4008159v1	GCA_040081595.1		Devosia sp.					ASF_14		NCBI Prokaryotic Genome Annotation Pipeline (PGAP)	Contig	2024-06-05	JBEBGE01	140
ASM5130277v1	GCA_051302775.1	GCF_051302775.1	Devosia sp.					3300055174_60		Annotation submitted by University of East Anglia	Contig	2025-07-11	JBNMEO01	134
ASM5130277v1	GCF_051302775.1	GCA_051302775.1	Devosia sp.					3300055174_60		GCF_051302775.1-RS_2025_07_15	Contig	2025-07-11	JBNMEO01	134
ASM4964706v1	GCA_049647065.1		Devosia sp.					MFD04287_ilm_asm_bin2		NCBI Prokaryotic Genome Annotation Pipeline (PGAP)	Contig	2025-04-15	JBARWY01	239
ASM5736152v1	GCA_057361525.1		Devosia sp.					isolate7_meta_1_7		NCBI Prokaryotic Genome Annotation Pipeline (PGAP)	Contig	2026-05-08	JBMQRY01	140
ASM3667597v1	GCA_036675975.1		Devosia sp.					LC055			Contig	2024-02-16	JAKFDU01	249
SRP287051_co2_2	GCA_964574325.1		uncultured Devosia sp.					SRP287051_co2_2			Scaffold	2025-01-15	CAZNMY01	259
ASM3993495v1	GCA_039934955.1		Devosia sp.					cluster2_bin.91		NCBI Prokaryotic Genome Annotation Pipeline (PGAP)	Contig	2024-05-30	JBDTLB01	131
ASM3667621v1	GCA_036676215.1	GCF_036676215.1	Devosia sp.					LC044			Contig	2024-02-16	JAKFDJ01	236
ASM3667621v1	GCF_036676215.1	GCA_036676215.1	Devosia sp.					LC044		GCF_036676215.1-RS_2025_08_26	Contig	2024-02-16	JAKFDJ01	236
ASM5735698v1	GCA_057356985.1		Devosia sp.					isolate26_meta_2_36		NCBI Prokaryotic Genome Annotation Pipeline (PGAP)	Contig	2026-05-08	JBMQWF01	165
ASM3993827v1	GCA_039938275.1		Devosia sp.					cluster2_bin.210		NCBI Prokaryotic Genome Annotation Pipeline (PGAP)	Contig	2024-05-30	JBDTEV01	246
ASM3991867v1	GCA_039918675.1		Devosia sp.					cluster1_bin.267		NCBI Prokaryotic Genome Annotation Pipeline (PGAP)	Contig	2024-05-29	JBDSHC01	170
ASM3991660v1	GCA_039916605.1		Devosia sp.					cluster1_bin.36		NCBI Prokaryotic Genome Annotation Pipeline (PGAP)	Contig	2024-05-29	JBDSLB01	190
ASM2505057v1	GCA_025050575.1		Candidatus Devosia symbiotica					Na2		NCBI Prokaryotic Genome Annotation Pipeline (PGAP)	Contig	2022-09-07	JALBVE01	139
ASM3068974v1	GCA_030689745.1	GCF_030689745.1	Devosia sp.					C24_concoct.bin.2		NCBI Prokaryotic Genome Annotation Pipeline (PGAP)	Contig	2023-08-08	JAUYGL01	241
ASM3068974v1	GCF_030689745.1	GCA_030689745.1	Devosia sp.					C24_concoct.bin.2		GCF_030689745.1-RS_2024_08_21	Contig	2023-08-08	JAUYGL01	241
ASM3556513v1	GCA_035565135.1		Devosia sp.					SMAG_U12998		NCBI Prokaryotic Genome Annotation Pipeline (PGAP)	Contig	2024-01-11	DATMSY01	230
ASM5195327v1	GCA_051953275.1		Devosia sp.					bin894		NCBI Prokaryotic Genome Annotation Pipeline (PGAP)	Contig	2025-08-12	JBQCIY01	246
ASM172418v1	GCA_001724185.1		Devosia sp. SCN 66-27							NCBI Prokaryotic Genome Annotation Pipeline (PGAP)	Scaffold	2016-09-13	MEDU01	254
ASM3640615v1	GCA_036406155.1	GCF_036406155.1	Devosia sp.					SMAG_U3639		NCBI Prokaryotic Genome Annotation Pipeline (PGAP)	Contig	2024-02-05	DASWVV01	250
ASM3640615v1	GCF_036406155.1	GCA_036406155.1	Devosia sp.					SMAG_U3639		GCF_036406155.1-RS_2025_04_07	Contig	2024-02-05	DASWVV01	250
ASM2612612v1	GCA_026126125.1		Devosia sp.					TGS_PRO12		NCBI Prokaryotic Genome Annotation Pipeline (PGAP)	Contig	2022-11-10	JAHCJW01	302
ASM5736096v1	GCA_057360965.1		Devosia sp.					isolate47_meta_1_24		NCBI Prokaryotic Genome Annotation Pipeline (PGAP)	Contig	2026-05-08	JBMQSZ01	225
ASM5512944v1	GCA_055129445.1		Devosia sp.					BOW-1_PF_day65_bin.77			Contig	2026-02-14	JBSRTY01	233
MH-08apr19-168	GCA_945862355.1		Devosia equisanguinis					MH-08apr19-168			Scaffold	2022-09-09	CAMAYR01	353
ASM4191691v1	GCA_041916915.1		Devosia sp.					EBPR_s431bin.7			Scaffold	2024-09-13	JAYRYQ01	324
ASM5355065v1	GCA_053550655.1		Devosia sp.					isolate1_meta_1_82		NCBI Prokaryotic Genome Annotation Pipeline (PGAP)	Contig	2025-11-18	JBMQOU01	168
ASM3554875v1	GCA_035548755.1		Devosia sp.					SMAG_U6045		NCBI Prokaryotic Genome Annotation Pipeline (PGAP)	Contig	2024-01-11	DASZSH01	229
MH-09jul19-70	GCA_945889015.1		Devosia equisanguinis					MH-09jul19-70			Contig	2022-09-10	CAMDBL01	360
ASM1565767v1	GCA_015657675.1		Devosia sp.					Bin1			Contig	2020-11-23	JACDQI01	317
ASM3543306v1	GCA_035433065.1		Devosia sp.					AMR_MDS_5270		NCBI Prokaryotic Genome Annotation Pipeline (PGAP)	Scaffold	2024-01-09	DAORUH01	213
binchicken_co54_470	GCA_964570695.1		uncultured Devosia sp.					binchicken_co54_470			Scaffold	2025-01-12	CAZNAE01	231
ASM3667552v1	GCA_036675525.1	GCF_036675525.1	Devosia sp.					LC081			Contig	2024-02-16	JAKFEU01	435
ASM3667552v1	GCF_036675525.1	GCA_036675525.1	Devosia sp.					LC081		GCF_036675525.1-RS_2025_08_26	Contig	2024-02-16	JAKFEU01	435
ASM4008118v1	GCA_040081185.1		Devosia sp.					ATF_12		NCBI Prokaryotic Genome Annotation Pipeline (PGAP)	Contig	2024-06-05	JBEBHC01	468
ERR5385031_binner23_Refined_8	GCA_965650055.1		uncultured Devosia sp.					ERR5385031_binner23_Refined_8			Contig	2025-07-31	CBFGMY01	346
ASM3992008v1	GCA_039920085.1		Devosia sp.					cluster1_bin.202		NCBI Prokaryotic Genome Annotation Pipeline (PGAP)	Contig	2024-05-29	JBDSEK01	195
ASM3068099v1	GCA_030680995.1		Devosia sp.					C15_concoct.bin.117		NCBI Prokaryotic Genome Annotation Pipeline (PGAP)	Contig	2023-08-07	JAUXUM01	257
ASM3992195v1	GCA_039921955.1		Devosia sp.					cluster1_bin.118		NCBI Prokaryotic Genome Annotation Pipeline (PGAP)	Contig	2024-05-29	JBDSAV01	219
ASM3554767v1	GCA_035547675.1		Devosia sp.					SMAG_U6100		NCBI Prokaryotic Genome Annotation Pipeline (PGAP)	Contig	2024-01-11	DASZUI01	297
SRP263527_co2_191	GCA_964487765.1		uncultured Devosia sp.					SRP263527_co2_191			Scaffold	2025-01-12	CAZASR01	367
ASM3556475v1	GCA_035564755.1		Devosia sp.					SMAG_U13010		NCBI Prokaryotic Genome Annotation Pipeline (PGAP)	Contig	2024-01-11	DATMTK01	288
MarMAG_016616	GCA_977186645.1	GCF_977186645.1	Devosia litorisediminis					MarMAG_016616			Scaffold	2026-02-25	CDSLXM01	147
MarMAG_016616	GCF_977186645.1	GCA_977186645.1	Devosia litorisediminis					MarMAG_016616		GCF_977186645.1-RS_2026_06_24	Scaffold	2026-02-25	CDSLXM01	147
SRR17295757_maxbin2_10	GCA_965651655.1		uncultured Devosia sp.					SRR17295757_maxbin2_10			Contig	2025-07-31	CBFGTF01	359
ASM4050921v1	GCA_040509215.1	GCF_040509215.1	Devosia sp.					T4R2UO.40.metabat2		NCBI Prokaryotic Genome Annotation Pipeline (PGAP)	Contig	2024-07-03	JBEVLL01	411
ASM4050921v1	GCF_040509215.1	GCA_040509215.1	Devosia sp.					T4R2UO.40.metabat2		GCF_040509215.1-RS_2024_07_05	Contig	2024-07-03	JBEVLL01	411
ASM4191703v1	GCA_041917035.1	GCF_041917035.1	Devosia sp.					EBPR_s431bin.24			Scaffold	2024-09-13	JAYRYM01	456
ASM4191703v1	GCF_041917035.1	GCA_041917035.1	Devosia sp.					EBPR_s431bin.24		GCF_041917035.1-RS_2024_09_14	Scaffold	2024-09-13	JAYRYM01	456
ASM3554801v1	GCA_035548015.1		Devosia sp.					SMAG_U6080		NCBI Prokaryotic Genome Annotation Pipeline (PGAP)	Contig	2024-01-11	DASZTQ01	325
ASM4659430v1	GCA_046594305.1		Devosia sp.					ant_bin.602			Contig	2025-01-10	JBKJTB01	453
ASM1730763v1	GCA_017307635.1		Devosia sp.					SCN18_30_10_14_R3_P_66_9		NCBI Prokaryotic Genome Annotation Pipeline (PGAP)	Scaffold	2021-03-08	JAFKHB01	491
ASM5950174v1	GCA_059501745.1		Devosia sp.					MAG-181		NCBI Prokaryotic Genome Annotation Pipeline (PGAP)	Scaffold	2026-07-17	JCACDE01	587
ASM2829064v1	GCA_028290645.1	GCF_028290645.1	Devosia sp.					RYN_484		Annotation submitted by Colorado State University	Contig	2023-01-30	JAQGJL01	423
ASM2829064v1	GCF_028290645.1	GCA_028290645.1	Devosia sp.					RYN_484		GCF_028290645.1-RS_2024_07_14	Contig	2023-01-30	JAQGJL01	423
ASM4433942v1	GCA_044339425.1	GCF_044339425.1	Devosia sp.					ME2004-10-12_3300042433_group2_bin8			Contig	2024-11-04	JBIIVO01	397
ASM4433942v1	GCF_044339425.1	GCA_044339425.1	Devosia sp.					ME2004-10-12_3300042433_group2_bin8		GCF_044339425.1-RS_2024_11_05	Contig	2024-11-04	JBIIVO01	397
SRP128015_co1_164	GCA_964569865.1		uncultured Devosia sp.					SRP128015_co1_164			Scaffold	2025-01-09	CAZMVQ01	159
binchicken_co84_17	GCA_964428685.1		uncultured Devosia sp.					binchicken_co84_17			Contig	2025-01-11	CAYRZM01	330
binchicken_co214_23	GCA_964414845.1		uncultured Devosia sp.					binchicken_co214_23			Scaffold	2025-01-12	CAYPYV01	374
ASM5564350v1	GCA_055643505.1		Devosia sp.					SemiBin_447		NCBI Prokaryotic Genome Annotation Pipeline (PGAP)	Contig	2026-03-02	JBVLOU01	342
ASM3556551v1	GCA_035565515.1		Devosia sp.					SMAG_U12980		NCBI Prokaryotic Genome Annotation Pipeline (PGAP)	Contig	2024-01-11	DATMSG01	347
ASM5950214v1	GCA_059502145.1	GCF_059502145.1	Devosia sp.					MAG-157		NCBI Prokaryotic Genome Annotation Pipeline (PGAP)	Scaffold	2026-07-17	JCACEA01	457
ASM5950214v1	GCF_059502145.1	GCA_059502145.1	Devosia sp.					MAG-157		GCF_059502145.1-RS_2026_07_19	Scaffold	2026-07-17	JCACEA01	457
ASM5735582v1	GCA_057355825.1		Devosia sp.					isolate22_meta_2_39		NCBI Prokaryotic Genome Annotation Pipeline (PGAP)	Contig	2026-05-08	JBMQXH01	333
ASM5185920v1	GCA_051859205.1		Devosia sp.					SAMS01UC_bin-005			Scaffold	2025-08-07	JBHYGC01	525
ASM3599831v1	GCA_035998315.1		Devosia sp.					SMAG_U4249		NCBI Prokaryotic Genome Annotation Pipeline (PGAP)	Contig	2024-01-23	DASYHV01	353
ASM3565603v1	GCA_035656035.1		Devosia sp.					SMAG_U6858		NCBI Prokaryotic Genome Annotation Pipeline (PGAP)	Contig	2024-01-15	DASRTG01	392
ASM1132200v1	GCA_011322005.1		Devosia sp.					HyVt-528		NCBI Prokaryotic Genome Annotation Pipeline (PGAP)	Contig	2020-03-16	DROE01	334
ERR2762108_metabat2_133	GCA_963975335.1		uncultured Devosia sp.					ERR2762108_metabat2_133			Contig	2024-03-10	CAXBHD01	437
ASM4039272v1	GCA_040392725.1		Devosia ginsengisoli					T2.bin.251			Contig	2024-06-27	JBEBVN01	389
ASM1730694v1	GCA_017306945.1	GCF_017306945.1	Devosia sp.					SCN18_25_8_15_R2_B_67_10		NCBI Prokaryotic Genome Annotation Pipeline (PGAP)	Scaffold	2021-03-08	JAFKHF01	426
ASM1730694v1	GCF_017306945.1	GCA_017306945.1	Devosia sp.					SCN18_25_8_15_R2_B_67_10		GCF_017306945.1-RS_2024_07_13	Scaffold	2021-03-08	JAFKHF01	426
ASM1730756v1	GCA_017307565.1	GCF_017307565.1	Devosia sp.					SCN18_25_8_15_R2_B_62_9		NCBI Prokaryotic Genome Annotation Pipeline (PGAP)	Scaffold	2021-03-08	JAFKHD01	526
ASM1730756v1	GCF_017307565.1	GCA_017307565.1	Devosia sp.					SCN18_25_8_15_R2_B_62_9		GCF_017307565.1-RS_2024_07_17	Scaffold	2021-03-08	JAFKHD01	526
ASM3980862v1	GCA_039808625.1		Devosia sp.					AS-MESO-3CA.353			Contig	2024-05-24	JBDHTK01	360
TrH-03may19-229	GCA_945903565.1		Devosia equisanguinis					TrH-03may19-229			Contig	2022-09-10	CAMDPA01	577
ASM4000713v1	GCA_040007135.1		Devosia sp.					cluster3_bin.7		NCBI Prokaryotic Genome Annotation Pipeline (PGAP)	Contig	2024-05-31	JBDTVO01	295
ASM5195948v1	GCA_051959485.1		Devosia sp.					bin173		NCBI Prokaryotic Genome Annotation Pipeline (PGAP)	Contig	2025-08-12	JBQCFF01	492
SRR29014960_concoct_11	GCA_966192215.1		uncultured Devosia sp.					SRR29014960_concoct_11			Contig	2025-08-22	CBIGSA01	442
MH-09jul19-238	GCA_945888565.1		Devosia equisanguinis					MH-09jul19-238			Contig	2022-09-10	CAMDAL01	456
ASM4193922v1	GCA_041939225.1		Devosia sp.					WDNA14_bin.2.strict			Scaffold	2024-09-17	JBGTUK01	377
ASM3467508v1	GCA_034675085.1	GCF_034675085.1	Devosia sp.					R32x_41d_il_Bin2.20			Contig	2023-12-27	JAUCDN01	488
ASM3467508v1	GCF_034675085.1	GCA_034675085.1	Devosia sp.					R32x_41d_il_Bin2.20		GCF_034675085.1-RS_2025_02_23	Contig	2023-12-27	JAUCDN01	488
binchicken_co84_376	GCA_964445495.1		uncultured Devosia sp.					binchicken_co84_376			Contig	2025-01-10	CAYULS01	352
ASM2829068v1	GCA_028290685.1		Devosia sp.					RYN_481		Annotation submitted by Colorado State University	Contig	2023-01-30	JAQGJI01	233
ASM4659511v1	GCA_046595115.1		Devosia sp.					ant_bin.452			Contig	2025-01-10	JBKJPH01	455
ASM2829022v1	GCA_028290225.1		Devosia sp.					RYN_506		Annotation submitted by Colorado State University	Contig	2023-01-30	JAQGKH01	370
SRR14536362_metabat2_17	GCA_965650545.1		uncultured Devosia sp.					SRR14536362_metabat2_17			Contig	2025-07-31	CBFGPB01	444
ASM3656884v1	GCA_036568845.1		Devosia sp.					SMAG_U7285		NCBI Prokaryotic Genome Annotation Pipeline (PGAP)	Contig	2024-02-12	DATCRS01	596
ASM5355063v1	GCA_053550635.1		Devosia sp.					isolate1_meta_1_80		NCBI Prokaryotic Genome Annotation Pipeline (PGAP)	Contig	2025-11-18	JBMQOV01	384
ASM5460533v1	GCA_054605335.1		Devosia sp.					ML34-007-25		NCBI Prokaryotic Genome Annotation Pipeline (PGAP)	Scaffold	2026-01-21	JBTSEH01	405
ASM5196105v1	GCA_051961055.1		Devosia sp.					bin1039		NCBI Prokaryotic Genome Annotation Pipeline (PGAP)	Contig	2025-08-12	JBQCDR01	502
SRR23595521_metabat2_40	GCA_969251735.1		uncultured Devosia sp.					SRR23595521_metabat2_40			Contig	2025-09-12	CBZPAG01	566
ASM2829024v1	GCA_028290245.1		Devosia sp.					RYN_505		Annotation submitted by Colorado State University	Contig	2023-01-30	JAQGKG01	491
ASM4659652v1	GCA_046596525.1		Devosia sp.					ant_bin.315			Contig	2025-01-10	JBKJMF01	625
SP51_2_metabat2_genome_mining.38_sub	GCA_913775215.1		uncultured Devosia sp.					SP51_2_metabat2_genome_mining.38_sub			Contig	2021-11-11	CAJYKO01	504
ASM2535276v1	GCA_025352765.1		Devosia sp.					337R_metabat_105_sub			Contig	2022-09-21	JANXSI01	751
SRP263527_co1_107	GCA_964425245.1		uncultured Devosia sp.					SRP263527_co1_107			Scaffold	2025-01-11	CAYRNE01	571
ASM4193794v1	GCA_041937945.1		Devosia sp.					WDNA15_bin.34.orig			Contig	2024-09-17	JBGTWY01	550
LOPE16-1_SAMN05213993_MAG_00000010	GCA_982926565.1		Devosia sp.					LOPE16-1_SAMN05213993_MAG_00000010			Scaffold	2026-05-18	CEYVRJ01	643
ASM3530706v1	GCA_035307065.1		Devosia sp.					SMAG_U10330		NCBI Prokaryotic Genome Annotation Pipeline (PGAP)	Contig	2024-01-09	DATGMZ01	512
MarMAG_050631	GCA_977257245.1		Devosia indica					MarMAG_050631			Scaffold	2026-02-22	CDSWIZ01	483
ASM4039358v1	GCA_040393585.1		Devosia ginsengisoli					T2.bin.19			Contig	2024-06-27	JBEBTU01	382
ASM4039266v1	GCA_040392665.1		Devosia sp.					T2.bin.26			Contig	2024-06-27	JBEBVR01	400
ASM4629375v1	GCA_046293755.1		Devosia sp.					21I_057.bin.13		NCBI Prokaryotic Genome Annotation Pipeline (PGAP)	Scaffold	2024-12-25	JBKBJM01	670
ASM2925660v1	GCA_029256605.1		Devosia sp.					L_E1_T20_A_bin.18		Annotation submitted by Colorado State University	Contig	2023-03-17	JAQSXP01	426
ASM323326v1	GCA_003233265.1		Devosia sp.					SZUA-25			Contig	2018-06-15	QILG01	327
SRP263527_co2_2	GCA_964474385.1		uncultured Devosia sp.					SRP263527_co2_2			Scaffold	2025-01-11	CAYYTF01	606
MoH-02may19-1	GCA_945901835.1		Devosia equisanguinis					MoH-02may19-1			Contig	2022-09-10	CAMDMH01	691
ERR2762133_binner13_Refined_18	GCA_963975955.1		uncultured Devosia sp.					ERR2762133_binner13_Refined_18			Contig	2024-03-10	CAXBKI01	719
ASM2926637v1	GCA_029266375.1		Devosia sp.					L_E1_T20_A_bin.104		Annotation submitted by Colorado State University	Scaffold	2023-03-17	JAQSWZ01	703
ERR7747324_bin.352	GCA_934553185.1		uncultured Devosia sp.					REFINED_METABAT215_TOP10_CONTIGS_1500_ASSEMBLY_K77_MERGED__Hadza_MoBio_hadza-E-H_A_18_1822.352			Contig	2022-04-16	CAKTFF01	622
JJ-SK61-17-3-m2-bin171	GCA_943367655.1		Devosia equisanguinis					JJ-K1K20-67-8-m2-bin53			Contig	2024-04-20	CALRJW02	519
ASM2829052v1	GCA_028290525.1		Devosia sp.					RYN_490		Annotation submitted by Colorado State University	Contig	2023-01-30	JAQGJR01	538
ASM1679341v1	GCA_016793415.1		Devosia sp.					new MAG-137		NCBI Prokaryotic Genome Annotation Pipeline (PGAP)	Contig	2021-02-01	JAEUMC01	1006
ASM5195291v1	GCA_051952915.1		Devosia sp.					bin951		NCBI Prokaryotic Genome Annotation Pipeline (PGAP)	Contig	2025-08-12	JBQCJH01	765
ASM4039111v1	GCA_040391115.1		Devosia sp.					T2.bin.9			Contig	2024-06-27	JBEBYK01	368
ASM3064525v1	GCA_030645255.1		Devosia sp.					E19_concoct.bin.30_sub		NCBI Prokaryotic Genome Annotation Pipeline (PGAP)	Contig	2023-08-05	JAUSLU01	673
ASM3069450v1	GCA_030694505.1		Devosia sp.					C18_concoct.bin.147_sub		NCBI Prokaryotic Genome Annotation Pipeline (PGAP)	Contig	2023-08-08	JAUXYF01	685
ASM1137124v1	GCA_011371245.1		Devosia sp.					HyVt-592		NCBI Prokaryotic Genome Annotation Pipeline (PGAP)	Contig	2020-03-16	DRQX01	417
ASM3627231v1	GCA_036272315.1		Devosia sp.					SMAG_U5693		NCBI Prokaryotic Genome Annotation Pipeline (PGAP)	Contig	2024-01-29	DATAZA01	588
ASM3640103v1	GCA_036401035.1		Devosia sp.					SMAG_U3649		NCBI Prokaryotic Genome Annotation Pipeline (PGAP)	Contig	2024-02-05	DASWWF01	456
ASM5949920v1	GCA_059499205.1		Devosia sp.					MAG-321		NCBI Prokaryotic Genome Annotation Pipeline (PGAP)	Scaffold	2026-07-17	JCABYD01	796
ASM5949922v1	GCA_059499225.1		Devosia sp.					MAG-322		NCBI Prokaryotic Genome Annotation Pipeline (PGAP)	Scaffold	2026-07-17	JCABYC01	796
SRR18156189_binner13_Refined_31	GCA_966212455.1		uncultured Devosia sp.					SRR18156189_binner13_Refined_31			Contig	2025-08-22	CBIHRQ01	683
ASM3639941v1	GCA_036399415.1		Devosia sp.					SMAG_U3403		NCBI Prokaryotic Genome Annotation Pipeline (PGAP)	Contig	2024-02-05	DASWNC01	762
ASM3993553v1	GCA_039935535.1		Devosia sp.					cluster2_bin.68		NCBI Prokaryotic Genome Annotation Pipeline (PGAP)	Contig	2024-05-30	JBDTKC01	574
ASM323205v1	GCA_003232055.1		Devosia sp.					SZUA-31			Contig	2018-06-15	QILA01	206
ASM3549747v1	GCA_035497475.1		Devosia sp.					SMAG_U15412		NCBI Prokaryotic Genome Annotation Pipeline (PGAP)	Contig	2024-01-10	DATJDR01	1103
ASM323199v1	GCA_003231995.1		Devosia sp.					SZUA-45			Contig	2018-06-15	QIKM01	192
ASM3993469v1	GCA_039934695.1		Devosia sp.					cluster3_bin.106		NCBI Prokaryotic Genome Annotation Pipeline (PGAP)	Contig	2024-05-30	JBDTLR01	809
DUAR15-1_SAMN06266124_MAG_00000017	GCA_982782315.1		Devosia sp.					DUAR15-1_SAMN06266124_MAG_00000017			Scaffold	2026-06-09	CEYAIV01	641
ASM2505052v1	GCA_025050525.1		Candidatus Devosia euplotis					LIV5		NCBI Prokaryotic Genome Annotation Pipeline (PGAP)	Contig	2022-09-07	JALBVD01	831
ASM2535194v1	GCA_025351945.1		Devosia sp.					340R_metabat_36_sub			Contig	2022-09-21	JANXUY01	915
ASM3992496v1	GCA_039924965.1		Devosia sp.					cluster1_bin.95		NCBI Prokaryotic Genome Annotation Pipeline (PGAP)	Contig	2024-05-29	JBDSZW01	903
ASM5949705v1	GCA_059497055.1		Devosia sp.					MAG-354		NCBI Prokaryotic Genome Annotation Pipeline (PGAP)	Scaffold	2026-07-17	JCABWX01	794
SRR6201726_bin.15_MetaBAT_v2.12.1_MAG	GCA_913053625.1		uncultured Devosia sp.					SRR6201726_bin.15_MetaBAT_v2.12.1_MAG			Contig	2021-09-23	CAJXGV01	622
ASM4158357v1	GCA_041583575.1		Devosia sp.					Mix_sand07.2021.05.G.13			Contig	2024-08-29	JBFHFP01	784
SRP128015_co3_38	GCA_964498695.1		uncultured Devosia sp.					SRP128015_co3_38			Scaffold	2025-01-08	CAZCJD01	626
SONG20-1_SAMN10739805_MAG_00000119	GCA_983087745.1		Devosia sp.					SONG20-1_SAMN10739805_MAG_00000119			Scaffold	2026-05-16	CEZTNR01	484
ERR7745614_bin.37	GCA_934501335.1		uncultured Devosia sp.					REFINED_METABAT215_TOP10_CONTIGS_1500_ASSEMBLY_K77_MERGED__Hadza_MoBio_hadza-A-D_L_1_1540.37			Contig	2022-04-16	CAKSUI01	792
SRR29654721_binner13_Refined_4	GCA_965653575.1		uncultured Devosia sp.					SRR29654721_binner13_Refined_4			Contig	2025-08-01	CBFHAT01	809
ERP124720_co1_74	GCA_964371325.1		uncultured Devosia sp.					ERP124720_co1_74			Scaffold	2025-01-12	CAYJOC01	1062
ASM3551511v1	GCA_035515115.1		Devosia sp.					SMAG_U15367		NCBI Prokaryotic Genome Annotation Pipeline (PGAP)	Contig	2024-01-10	DATJBY01	761
ASM3565623v1	GCA_035656235.1		Devosia sp.					SMAG_U6405		NCBI Prokaryotic Genome Annotation Pipeline (PGAP)	Contig	2024-01-15	DASRSX01	698
binchicken_co50_230	GCA_964524675.1		uncultured Devosia sp.					binchicken_co50_230			Scaffold	2025-01-11	CAZGFS01	1207
ASM4924184v1	GCA_049241845.1		Devosia sp.					LE_258156		NCBI Prokaryotic Genome Annotation Pipeline (PGAP)	Scaffold	2025-04-02	JBMLPY01	804
maxbin_SP123_3.025_sub_cleaned	GCA_964277895.1		uncultured Devosia sp.					maxbin_SP123_3.025_sub_cleaned			Contig	2024-10-19	CAXYKZ01	1208
ASM1619855v1	GCA_016198555.1		Devosia nanyangense					NC_groundwater_1123_Ag_S-0.1um_64_12		NCBI Prokaryotic Genome Annotation Pipeline (PGAP)	Contig	2020-12-21	JACQIK01	1396
ASM323257v1	GCA_003232575.1		Devosia sp.					SZUA-62			Contig	2018-06-15	QIJV01	564
ASM1138868v1	GCA_011388685.1		Devosia sp.					HyVt-508		NCBI Prokaryotic Genome Annotation Pipeline (PGAP)	Contig	2020-03-17	DRNI01	514
ASM3549733v1	GCA_035497335.1		Devosia sp.					SMAG_U15411		NCBI Prokaryotic Genome Annotation Pipeline (PGAP)	Contig	2024-01-10	DATJDQ01	1193
ASM3549757v1	GCA_035497575.1		Devosia sp.					SMAG_U15398		NCBI Prokaryotic Genome Annotation Pipeline (PGAP)	Contig	2024-01-10	DATJDD01	910
ASM4671654v1	GCA_046716545.1		Devosia sp.					swi_bin.160			Contig	2025-01-15	JBKJXC01	1455
