accession	fasta	gff	faa	has_protein
GCA_000689495.1	/dgxb_home/se26plsc001/arvind/Devosia_BGC/data/raw_genomes/ncbi_dataset/data/GCA_000689495.1/GCA_000689495.1_DevNy.1_genomic.fna			no
GCA_000743515.1	/dgxb_home/se26plsc001/arvind/Devosia_BGC/data/raw_genomes/ncbi_dataset/data/GCA_000743515.1/GCA_000743515.1_ASM74351v1_genomic.fna	/dgxb_home/se26plsc001/arvind/Devosia_BGC/data/raw_genomes/ncbi_dataset/data/GCA_000743515.1/genomic.gff	/dgxb_home/se26plsc001/arvind/Devosia_BGC/data/raw_genomes/ncbi_dataset/data/GCA_000743515.1/protein.faa	yes
GCA_001185205.1	/dgxb_home/se26plsc001/arvind/Devosia_BGC/data/raw_genomes/ncbi_dataset/data/GCA_001185205.1/GCA_001185205.1_ASM118520v1_genomic.fna	/dgxb_home/se26plsc001/arvind/Devosia_BGC/data/raw_genomes/ncbi_dataset/data/GCA_001185205.1/genomic.gff	/dgxb_home/se26plsc001/arvind/Devosia_BGC/data/raw_genomes/ncbi_dataset/data/GCA_001185205.1/protein.faa	yes
GCA_003231995.1	/dgxb_home/se26plsc001/arvind/Devosia_BGC/data/raw_genomes/ncbi_dataset/data/GCA_003231995.1/GCA_003231995.1_ASM323199v1_genomic.fna			no
GCA_014083885.1	/dgxb_home/se26plsc001/arvind/Devosia_BGC/data/raw_genomes/ncbi_dataset/data/GCA_014083885.1/GCA_014083885.1_ASM1408388v1_genomic.fna	/dgxb_home/se26plsc001/arvind/Devosia_BGC/data/raw_genomes/ncbi_dataset/data/GCA_014083885.1/genomic.gff	/dgxb_home/se26plsc001/arvind/Devosia_BGC/data/raw_genomes/ncbi_dataset/data/GCA_014083885.1/protein.faa	yes
GCA_016213505.1	/dgxb_home/se26plsc001/arvind/Devosia_BGC/data/raw_genomes/ncbi_dataset/data/GCA_016213505.1/GCA_016213505.1_ASM1621350v1_genomic.fna	/dgxb_home/se26plsc001/arvind/Devosia_BGC/data/raw_genomes/ncbi_dataset/data/GCA_016213505.1/genomic.gff	/dgxb_home/se26plsc001/arvind/Devosia_BGC/data/raw_genomes/ncbi_dataset/data/GCA_016213505.1/protein.faa	yes
GCA_016713105.1	/dgxb_home/se26plsc001/arvind/Devosia_BGC/data/raw_genomes/ncbi_dataset/data/GCA_016713105.1/GCA_016713105.1_ASM1671310v1_genomic.fna	/dgxb_home/se26plsc001/arvind/Devosia_BGC/data/raw_genomes/ncbi_dataset/data/GCA_016713105.1/genomic.gff	/dgxb_home/se26plsc001/arvind/Devosia_BGC/data/raw_genomes/ncbi_dataset/data/GCA_016713105.1/protein.faa	yes
GCA_017794705.1	/dgxb_home/se26plsc001/arvind/Devosia_BGC/data/raw_genomes/ncbi_dataset/data/GCA_017794705.1/GCA_017794705.1_ASM1779470v1_genomic.fna			no
GCA_025452255.1	/dgxb_home/se26plsc001/arvind/Devosia_BGC/data/raw_genomes/ncbi_dataset/data/GCA_025452255.1/GCA_025452255.1_ASM2545225v1_genomic.fna	/dgxb_home/se26plsc001/arvind/Devosia_BGC/data/raw_genomes/ncbi_dataset/data/GCA_025452255.1/genomic.gff	/dgxb_home/se26plsc001/arvind/Devosia_BGC/data/raw_genomes/ncbi_dataset/data/GCA_025452255.1/protein.faa	yes
GCA_028290665.1	/dgxb_home/se26plsc001/arvind/Devosia_BGC/data/raw_genomes/ncbi_dataset/data/GCA_028290665.1/GCA_028290665.1_ASM2829066v1_genomic.fna	/dgxb_home/se26plsc001/arvind/Devosia_BGC/data/raw_genomes/ncbi_dataset/data/GCA_028290665.1/genomic.gff	/dgxb_home/se26plsc001/arvind/Devosia_BGC/data/raw_genomes/ncbi_dataset/data/GCA_028290665.1/protein.faa	yes
GCA_035549855.1	/dgxb_home/se26plsc001/arvind/Devosia_BGC/data/raw_genomes/ncbi_dataset/data/GCA_035549855.1/GCA_035549855.1_ASM3554985v1_genomic.fna	/dgxb_home/se26plsc001/arvind/Devosia_BGC/data/raw_genomes/ncbi_dataset/data/GCA_035549855.1/genomic.gff	/dgxb_home/se26plsc001/arvind/Devosia_BGC/data/raw_genomes/ncbi_dataset/data/GCA_035549855.1/protein.faa	yes
GCA_035998575.1	/dgxb_home/se26plsc001/arvind/Devosia_BGC/data/raw_genomes/ncbi_dataset/data/GCA_035998575.1/GCA_035998575.1_ASM3599857v1_genomic.fna	/dgxb_home/se26plsc001/arvind/Devosia_BGC/data/raw_genomes/ncbi_dataset/data/GCA_035998575.1/genomic.gff	/dgxb_home/se26plsc001/arvind/Devosia_BGC/data/raw_genomes/ncbi_dataset/data/GCA_035998575.1/protein.faa	yes
GCA_039916605.1	/dgxb_home/se26plsc001/arvind/Devosia_BGC/data/raw_genomes/ncbi_dataset/data/GCA_039916605.1/GCA_039916605.1_ASM3991660v1_genomic.fna	/dgxb_home/se26plsc001/arvind/Devosia_BGC/data/raw_genomes/ncbi_dataset/data/GCA_039916605.1/genomic.gff	/dgxb_home/se26plsc001/arvind/Devosia_BGC/data/raw_genomes/ncbi_dataset/data/GCA_039916605.1/protein.faa	yes
GCA_039918675.1	/dgxb_home/se26plsc001/arvind/Devosia_BGC/data/raw_genomes/ncbi_dataset/data/GCA_039918675.1/GCA_039918675.1_ASM3991867v1_genomic.fna	/dgxb_home/se26plsc001/arvind/Devosia_BGC/data/raw_genomes/ncbi_dataset/data/GCA_039918675.1/genomic.gff	/dgxb_home/se26plsc001/arvind/Devosia_BGC/data/raw_genomes/ncbi_dataset/data/GCA_039918675.1/protein.faa	yes
GCA_039920085.1	/dgxb_home/se26plsc001/arvind/Devosia_BGC/data/raw_genomes/ncbi_dataset/data/GCA_039920085.1/GCA_039920085.1_ASM3992008v1_genomic.fna	/dgxb_home/se26plsc001/arvind/Devosia_BGC/data/raw_genomes/ncbi_dataset/data/GCA_039920085.1/genomic.gff	/dgxb_home/se26plsc001/arvind/Devosia_BGC/data/raw_genomes/ncbi_dataset/data/GCA_039920085.1/protein.faa	yes
GCA_039934955.1	/dgxb_home/se26plsc001/arvind/Devosia_BGC/data/raw_genomes/ncbi_dataset/data/GCA_039934955.1/GCA_039934955.1_ASM3993495v1_genomic.fna	/dgxb_home/se26plsc001/arvind/Devosia_BGC/data/raw_genomes/ncbi_dataset/data/GCA_039934955.1/genomic.gff	/dgxb_home/se26plsc001/arvind/Devosia_BGC/data/raw_genomes/ncbi_dataset/data/GCA_039934955.1/protein.faa	yes
GCA_040081595.1	/dgxb_home/se26plsc001/arvind/Devosia_BGC/data/raw_genomes/ncbi_dataset/data/GCA_040081595.1/GCA_040081595.1_ASM4008159v1_genomic.fna	/dgxb_home/se26plsc001/arvind/Devosia_BGC/data/raw_genomes/ncbi_dataset/data/GCA_040081595.1/genomic.gff	/dgxb_home/se26plsc001/arvind/Devosia_BGC/data/raw_genomes/ncbi_dataset/data/GCA_040081595.1/protein.faa	yes
GCA_040218355.1	/dgxb_home/se26plsc001/arvind/Devosia_BGC/data/raw_genomes/ncbi_dataset/data/GCA_040218355.1/GCA_040218355.1_ASM4021835v1_genomic.fna	/dgxb_home/se26plsc001/arvind/Devosia_BGC/data/raw_genomes/ncbi_dataset/data/GCA_040218355.1/genomic.gff	/dgxb_home/se26plsc001/arvind/Devosia_BGC/data/raw_genomes/ncbi_dataset/data/GCA_040218355.1/protein.faa	yes
GCA_041916675.1	/dgxb_home/se26plsc001/arvind/Devosia_BGC/data/raw_genomes/ncbi_dataset/data/GCA_041916675.1/GCA_041916675.1_ASM4191667v1_genomic.fna			no
GCA_041916695.1	/dgxb_home/se26plsc001/arvind/Devosia_BGC/data/raw_genomes/ncbi_dataset/data/GCA_041916695.1/GCA_041916695.1_ASM4191669v1_genomic.fna			no
GCA_044224395.1	/dgxb_home/se26plsc001/arvind/Devosia_BGC/data/raw_genomes/ncbi_dataset/data/GCA_044224395.1/GCA_044224395.1_ASM4422439v1_genomic.fna			no
GCA_047616975.1	/dgxb_home/se26plsc001/arvind/Devosia_BGC/data/raw_genomes/ncbi_dataset/data/GCA_047616975.1/GCA_047616975.1_ASM4761697v1_genomic.fna	/dgxb_home/se26plsc001/arvind/Devosia_BGC/data/raw_genomes/ncbi_dataset/data/GCA_047616975.1/genomic.gff	/dgxb_home/se26plsc001/arvind/Devosia_BGC/data/raw_genomes/ncbi_dataset/data/GCA_047616975.1/protein.faa	yes
GCA_051016205.1	/dgxb_home/se26plsc001/arvind/Devosia_BGC/data/raw_genomes/ncbi_dataset/data/GCA_051016205.1/GCA_051016205.1_KI_Gwil_MAG_1.0_Devosia_sp_RCC3390_8c_genomic.fna	/dgxb_home/se26plsc001/arvind/Devosia_BGC/data/raw_genomes/ncbi_dataset/data/GCA_051016205.1/genomic.gff	/dgxb_home/se26plsc001/arvind/Devosia_BGC/data/raw_genomes/ncbi_dataset/data/GCA_051016205.1/protein.faa	yes
GCA_053550655.1	/dgxb_home/se26plsc001/arvind/Devosia_BGC/data/raw_genomes/ncbi_dataset/data/GCA_053550655.1/GCA_053550655.1_ASM5355065v1_genomic.fna	/dgxb_home/se26plsc001/arvind/Devosia_BGC/data/raw_genomes/ncbi_dataset/data/GCA_053550655.1/genomic.gff	/dgxb_home/se26plsc001/arvind/Devosia_BGC/data/raw_genomes/ncbi_dataset/data/GCA_053550655.1/protein.faa	yes
GCA_057175685.1	/dgxb_home/se26plsc001/arvind/Devosia_BGC/data/raw_genomes/ncbi_dataset/data/GCA_057175685.1/GCA_057175685.1_ASM5717568v1_genomic.fna	/dgxb_home/se26plsc001/arvind/Devosia_BGC/data/raw_genomes/ncbi_dataset/data/GCA_057175685.1/genomic.gff	/dgxb_home/se26plsc001/arvind/Devosia_BGC/data/raw_genomes/ncbi_dataset/data/GCA_057175685.1/protein.faa	yes
GCA_057356985.1	/dgxb_home/se26plsc001/arvind/Devosia_BGC/data/raw_genomes/ncbi_dataset/data/GCA_057356985.1/GCA_057356985.1_ASM5735698v1_genomic.fna	/dgxb_home/se26plsc001/arvind/Devosia_BGC/data/raw_genomes/ncbi_dataset/data/GCA_057356985.1/genomic.gff	/dgxb_home/se26plsc001/arvind/Devosia_BGC/data/raw_genomes/ncbi_dataset/data/GCA_057356985.1/protein.faa	yes
GCA_057358705.1	/dgxb_home/se26plsc001/arvind/Devosia_BGC/data/raw_genomes/ncbi_dataset/data/GCA_057358705.1/GCA_057358705.1_ASM5735870v1_genomic.fna	/dgxb_home/se26plsc001/arvind/Devosia_BGC/data/raw_genomes/ncbi_dataset/data/GCA_057358705.1/genomic.gff	/dgxb_home/se26plsc001/arvind/Devosia_BGC/data/raw_genomes/ncbi_dataset/data/GCA_057358705.1/protein.faa	yes
GCA_057361525.1	/dgxb_home/se26plsc001/arvind/Devosia_BGC/data/raw_genomes/ncbi_dataset/data/GCA_057361525.1/GCA_057361525.1_ASM5736152v1_genomic.fna	/dgxb_home/se26plsc001/arvind/Devosia_BGC/data/raw_genomes/ncbi_dataset/data/GCA_057361525.1/genomic.gff	/dgxb_home/se26plsc001/arvind/Devosia_BGC/data/raw_genomes/ncbi_dataset/data/GCA_057361525.1/protein.faa	yes
GCA_057361605.1	/dgxb_home/se26plsc001/arvind/Devosia_BGC/data/raw_genomes/ncbi_dataset/data/GCA_057361605.1/GCA_057361605.1_ASM5736160v1_genomic.fna	/dgxb_home/se26plsc001/arvind/Devosia_BGC/data/raw_genomes/ncbi_dataset/data/GCA_057361605.1/genomic.gff	/dgxb_home/se26plsc001/arvind/Devosia_BGC/data/raw_genomes/ncbi_dataset/data/GCA_057361605.1/protein.faa	yes
GCA_060610975.1	/dgxb_home/se26plsc001/arvind/Devosia_BGC/data/raw_genomes/ncbi_dataset/data/GCA_060610975.1/GCA_060610975.1_ASM6061097v1_genomic.fna			no
GCA_062008457.1	/dgxb_home/se26plsc001/arvind/Devosia_BGC/data/raw_genomes/ncbi_dataset/data/GCA_062008457.1/GCA_062008457.1_ASM62008457v1_genomic.fna	/dgxb_home/se26plsc001/arvind/Devosia_BGC/data/raw_genomes/ncbi_dataset/data/GCA_062008457.1/genomic.gff	/dgxb_home/se26plsc001/arvind/Devosia_BGC/data/raw_genomes/ncbi_dataset/data/GCA_062008457.1/protein.faa	yes
GCA_913055185.1	/dgxb_home/se26plsc001/arvind/Devosia_BGC/data/raw_genomes/ncbi_dataset/data/GCA_913055185.1/GCA_913055185.1_SRR6201692_bin.12_MetaBAT_v2.12.1_MAG_genomic.fna			no
GCA_943372435.1	/dgxb_home/se26plsc001/arvind/Devosia_BGC/data/raw_genomes/ncbi_dataset/data/GCA_943372435.1/GCA_943372435.1_JJ-MEM5D2-223-7-m1-bin346_genomic.fna			no
GCA_977190485.1	/dgxb_home/se26plsc001/arvind/Devosia_BGC/data/raw_genomes/ncbi_dataset/data/GCA_977190485.1/GCA_977190485.1_MarMAG_016611_genomic.fna			no
GCA_977202345.1	/dgxb_home/se26plsc001/arvind/Devosia_BGC/data/raw_genomes/ncbi_dataset/data/GCA_977202345.1/GCA_977202345.1_MarMAG_016610_genomic.fna			no
GCA_977206845.1	/dgxb_home/se26plsc001/arvind/Devosia_BGC/data/raw_genomes/ncbi_dataset/data/GCA_977206845.1/GCA_977206845.1_MarMAG_016614_genomic.fna			no
GCA_977242165.1	/dgxb_home/se26plsc001/arvind/Devosia_BGC/data/raw_genomes/ncbi_dataset/data/GCA_977242165.1/GCA_977242165.1_MarMAG_016613_genomic.fna			no
GCA_977254065.1	/dgxb_home/se26plsc001/arvind/Devosia_BGC/data/raw_genomes/ncbi_dataset/data/GCA_977254065.1/GCA_977254065.1_MarMAG_016612_genomic.fna			no
GCF_000735585.1	/dgxb_home/se26plsc001/arvind/Devosia_BGC/data/raw_genomes/ncbi_dataset/data/GCF_000735585.1/GCF_000735585.1_ASM73558v1_genomic.fna	/dgxb_home/se26plsc001/arvind/Devosia_BGC/data/raw_genomes/ncbi_dataset/data/GCF_000735585.1/genomic.gff	/dgxb_home/se26plsc001/arvind/Devosia_BGC/data/raw_genomes/ncbi_dataset/data/GCF_000735585.1/protein.faa	yes
GCF_000743575.1	/dgxb_home/se26plsc001/arvind/Devosia_BGC/data/raw_genomes/ncbi_dataset/data/GCF_000743575.1/GCF_000743575.1_ASM74357v1_genomic.fna	/dgxb_home/se26plsc001/arvind/Devosia_BGC/data/raw_genomes/ncbi_dataset/data/GCF_000743575.1/genomic.gff	/dgxb_home/se26plsc001/arvind/Devosia_BGC/data/raw_genomes/ncbi_dataset/data/GCF_000743575.1/protein.faa	yes
GCF_000969445.1	/dgxb_home/se26plsc001/arvind/Devosia_BGC/data/raw_genomes/ncbi_dataset/data/GCF_000969445.1/GCF_000969445.1_ASM96944v1_genomic.fna	/dgxb_home/se26plsc001/arvind/Devosia_BGC/data/raw_genomes/ncbi_dataset/data/GCF_000969445.1/genomic.gff	/dgxb_home/se26plsc001/arvind/Devosia_BGC/data/raw_genomes/ncbi_dataset/data/GCF_000969445.1/protein.faa	yes
GCF_000970435.1	/dgxb_home/se26plsc001/arvind/Devosia_BGC/data/raw_genomes/ncbi_dataset/data/GCF_000970435.1/GCF_000970435.1_ASM97043v1_genomic.fna	/dgxb_home/se26plsc001/arvind/Devosia_BGC/data/raw_genomes/ncbi_dataset/data/GCF_000970435.1/genomic.gff	/dgxb_home/se26plsc001/arvind/Devosia_BGC/data/raw_genomes/ncbi_dataset/data/GCF_000970435.1/protein.faa	yes
GCF_000970455.1	/dgxb_home/se26plsc001/arvind/Devosia_BGC/data/raw_genomes/ncbi_dataset/data/GCF_000970455.1/GCF_000970455.1_ASM97045v1_genomic.fna	/dgxb_home/se26plsc001/arvind/Devosia_BGC/data/raw_genomes/ncbi_dataset/data/GCF_000970455.1/genomic.gff	/dgxb_home/se26plsc001/arvind/Devosia_BGC/data/raw_genomes/ncbi_dataset/data/GCF_000970455.1/protein.faa	yes
GCF_000971295.1	/dgxb_home/se26plsc001/arvind/Devosia_BGC/data/raw_genomes/ncbi_dataset/data/GCF_000971295.1/GCF_000971295.1_ASM97129v1_genomic.fna	/dgxb_home/se26plsc001/arvind/Devosia_BGC/data/raw_genomes/ncbi_dataset/data/GCF_000971295.1/genomic.gff	/dgxb_home/se26plsc001/arvind/Devosia_BGC/data/raw_genomes/ncbi_dataset/data/GCF_000971295.1/protein.faa	yes
GCF_001402915.1	/dgxb_home/se26plsc001/arvind/Devosia_BGC/data/raw_genomes/ncbi_dataset/data/GCF_001402915.1/GCF_001402915.1_ASM140291v1_genomic.fna	/dgxb_home/se26plsc001/arvind/Devosia_BGC/data/raw_genomes/ncbi_dataset/data/GCF_001402915.1/genomic.gff	/dgxb_home/se26plsc001/arvind/Devosia_BGC/data/raw_genomes/ncbi_dataset/data/GCF_001402915.1/protein.faa	yes
GCF_001421945.1	/dgxb_home/se26plsc001/arvind/Devosia_BGC/data/raw_genomes/ncbi_dataset/data/GCF_001421945.1/GCF_001421945.1_Leaf64_genomic.fna	/dgxb_home/se26plsc001/arvind/Devosia_BGC/data/raw_genomes/ncbi_dataset/data/GCF_001421945.1/genomic.gff	/dgxb_home/se26plsc001/arvind/Devosia_BGC/data/raw_genomes/ncbi_dataset/data/GCF_001421945.1/protein.faa	yes
GCF_001424865.1	/dgxb_home/se26plsc001/arvind/Devosia_BGC/data/raw_genomes/ncbi_dataset/data/GCF_001424865.1/GCF_001424865.1_Root105_genomic.fna	/dgxb_home/se26plsc001/arvind/Devosia_BGC/data/raw_genomes/ncbi_dataset/data/GCF_001424865.1/genomic.gff	/dgxb_home/se26plsc001/arvind/Devosia_BGC/data/raw_genomes/ncbi_dataset/data/GCF_001424865.1/protein.faa	yes
GCF_001425235.1	/dgxb_home/se26plsc001/arvind/Devosia_BGC/data/raw_genomes/ncbi_dataset/data/GCF_001425235.1/GCF_001425235.1_Root413D1_genomic.fna	/dgxb_home/se26plsc001/arvind/Devosia_BGC/data/raw_genomes/ncbi_dataset/data/GCF_001425235.1/genomic.gff	/dgxb_home/se26plsc001/arvind/Devosia_BGC/data/raw_genomes/ncbi_dataset/data/GCF_001425235.1/protein.faa	yes
GCF_001425445.1	/dgxb_home/se26plsc001/arvind/Devosia_BGC/data/raw_genomes/ncbi_dataset/data/GCF_001425445.1/GCF_001425445.1_Leaf420_genomic.fna	/dgxb_home/se26plsc001/arvind/Devosia_BGC/data/raw_genomes/ncbi_dataset/data/GCF_001425445.1/genomic.gff	/dgxb_home/se26plsc001/arvind/Devosia_BGC/data/raw_genomes/ncbi_dataset/data/GCF_001425445.1/protein.faa	yes
GCF_001426345.1	/dgxb_home/se26plsc001/arvind/Devosia_BGC/data/raw_genomes/ncbi_dataset/data/GCF_001426345.1/GCF_001426345.1_Root436_genomic.fna	/dgxb_home/se26plsc001/arvind/Devosia_BGC/data/raw_genomes/ncbi_dataset/data/GCF_001426345.1/genomic.gff	/dgxb_home/se26plsc001/arvind/Devosia_BGC/data/raw_genomes/ncbi_dataset/data/GCF_001426345.1/protein.faa	yes
GCF_001427605.1	/dgxb_home/se26plsc001/arvind/Devosia_BGC/data/raw_genomes/ncbi_dataset/data/GCF_001427605.1/GCF_001427605.1_Root635_genomic.fna	/dgxb_home/se26plsc001/arvind/Devosia_BGC/data/raw_genomes/ncbi_dataset/data/GCF_001427605.1/genomic.gff	/dgxb_home/se26plsc001/arvind/Devosia_BGC/data/raw_genomes/ncbi_dataset/data/GCF_001427605.1/protein.faa	yes
GCF_001427875.1	/dgxb_home/se26plsc001/arvind/Devosia_BGC/data/raw_genomes/ncbi_dataset/data/GCF_001427875.1/GCF_001427875.1_Root685_genomic.fna	/dgxb_home/se26plsc001/arvind/Devosia_BGC/data/raw_genomes/ncbi_dataset/data/GCF_001427875.1/genomic.gff	/dgxb_home/se26plsc001/arvind/Devosia_BGC/data/raw_genomes/ncbi_dataset/data/GCF_001427875.1/protein.faa	yes
GCF_001650025.1	/dgxb_home/se26plsc001/arvind/Devosia_BGC/data/raw_genomes/ncbi_dataset/data/GCF_001650025.1/GCF_001650025.1_De_novo_genomic.fna	/dgxb_home/se26plsc001/arvind/Devosia_BGC/data/raw_genomes/ncbi_dataset/data/GCF_001650025.1/genomic.gff	/dgxb_home/se26plsc001/arvind/Devosia_BGC/data/raw_genomes/ncbi_dataset/data/GCF_001650025.1/protein.faa	yes
GCF_001899045.1	/dgxb_home/se26plsc001/arvind/Devosia_BGC/data/raw_genomes/ncbi_dataset/data/GCF_001899045.1/GCF_001899045.1_ASM189904v1_genomic.fna	/dgxb_home/se26plsc001/arvind/Devosia_BGC/data/raw_genomes/ncbi_dataset/data/GCF_001899045.1/genomic.gff	/dgxb_home/se26plsc001/arvind/Devosia_BGC/data/raw_genomes/ncbi_dataset/data/GCF_001899045.1/protein.faa	yes
GCF_001899065.1	/dgxb_home/se26plsc001/arvind/Devosia_BGC/data/raw_genomes/ncbi_dataset/data/GCF_001899065.1/GCF_001899065.1_ASM189906v1_genomic.fna	/dgxb_home/se26plsc001/arvind/Devosia_BGC/data/raw_genomes/ncbi_dataset/data/GCF_001899065.1/genomic.gff	/dgxb_home/se26plsc001/arvind/Devosia_BGC/data/raw_genomes/ncbi_dataset/data/GCF_001899065.1/protein.faa	yes
GCF_001899075.1	/dgxb_home/se26plsc001/arvind/Devosia_BGC/data/raw_genomes/ncbi_dataset/data/GCF_001899075.1/GCF_001899075.1_ASM189907v1_genomic.fna	/dgxb_home/se26plsc001/arvind/Devosia_BGC/data/raw_genomes/ncbi_dataset/data/GCF_001899075.1/genomic.gff	/dgxb_home/se26plsc001/arvind/Devosia_BGC/data/raw_genomes/ncbi_dataset/data/GCF_001899075.1/protein.faa	yes
GCF_001899085.1	/dgxb_home/se26plsc001/arvind/Devosia_BGC/data/raw_genomes/ncbi_dataset/data/GCF_001899085.1/GCF_001899085.1_ASM189908v1_genomic.fna	/dgxb_home/se26plsc001/arvind/Devosia_BGC/data/raw_genomes/ncbi_dataset/data/GCF_001899085.1/genomic.gff	/dgxb_home/se26plsc001/arvind/Devosia_BGC/data/raw_genomes/ncbi_dataset/data/GCF_001899085.1/protein.faa	yes
GCF_002949085.1	/dgxb_home/se26plsc001/arvind/Devosia_BGC/data/raw_genomes/ncbi_dataset/data/GCF_002949085.1/GCF_002949085.1_ASM294908v1_genomic.fna	/dgxb_home/se26plsc001/arvind/Devosia_BGC/data/raw_genomes/ncbi_dataset/data/GCF_002949085.1/genomic.gff	/dgxb_home/se26plsc001/arvind/Devosia_BGC/data/raw_genomes/ncbi_dataset/data/GCF_002949085.1/protein.faa	yes
GCF_003056345.1	/dgxb_home/se26plsc001/arvind/Devosia_BGC/data/raw_genomes/ncbi_dataset/data/GCF_003056345.1/GCF_003056345.1_ASM305634v1_genomic.fna	/dgxb_home/se26plsc001/arvind/Devosia_BGC/data/raw_genomes/ncbi_dataset/data/GCF_003056345.1/genomic.gff	/dgxb_home/se26plsc001/arvind/Devosia_BGC/data/raw_genomes/ncbi_dataset/data/GCF_003056345.1/protein.faa	yes
GCF_003056355.1	/dgxb_home/se26plsc001/arvind/Devosia_BGC/data/raw_genomes/ncbi_dataset/data/GCF_003056355.1/GCF_003056355.1_ASM305635v1_genomic.fna	/dgxb_home/se26plsc001/arvind/Devosia_BGC/data/raw_genomes/ncbi_dataset/data/GCF_003056355.1/genomic.gff	/dgxb_home/se26plsc001/arvind/Devosia_BGC/data/raw_genomes/ncbi_dataset/data/GCF_003056355.1/protein.faa	yes
GCF_003056405.1	/dgxb_home/se26plsc001/arvind/Devosia_BGC/data/raw_genomes/ncbi_dataset/data/GCF_003056405.1/GCF_003056405.1_ASM305640v1_genomic.fna	/dgxb_home/se26plsc001/arvind/Devosia_BGC/data/raw_genomes/ncbi_dataset/data/GCF_003056405.1/genomic.gff	/dgxb_home/se26plsc001/arvind/Devosia_BGC/data/raw_genomes/ncbi_dataset/data/GCF_003056405.1/protein.faa	yes
GCF_004005995.1	/dgxb_home/se26plsc001/arvind/Devosia_BGC/data/raw_genomes/ncbi_dataset/data/GCF_004005995.1/GCF_004005995.1_ASM400599v1_genomic.fna	/dgxb_home/se26plsc001/arvind/Devosia_BGC/data/raw_genomes/ncbi_dataset/data/GCF_004005995.1/genomic.gff	/dgxb_home/se26plsc001/arvind/Devosia_BGC/data/raw_genomes/ncbi_dataset/data/GCF_004005995.1/protein.faa	yes
GCF_005222805.1	/dgxb_home/se26plsc001/arvind/Devosia_BGC/data/raw_genomes/ncbi_dataset/data/GCF_005222805.1/GCF_005222805.1_ASM522280v1_genomic.fna	/dgxb_home/se26plsc001/arvind/Devosia_BGC/data/raw_genomes/ncbi_dataset/data/GCF_005222805.1/genomic.gff	/dgxb_home/se26plsc001/arvind/Devosia_BGC/data/raw_genomes/ncbi_dataset/data/GCF_005222805.1/protein.faa	yes
GCF_007859655.1	/dgxb_home/se26plsc001/arvind/Devosia_BGC/data/raw_genomes/ncbi_dataset/data/GCF_007859655.1/GCF_007859655.1_ASM785965v1_genomic.fna	/dgxb_home/se26plsc001/arvind/Devosia_BGC/data/raw_genomes/ncbi_dataset/data/GCF_007859655.1/genomic.gff	/dgxb_home/se26plsc001/arvind/Devosia_BGC/data/raw_genomes/ncbi_dataset/data/GCF_007859655.1/protein.faa	yes
GCF_009758415.1	/dgxb_home/se26plsc001/arvind/Devosia_BGC/data/raw_genomes/ncbi_dataset/data/GCF_009758415.1/GCF_009758415.1_ASM975841v1_genomic.fna	/dgxb_home/se26plsc001/arvind/Devosia_BGC/data/raw_genomes/ncbi_dataset/data/GCF_009758415.1/genomic.gff	/dgxb_home/se26plsc001/arvind/Devosia_BGC/data/raw_genomes/ncbi_dataset/data/GCF_009758415.1/protein.faa	yes
GCF_011058215.1	/dgxb_home/se26plsc001/arvind/Devosia_BGC/data/raw_genomes/ncbi_dataset/data/GCF_011058215.1/GCF_011058215.1_ASM1105821v1_genomic.fna	/dgxb_home/se26plsc001/arvind/Devosia_BGC/data/raw_genomes/ncbi_dataset/data/GCF_011058215.1/genomic.gff	/dgxb_home/se26plsc001/arvind/Devosia_BGC/data/raw_genomes/ncbi_dataset/data/GCF_011058215.1/protein.faa	yes
GCF_012847305.1	/dgxb_home/se26plsc001/arvind/Devosia_BGC/data/raw_genomes/ncbi_dataset/data/GCF_012847305.1/GCF_012847305.1_ASM1284730v1_genomic.fna	/dgxb_home/se26plsc001/arvind/Devosia_BGC/data/raw_genomes/ncbi_dataset/data/GCF_012847305.1/genomic.gff	/dgxb_home/se26plsc001/arvind/Devosia_BGC/data/raw_genomes/ncbi_dataset/data/GCF_012847305.1/protein.faa	yes
GCF_013185955.1	/dgxb_home/se26plsc001/arvind/Devosia_BGC/data/raw_genomes/ncbi_dataset/data/GCF_013185955.1/GCF_013185955.1_ASM1318595v1_genomic.fna	/dgxb_home/se26plsc001/arvind/Devosia_BGC/data/raw_genomes/ncbi_dataset/data/GCF_013185955.1/genomic.gff	/dgxb_home/se26plsc001/arvind/Devosia_BGC/data/raw_genomes/ncbi_dataset/data/GCF_013185955.1/protein.faa	yes
GCF_013185965.1	/dgxb_home/se26plsc001/arvind/Devosia_BGC/data/raw_genomes/ncbi_dataset/data/GCF_013185965.1/GCF_013185965.1_ASM1318596v1_genomic.fna	/dgxb_home/se26plsc001/arvind/Devosia_BGC/data/raw_genomes/ncbi_dataset/data/GCF_013185965.1/genomic.gff	/dgxb_home/se26plsc001/arvind/Devosia_BGC/data/raw_genomes/ncbi_dataset/data/GCF_013185965.1/protein.faa	yes
GCF_014127105.1	/dgxb_home/se26plsc001/arvind/Devosia_BGC/data/raw_genomes/ncbi_dataset/data/GCF_014127105.1/GCF_014127105.1_ASM1412710v1_genomic.fna	/dgxb_home/se26plsc001/arvind/Devosia_BGC/data/raw_genomes/ncbi_dataset/data/GCF_014127105.1/genomic.gff	/dgxb_home/se26plsc001/arvind/Devosia_BGC/data/raw_genomes/ncbi_dataset/data/GCF_014127105.1/protein.faa	yes
GCF_014197055.1	/dgxb_home/se26plsc001/arvind/Devosia_BGC/data/raw_genomes/ncbi_dataset/data/GCF_014197055.1/GCF_014197055.1_ASM1419705v1_genomic.fna	/dgxb_home/se26plsc001/arvind/Devosia_BGC/data/raw_genomes/ncbi_dataset/data/GCF_014197055.1/genomic.gff	/dgxb_home/se26plsc001/arvind/Devosia_BGC/data/raw_genomes/ncbi_dataset/data/GCF_014197055.1/protein.faa	yes
GCF_014652635.1	/dgxb_home/se26plsc001/arvind/Devosia_BGC/data/raw_genomes/ncbi_dataset/data/GCF_014652635.1/GCF_014652635.1_ASM1465263v1_genomic.fna	/dgxb_home/se26plsc001/arvind/Devosia_BGC/data/raw_genomes/ncbi_dataset/data/GCF_014652635.1/genomic.gff	/dgxb_home/se26plsc001/arvind/Devosia_BGC/data/raw_genomes/ncbi_dataset/data/GCF_014652635.1/protein.faa	yes
GCF_014837245.1	/dgxb_home/se26plsc001/arvind/Devosia_BGC/data/raw_genomes/ncbi_dataset/data/GCF_014837245.1/GCF_014837245.1_ASM1483724v1_genomic.fna	/dgxb_home/se26plsc001/arvind/Devosia_BGC/data/raw_genomes/ncbi_dataset/data/GCF_014837245.1/genomic.gff	/dgxb_home/se26plsc001/arvind/Devosia_BGC/data/raw_genomes/ncbi_dataset/data/GCF_014837245.1/protein.faa	yes
GCF_014860165.1	/dgxb_home/se26plsc001/arvind/Devosia_BGC/data/raw_genomes/ncbi_dataset/data/GCF_014860165.1/GCF_014860165.1_ASM1486016v1_genomic.fna	/dgxb_home/se26plsc001/arvind/Devosia_BGC/data/raw_genomes/ncbi_dataset/data/GCF_014860165.1/genomic.gff	/dgxb_home/se26plsc001/arvind/Devosia_BGC/data/raw_genomes/ncbi_dataset/data/GCF_014860165.1/protein.faa	yes
GCF_014926585.1	/dgxb_home/se26plsc001/arvind/Devosia_BGC/data/raw_genomes/ncbi_dataset/data/GCF_014926585.1/GCF_014926585.1_ASM1492658v1_genomic.fna	/dgxb_home/se26plsc001/arvind/Devosia_BGC/data/raw_genomes/ncbi_dataset/data/GCF_014926585.1/genomic.gff	/dgxb_home/se26plsc001/arvind/Devosia_BGC/data/raw_genomes/ncbi_dataset/data/GCF_014926585.1/protein.faa	yes
GCF_015158295.1	/dgxb_home/se26plsc001/arvind/Devosia_BGC/data/raw_genomes/ncbi_dataset/data/GCF_015158295.1/GCF_015158295.1_ASM1515829v1_genomic.fna	/dgxb_home/se26plsc001/arvind/Devosia_BGC/data/raw_genomes/ncbi_dataset/data/GCF_015158295.1/genomic.gff	/dgxb_home/se26plsc001/arvind/Devosia_BGC/data/raw_genomes/ncbi_dataset/data/GCF_015158295.1/protein.faa	yes
GCF_015234425.1	/dgxb_home/se26plsc001/arvind/Devosia_BGC/data/raw_genomes/ncbi_dataset/data/GCF_015234425.1/GCF_015234425.1_ASM1523442v1_genomic.fna	/dgxb_home/se26plsc001/arvind/Devosia_BGC/data/raw_genomes/ncbi_dataset/data/GCF_015234425.1/genomic.gff	/dgxb_home/se26plsc001/arvind/Devosia_BGC/data/raw_genomes/ncbi_dataset/data/GCF_015234425.1/protein.faa	yes
GCF_016411825.1	/dgxb_home/se26plsc001/arvind/Devosia_BGC/data/raw_genomes/ncbi_dataset/data/GCF_016411825.1/GCF_016411825.1_ASM1641182v1_genomic.fna	/dgxb_home/se26plsc001/arvind/Devosia_BGC/data/raw_genomes/ncbi_dataset/data/GCF_016411825.1/genomic.gff	/dgxb_home/se26plsc001/arvind/Devosia_BGC/data/raw_genomes/ncbi_dataset/data/GCF_016411825.1/protein.faa	yes
GCF_016457235.1	/dgxb_home/se26plsc001/arvind/Devosia_BGC/data/raw_genomes/ncbi_dataset/data/GCF_016457235.1/GCF_016457235.1_ASM1645723v1_genomic.fna	/dgxb_home/se26plsc001/arvind/Devosia_BGC/data/raw_genomes/ncbi_dataset/data/GCF_016457235.1/genomic.gff	/dgxb_home/se26plsc001/arvind/Devosia_BGC/data/raw_genomes/ncbi_dataset/data/GCF_016457235.1/protein.faa	yes
GCF_016461625.1	/dgxb_home/se26plsc001/arvind/Devosia_BGC/data/raw_genomes/ncbi_dataset/data/GCF_016461625.1/GCF_016461625.1_ASM1646162v1_genomic.fna	/dgxb_home/se26plsc001/arvind/Devosia_BGC/data/raw_genomes/ncbi_dataset/data/GCF_016461625.1/genomic.gff	/dgxb_home/se26plsc001/arvind/Devosia_BGC/data/raw_genomes/ncbi_dataset/data/GCF_016461625.1/protein.faa	yes
GCF_016595685.1	/dgxb_home/se26plsc001/arvind/Devosia_BGC/data/raw_genomes/ncbi_dataset/data/GCF_016595685.1/GCF_016595685.1_ASM1659568v1_genomic.fna	/dgxb_home/se26plsc001/arvind/Devosia_BGC/data/raw_genomes/ncbi_dataset/data/GCF_016595685.1/genomic.gff	/dgxb_home/se26plsc001/arvind/Devosia_BGC/data/raw_genomes/ncbi_dataset/data/GCF_016595685.1/protein.faa	yes
GCF_016698645.1	/dgxb_home/se26plsc001/arvind/Devosia_BGC/data/raw_genomes/ncbi_dataset/data/GCF_016698645.1/GCF_016698645.1_ASM1669864v1_genomic.fna	/dgxb_home/se26plsc001/arvind/Devosia_BGC/data/raw_genomes/ncbi_dataset/data/GCF_016698645.1/genomic.gff	/dgxb_home/se26plsc001/arvind/Devosia_BGC/data/raw_genomes/ncbi_dataset/data/GCF_016698645.1/protein.faa	yes
GCF_016698665.1	/dgxb_home/se26plsc001/arvind/Devosia_BGC/data/raw_genomes/ncbi_dataset/data/GCF_016698665.1/GCF_016698665.1_ASM1669866v1_genomic.fna	/dgxb_home/se26plsc001/arvind/Devosia_BGC/data/raw_genomes/ncbi_dataset/data/GCF_016698665.1/genomic.gff	/dgxb_home/se26plsc001/arvind/Devosia_BGC/data/raw_genomes/ncbi_dataset/data/GCF_016698665.1/protein.faa	yes
GCF_017307475.1	/dgxb_home/se26plsc001/arvind/Devosia_BGC/data/raw_genomes/ncbi_dataset/data/GCF_017307475.1/GCF_017307475.1_ASM1730747v1_genomic.fna	/dgxb_home/se26plsc001/arvind/Devosia_BGC/data/raw_genomes/ncbi_dataset/data/GCF_017307475.1/genomic.gff	/dgxb_home/se26plsc001/arvind/Devosia_BGC/data/raw_genomes/ncbi_dataset/data/GCF_017307475.1/protein.faa	yes
GCF_017307495.1	/dgxb_home/se26plsc001/arvind/Devosia_BGC/data/raw_genomes/ncbi_dataset/data/GCF_017307495.1/GCF_017307495.1_ASM1730749v1_genomic.fna	/dgxb_home/se26plsc001/arvind/Devosia_BGC/data/raw_genomes/ncbi_dataset/data/GCF_017307495.1/genomic.gff	/dgxb_home/se26plsc001/arvind/Devosia_BGC/data/raw_genomes/ncbi_dataset/data/GCF_017307495.1/protein.faa	yes
GCF_017307535.1	/dgxb_home/se26plsc001/arvind/Devosia_BGC/data/raw_genomes/ncbi_dataset/data/GCF_017307535.1/GCF_017307535.1_ASM1730753v1_genomic.fna	/dgxb_home/se26plsc001/arvind/Devosia_BGC/data/raw_genomes/ncbi_dataset/data/GCF_017307535.1/genomic.gff	/dgxb_home/se26plsc001/arvind/Devosia_BGC/data/raw_genomes/ncbi_dataset/data/GCF_017307535.1/protein.faa	yes
GCF_017744655.1	/dgxb_home/se26plsc001/arvind/Devosia_BGC/data/raw_genomes/ncbi_dataset/data/GCF_017744655.1/GCF_017744655.1_ASM1774465v1_genomic.fna	/dgxb_home/se26plsc001/arvind/Devosia_BGC/data/raw_genomes/ncbi_dataset/data/GCF_017744655.1/genomic.gff	/dgxb_home/se26plsc001/arvind/Devosia_BGC/data/raw_genomes/ncbi_dataset/data/GCF_017744655.1/protein.faa	yes
GCF_018334155.1	/dgxb_home/se26plsc001/arvind/Devosia_BGC/data/raw_genomes/ncbi_dataset/data/GCF_018334155.1/GCF_018334155.1_ASM1833415v1_genomic.fna	/dgxb_home/se26plsc001/arvind/Devosia_BGC/data/raw_genomes/ncbi_dataset/data/GCF_018334155.1/genomic.gff	/dgxb_home/se26plsc001/arvind/Devosia_BGC/data/raw_genomes/ncbi_dataset/data/GCF_018334155.1/protein.faa	yes
GCF_019504385.1	/dgxb_home/se26plsc001/arvind/Devosia_BGC/data/raw_genomes/ncbi_dataset/data/GCF_019504385.1/GCF_019504385.1_ASM1950438v1_genomic.fna	/dgxb_home/se26plsc001/arvind/Devosia_BGC/data/raw_genomes/ncbi_dataset/data/GCF_019504385.1/genomic.gff	/dgxb_home/se26plsc001/arvind/Devosia_BGC/data/raw_genomes/ncbi_dataset/data/GCF_019504385.1/protein.faa	yes
GCF_020169335.1	/dgxb_home/se26plsc001/arvind/Devosia_BGC/data/raw_genomes/ncbi_dataset/data/GCF_020169335.1/GCF_020169335.1_ASM2016933v1_genomic.fna	/dgxb_home/se26plsc001/arvind/Devosia_BGC/data/raw_genomes/ncbi_dataset/data/GCF_020169335.1/genomic.gff	/dgxb_home/se26plsc001/arvind/Devosia_BGC/data/raw_genomes/ncbi_dataset/data/GCF_020169335.1/protein.faa	yes
GCF_021729885.1	/dgxb_home/se26plsc001/arvind/Devosia_BGC/data/raw_genomes/ncbi_dataset/data/GCF_021729885.1/GCF_021729885.1_ASM2172988v1_genomic.fna	/dgxb_home/se26plsc001/arvind/Devosia_BGC/data/raw_genomes/ncbi_dataset/data/GCF_021729885.1/genomic.gff	/dgxb_home/se26plsc001/arvind/Devosia_BGC/data/raw_genomes/ncbi_dataset/data/GCF_021729885.1/protein.faa	yes
GCF_022429625.1	/dgxb_home/se26plsc001/arvind/Devosia_BGC/data/raw_genomes/ncbi_dataset/data/GCF_022429625.1/GCF_022429625.1_ASM2242962v1_genomic.fna	/dgxb_home/se26plsc001/arvind/Devosia_BGC/data/raw_genomes/ncbi_dataset/data/GCF_022429625.1/genomic.gff	/dgxb_home/se26plsc001/arvind/Devosia_BGC/data/raw_genomes/ncbi_dataset/data/GCF_022429625.1/protein.faa	yes
GCF_024158985.1	/dgxb_home/se26plsc001/arvind/Devosia_BGC/data/raw_genomes/ncbi_dataset/data/GCF_024158985.1/GCF_024158985.1_ASM2415898v1_genomic.fna	/dgxb_home/se26plsc001/arvind/Devosia_BGC/data/raw_genomes/ncbi_dataset/data/GCF_024158985.1/genomic.gff	/dgxb_home/se26plsc001/arvind/Devosia_BGC/data/raw_genomes/ncbi_dataset/data/GCF_024158985.1/protein.faa	yes
GCF_024273195.1	/dgxb_home/se26plsc001/arvind/Devosia_BGC/data/raw_genomes/ncbi_dataset/data/GCF_024273195.1/GCF_024273195.1_ASM2427319v1_genomic.fna	/dgxb_home/se26plsc001/arvind/Devosia_BGC/data/raw_genomes/ncbi_dataset/data/GCF_024273195.1/genomic.gff	/dgxb_home/se26plsc001/arvind/Devosia_BGC/data/raw_genomes/ncbi_dataset/data/GCF_024273195.1/protein.faa	yes
GCF_024273205.1	/dgxb_home/se26plsc001/arvind/Devosia_BGC/data/raw_genomes/ncbi_dataset/data/GCF_024273205.1/GCF_024273205.1_ASM2427320v1_genomic.fna	/dgxb_home/se26plsc001/arvind/Devosia_BGC/data/raw_genomes/ncbi_dataset/data/GCF_024273205.1/genomic.gff	/dgxb_home/se26plsc001/arvind/Devosia_BGC/data/raw_genomes/ncbi_dataset/data/GCF_024273205.1/protein.faa	yes
GCF_024707105.1	/dgxb_home/se26plsc001/arvind/Devosia_BGC/data/raw_genomes/ncbi_dataset/data/GCF_024707105.1/GCF_024707105.1_ASM2470710v1_genomic.fna	/dgxb_home/se26plsc001/arvind/Devosia_BGC/data/raw_genomes/ncbi_dataset/data/GCF_024707105.1/genomic.gff	/dgxb_home/se26plsc001/arvind/Devosia_BGC/data/raw_genomes/ncbi_dataset/data/GCF_024707105.1/protein.faa	yes
GCF_024707125.1	/dgxb_home/se26plsc001/arvind/Devosia_BGC/data/raw_genomes/ncbi_dataset/data/GCF_024707125.1/GCF_024707125.1_ASM2470712v1_genomic.fna	/dgxb_home/se26plsc001/arvind/Devosia_BGC/data/raw_genomes/ncbi_dataset/data/GCF_024707125.1/genomic.gff	/dgxb_home/se26plsc001/arvind/Devosia_BGC/data/raw_genomes/ncbi_dataset/data/GCF_024707125.1/protein.faa	yes
GCF_025452235.1	/dgxb_home/se26plsc001/arvind/Devosia_BGC/data/raw_genomes/ncbi_dataset/data/GCF_025452235.1/GCF_025452235.1_ASM2545223v1_genomic.fna	/dgxb_home/se26plsc001/arvind/Devosia_BGC/data/raw_genomes/ncbi_dataset/data/GCF_025452235.1/genomic.gff	/dgxb_home/se26plsc001/arvind/Devosia_BGC/data/raw_genomes/ncbi_dataset/data/GCF_025452235.1/protein.faa	yes
GCF_025809055.1	/dgxb_home/se26plsc001/arvind/Devosia_BGC/data/raw_genomes/ncbi_dataset/data/GCF_025809055.1/GCF_025809055.1_ASM2580905v1_genomic.fna	/dgxb_home/se26plsc001/arvind/Devosia_BGC/data/raw_genomes/ncbi_dataset/data/GCF_025809055.1/genomic.gff	/dgxb_home/se26plsc001/arvind/Devosia_BGC/data/raw_genomes/ncbi_dataset/data/GCF_025809055.1/protein.faa	yes
GCF_027214225.1	/dgxb_home/se26plsc001/arvind/Devosia_BGC/data/raw_genomes/ncbi_dataset/data/GCF_027214225.1/GCF_027214225.1_ASM2721422v1_genomic.fna	/dgxb_home/se26plsc001/arvind/Devosia_BGC/data/raw_genomes/ncbi_dataset/data/GCF_027214225.1/genomic.gff	/dgxb_home/se26plsc001/arvind/Devosia_BGC/data/raw_genomes/ncbi_dataset/data/GCF_027214225.1/protein.faa	yes
GCF_028290435.1	/dgxb_home/se26plsc001/arvind/Devosia_BGC/data/raw_genomes/ncbi_dataset/data/GCF_028290435.1/GCF_028290435.1_ASM2829043v1_genomic.fna	/dgxb_home/se26plsc001/arvind/Devosia_BGC/data/raw_genomes/ncbi_dataset/data/GCF_028290435.1/genomic.gff	/dgxb_home/se26plsc001/arvind/Devosia_BGC/data/raw_genomes/ncbi_dataset/data/GCF_028290435.1/protein.faa	yes
GCF_028290625.1	/dgxb_home/se26plsc001/arvind/Devosia_BGC/data/raw_genomes/ncbi_dataset/data/GCF_028290625.1/GCF_028290625.1_ASM2829062v1_genomic.fna	/dgxb_home/se26plsc001/arvind/Devosia_BGC/data/raw_genomes/ncbi_dataset/data/GCF_028290625.1/genomic.gff	/dgxb_home/se26plsc001/arvind/Devosia_BGC/data/raw_genomes/ncbi_dataset/data/GCF_028290625.1/protein.faa	yes
GCF_028613635.1	/dgxb_home/se26plsc001/arvind/Devosia_BGC/data/raw_genomes/ncbi_dataset/data/GCF_028613635.1/GCF_028613635.1_ASM2861363v1_genomic.fna	/dgxb_home/se26plsc001/arvind/Devosia_BGC/data/raw_genomes/ncbi_dataset/data/GCF_028613635.1/genomic.gff	/dgxb_home/se26plsc001/arvind/Devosia_BGC/data/raw_genomes/ncbi_dataset/data/GCF_028613635.1/protein.faa	yes
GCF_028816435.1	/dgxb_home/se26plsc001/arvind/Devosia_BGC/data/raw_genomes/ncbi_dataset/data/GCF_028816435.1/GCF_028816435.1_ASM2881643v1_genomic.fna	/dgxb_home/se26plsc001/arvind/Devosia_BGC/data/raw_genomes/ncbi_dataset/data/GCF_028816435.1/genomic.gff	/dgxb_home/se26plsc001/arvind/Devosia_BGC/data/raw_genomes/ncbi_dataset/data/GCF_028816435.1/protein.faa	yes
GCF_028816455.1	/dgxb_home/se26plsc001/arvind/Devosia_BGC/data/raw_genomes/ncbi_dataset/data/GCF_028816455.1/GCF_028816455.1_ASM2881645v1_genomic.fna	/dgxb_home/se26plsc001/arvind/Devosia_BGC/data/raw_genomes/ncbi_dataset/data/GCF_028816455.1/genomic.gff	/dgxb_home/se26plsc001/arvind/Devosia_BGC/data/raw_genomes/ncbi_dataset/data/GCF_028816455.1/protein.faa	yes
GCF_028816475.1	/dgxb_home/se26plsc001/arvind/Devosia_BGC/data/raw_genomes/ncbi_dataset/data/GCF_028816475.1/GCF_028816475.1_ASM2881647v1_genomic.fna	/dgxb_home/se26plsc001/arvind/Devosia_BGC/data/raw_genomes/ncbi_dataset/data/GCF_028816475.1/genomic.gff	/dgxb_home/se26plsc001/arvind/Devosia_BGC/data/raw_genomes/ncbi_dataset/data/GCF_028816475.1/protein.faa	yes
GCF_029201545.1	/dgxb_home/se26plsc001/arvind/Devosia_BGC/data/raw_genomes/ncbi_dataset/data/GCF_029201545.1/GCF_029201545.1_ASM2920154v1_genomic.fna	/dgxb_home/se26plsc001/arvind/Devosia_BGC/data/raw_genomes/ncbi_dataset/data/GCF_029201545.1/genomic.gff	/dgxb_home/se26plsc001/arvind/Devosia_BGC/data/raw_genomes/ncbi_dataset/data/GCF_029201545.1/protein.faa	yes
GCF_029201565.1	/dgxb_home/se26plsc001/arvind/Devosia_BGC/data/raw_genomes/ncbi_dataset/data/GCF_029201565.1/GCF_029201565.1_ASM2920156v1_genomic.fna	/dgxb_home/se26plsc001/arvind/Devosia_BGC/data/raw_genomes/ncbi_dataset/data/GCF_029201565.1/genomic.gff	/dgxb_home/se26plsc001/arvind/Devosia_BGC/data/raw_genomes/ncbi_dataset/data/GCF_029201565.1/protein.faa	yes
GCF_030159855.1	/dgxb_home/se26plsc001/arvind/Devosia_BGC/data/raw_genomes/ncbi_dataset/data/GCF_030159855.1/GCF_030159855.1_ASM3015985v1_genomic.fna	/dgxb_home/se26plsc001/arvind/Devosia_BGC/data/raw_genomes/ncbi_dataset/data/GCF_030159855.1/genomic.gff	/dgxb_home/se26plsc001/arvind/Devosia_BGC/data/raw_genomes/ncbi_dataset/data/GCF_030159855.1/protein.faa	yes
GCF_030160115.1	/dgxb_home/se26plsc001/arvind/Devosia_BGC/data/raw_genomes/ncbi_dataset/data/GCF_030160115.1/GCF_030160115.1_ASM3016011v1_genomic.fna	/dgxb_home/se26plsc001/arvind/Devosia_BGC/data/raw_genomes/ncbi_dataset/data/GCF_030160115.1/genomic.gff	/dgxb_home/se26plsc001/arvind/Devosia_BGC/data/raw_genomes/ncbi_dataset/data/GCF_030160115.1/protein.faa	yes
GCF_030177755.1	/dgxb_home/se26plsc001/arvind/Devosia_BGC/data/raw_genomes/ncbi_dataset/data/GCF_030177755.1/GCF_030177755.1_ASM3017775v1_genomic.fna	/dgxb_home/se26plsc001/arvind/Devosia_BGC/data/raw_genomes/ncbi_dataset/data/GCF_030177755.1/genomic.gff	/dgxb_home/se26plsc001/arvind/Devosia_BGC/data/raw_genomes/ncbi_dataset/data/GCF_030177755.1/protein.faa	yes
GCF_030285925.1	/dgxb_home/se26plsc001/arvind/Devosia_BGC/data/raw_genomes/ncbi_dataset/data/GCF_030285925.1/GCF_030285925.1_ASM3028592v1_genomic.fna	/dgxb_home/se26plsc001/arvind/Devosia_BGC/data/raw_genomes/ncbi_dataset/data/GCF_030285925.1/genomic.gff	/dgxb_home/se26plsc001/arvind/Devosia_BGC/data/raw_genomes/ncbi_dataset/data/GCF_030285925.1/protein.faa	yes
GCF_032907385.1	/dgxb_home/se26plsc001/arvind/Devosia_BGC/data/raw_genomes/ncbi_dataset/data/GCF_032907385.1/GCF_032907385.1_ASM3290738v1_genomic.fna	/dgxb_home/se26plsc001/arvind/Devosia_BGC/data/raw_genomes/ncbi_dataset/data/GCF_032907385.1/genomic.gff	/dgxb_home/se26plsc001/arvind/Devosia_BGC/data/raw_genomes/ncbi_dataset/data/GCF_032907385.1/protein.faa	yes
GCF_035944845.1	/dgxb_home/se26plsc001/arvind/Devosia_BGC/data/raw_genomes/ncbi_dataset/data/GCF_035944845.1/GCF_035944845.1_ASM3594484v1_genomic.fna	/dgxb_home/se26plsc001/arvind/Devosia_BGC/data/raw_genomes/ncbi_dataset/data/GCF_035944845.1/genomic.gff	/dgxb_home/se26plsc001/arvind/Devosia_BGC/data/raw_genomes/ncbi_dataset/data/GCF_035944845.1/protein.faa	yes
GCF_036563435.1	/dgxb_home/se26plsc001/arvind/Devosia_BGC/data/raw_genomes/ncbi_dataset/data/GCF_036563435.1/GCF_036563435.1_ASM3656343v1_genomic.fna	/dgxb_home/se26plsc001/arvind/Devosia_BGC/data/raw_genomes/ncbi_dataset/data/GCF_036563435.1/genomic.gff	/dgxb_home/se26plsc001/arvind/Devosia_BGC/data/raw_genomes/ncbi_dataset/data/GCF_036563435.1/protein.faa	yes
GCF_037113415.1	/dgxb_home/se26plsc001/arvind/Devosia_BGC/data/raw_genomes/ncbi_dataset/data/GCF_037113415.1/GCF_037113415.1_XK-2_genomic.fna	/dgxb_home/se26plsc001/arvind/Devosia_BGC/data/raw_genomes/ncbi_dataset/data/GCF_037113415.1/genomic.gff	/dgxb_home/se26plsc001/arvind/Devosia_BGC/data/raw_genomes/ncbi_dataset/data/GCF_037113415.1/protein.faa	yes
GCF_039916045.1	/dgxb_home/se26plsc001/arvind/Devosia_BGC/data/raw_genomes/ncbi_dataset/data/GCF_039916045.1/GCF_039916045.1_ASM3991604v1_genomic.fna	/dgxb_home/se26plsc001/arvind/Devosia_BGC/data/raw_genomes/ncbi_dataset/data/GCF_039916045.1/genomic.gff	/dgxb_home/se26plsc001/arvind/Devosia_BGC/data/raw_genomes/ncbi_dataset/data/GCF_039916045.1/protein.faa	yes
GCF_039927955.1	/dgxb_home/se26plsc001/arvind/Devosia_BGC/data/raw_genomes/ncbi_dataset/data/GCF_039927955.1/GCF_039927955.1_ASM3992795v1_genomic.fna	/dgxb_home/se26plsc001/arvind/Devosia_BGC/data/raw_genomes/ncbi_dataset/data/GCF_039927955.1/genomic.gff	/dgxb_home/se26plsc001/arvind/Devosia_BGC/data/raw_genomes/ncbi_dataset/data/GCF_039927955.1/protein.faa	yes
GCF_040223715.1	/dgxb_home/se26plsc001/arvind/Devosia_BGC/data/raw_genomes/ncbi_dataset/data/GCF_040223715.1/GCF_040223715.1_ASM4022371v1_genomic.fna	/dgxb_home/se26plsc001/arvind/Devosia_BGC/data/raw_genomes/ncbi_dataset/data/GCF_040223715.1/genomic.gff	/dgxb_home/se26plsc001/arvind/Devosia_BGC/data/raw_genomes/ncbi_dataset/data/GCF_040223715.1/protein.faa	yes
GCF_040546795.1	/dgxb_home/se26plsc001/arvind/Devosia_BGC/data/raw_genomes/ncbi_dataset/data/GCF_040546795.1/GCF_040546795.1_ASM4054679v1_genomic.fna	/dgxb_home/se26plsc001/arvind/Devosia_BGC/data/raw_genomes/ncbi_dataset/data/GCF_040546795.1/genomic.gff	/dgxb_home/se26plsc001/arvind/Devosia_BGC/data/raw_genomes/ncbi_dataset/data/GCF_040546795.1/protein.faa	yes
GCF_040546815.1	/dgxb_home/se26plsc001/arvind/Devosia_BGC/data/raw_genomes/ncbi_dataset/data/GCF_040546815.1/GCF_040546815.1_ASM4054681v1_genomic.fna	/dgxb_home/se26plsc001/arvind/Devosia_BGC/data/raw_genomes/ncbi_dataset/data/GCF_040546815.1/genomic.gff	/dgxb_home/se26plsc001/arvind/Devosia_BGC/data/raw_genomes/ncbi_dataset/data/GCF_040546815.1/protein.faa	yes
GCF_042181575.1	/dgxb_home/se26plsc001/arvind/Devosia_BGC/data/raw_genomes/ncbi_dataset/data/GCF_042181575.1/GCF_042181575.1_ASM4218157v1_genomic.fna	/dgxb_home/se26plsc001/arvind/Devosia_BGC/data/raw_genomes/ncbi_dataset/data/GCF_042181575.1/genomic.gff	/dgxb_home/se26plsc001/arvind/Devosia_BGC/data/raw_genomes/ncbi_dataset/data/GCF_042181575.1/protein.faa	yes
GCF_042431865.1	/dgxb_home/se26plsc001/arvind/Devosia_BGC/data/raw_genomes/ncbi_dataset/data/GCF_042431865.1/GCF_042431865.1_ASM4243186v1_genomic.fna	/dgxb_home/se26plsc001/arvind/Devosia_BGC/data/raw_genomes/ncbi_dataset/data/GCF_042431865.1/genomic.gff	/dgxb_home/se26plsc001/arvind/Devosia_BGC/data/raw_genomes/ncbi_dataset/data/GCF_042431865.1/protein.faa	yes
GCF_042648785.1	/dgxb_home/se26plsc001/arvind/Devosia_BGC/data/raw_genomes/ncbi_dataset/data/GCF_042648785.1/GCF_042648785.1_ASM4264878v1_genomic.fna	/dgxb_home/se26plsc001/arvind/Devosia_BGC/data/raw_genomes/ncbi_dataset/data/GCF_042648785.1/genomic.gff	/dgxb_home/se26plsc001/arvind/Devosia_BGC/data/raw_genomes/ncbi_dataset/data/GCF_042648785.1/protein.faa	yes
GCF_042679405.1	/dgxb_home/se26plsc001/arvind/Devosia_BGC/data/raw_genomes/ncbi_dataset/data/GCF_042679405.1/GCF_042679405.1_ASM4267940v1_genomic.fna	/dgxb_home/se26plsc001/arvind/Devosia_BGC/data/raw_genomes/ncbi_dataset/data/GCF_042679405.1/genomic.gff	/dgxb_home/se26plsc001/arvind/Devosia_BGC/data/raw_genomes/ncbi_dataset/data/GCF_042679405.1/protein.faa	yes
GCF_042685625.1	/dgxb_home/se26plsc001/arvind/Devosia_BGC/data/raw_genomes/ncbi_dataset/data/GCF_042685625.1/GCF_042685625.1_ASM4268562v1_genomic.fna	/dgxb_home/se26plsc001/arvind/Devosia_BGC/data/raw_genomes/ncbi_dataset/data/GCF_042685625.1/genomic.gff	/dgxb_home/se26plsc001/arvind/Devosia_BGC/data/raw_genomes/ncbi_dataset/data/GCF_042685625.1/protein.faa	yes
GCF_044987315.1	/dgxb_home/se26plsc001/arvind/Devosia_BGC/data/raw_genomes/ncbi_dataset/data/GCF_044987315.1/GCF_044987315.1_ASM4498731v1_genomic.fna	/dgxb_home/se26plsc001/arvind/Devosia_BGC/data/raw_genomes/ncbi_dataset/data/GCF_044987315.1/genomic.gff	/dgxb_home/se26plsc001/arvind/Devosia_BGC/data/raw_genomes/ncbi_dataset/data/GCF_044987315.1/protein.faa	yes
GCF_046614475.1	/dgxb_home/se26plsc001/arvind/Devosia_BGC/data/raw_genomes/ncbi_dataset/data/GCF_046614475.1/GCF_046614475.1_ASM4661447v1_genomic.fna	/dgxb_home/se26plsc001/arvind/Devosia_BGC/data/raw_genomes/ncbi_dataset/data/GCF_046614475.1/genomic.gff	/dgxb_home/se26plsc001/arvind/Devosia_BGC/data/raw_genomes/ncbi_dataset/data/GCF_046614475.1/protein.faa	yes
GCF_048261455.1	/dgxb_home/se26plsc001/arvind/Devosia_BGC/data/raw_genomes/ncbi_dataset/data/GCF_048261455.1/GCF_048261455.1_ASM4826145v1_genomic.fna	/dgxb_home/se26plsc001/arvind/Devosia_BGC/data/raw_genomes/ncbi_dataset/data/GCF_048261455.1/genomic.gff	/dgxb_home/se26plsc001/arvind/Devosia_BGC/data/raw_genomes/ncbi_dataset/data/GCF_048261455.1/protein.faa	yes
GCF_049354815.1	/dgxb_home/se26plsc001/arvind/Devosia_BGC/data/raw_genomes/ncbi_dataset/data/GCF_049354815.1/GCF_049354815.1_ASM4935481v1_genomic.fna	/dgxb_home/se26plsc001/arvind/Devosia_BGC/data/raw_genomes/ncbi_dataset/data/GCF_049354815.1/genomic.gff	/dgxb_home/se26plsc001/arvind/Devosia_BGC/data/raw_genomes/ncbi_dataset/data/GCF_049354815.1/protein.faa	yes
GCF_051302775.1	/dgxb_home/se26plsc001/arvind/Devosia_BGC/data/raw_genomes/ncbi_dataset/data/GCF_051302775.1/GCF_051302775.1_ASM5130277v1_genomic.fna	/dgxb_home/se26plsc001/arvind/Devosia_BGC/data/raw_genomes/ncbi_dataset/data/GCF_051302775.1/genomic.gff	/dgxb_home/se26plsc001/arvind/Devosia_BGC/data/raw_genomes/ncbi_dataset/data/GCF_051302775.1/protein.faa	yes
GCF_051861085.1	/dgxb_home/se26plsc001/arvind/Devosia_BGC/data/raw_genomes/ncbi_dataset/data/GCF_051861085.1/GCF_051861085.1_ASM5186108v1_genomic.fna	/dgxb_home/se26plsc001/arvind/Devosia_BGC/data/raw_genomes/ncbi_dataset/data/GCF_051861085.1/genomic.gff	/dgxb_home/se26plsc001/arvind/Devosia_BGC/data/raw_genomes/ncbi_dataset/data/GCF_051861085.1/protein.faa	yes
GCF_053550215.1	/dgxb_home/se26plsc001/arvind/Devosia_BGC/data/raw_genomes/ncbi_dataset/data/GCF_053550215.1/GCF_053550215.1_ASM5355021v1_genomic.fna	/dgxb_home/se26plsc001/arvind/Devosia_BGC/data/raw_genomes/ncbi_dataset/data/GCF_053550215.1/genomic.gff	/dgxb_home/se26plsc001/arvind/Devosia_BGC/data/raw_genomes/ncbi_dataset/data/GCF_053550215.1/protein.faa	yes
GCF_053579715.1	/dgxb_home/se26plsc001/arvind/Devosia_BGC/data/raw_genomes/ncbi_dataset/data/GCF_053579715.1/GCF_053579715.1_ASM5357971v1_genomic.fna	/dgxb_home/se26plsc001/arvind/Devosia_BGC/data/raw_genomes/ncbi_dataset/data/GCF_053579715.1/genomic.gff	/dgxb_home/se26plsc001/arvind/Devosia_BGC/data/raw_genomes/ncbi_dataset/data/GCF_053579715.1/protein.faa	yes
GCF_053579735.1	/dgxb_home/se26plsc001/arvind/Devosia_BGC/data/raw_genomes/ncbi_dataset/data/GCF_053579735.1/GCF_053579735.1_ASM5357973v1_genomic.fna	/dgxb_home/se26plsc001/arvind/Devosia_BGC/data/raw_genomes/ncbi_dataset/data/GCF_053579735.1/genomic.gff	/dgxb_home/se26plsc001/arvind/Devosia_BGC/data/raw_genomes/ncbi_dataset/data/GCF_053579735.1/protein.faa	yes
GCF_054482695.1	/dgxb_home/se26plsc001/arvind/Devosia_BGC/data/raw_genomes/ncbi_dataset/data/GCF_054482695.1/GCF_054482695.1_ASM5448269v1_genomic.fna	/dgxb_home/se26plsc001/arvind/Devosia_BGC/data/raw_genomes/ncbi_dataset/data/GCF_054482695.1/genomic.gff	/dgxb_home/se26plsc001/arvind/Devosia_BGC/data/raw_genomes/ncbi_dataset/data/GCF_054482695.1/protein.faa	yes
GCF_054489345.1	/dgxb_home/se26plsc001/arvind/Devosia_BGC/data/raw_genomes/ncbi_dataset/data/GCF_054489345.1/GCF_054489345.1_ASM5448934v1_genomic.fna	/dgxb_home/se26plsc001/arvind/Devosia_BGC/data/raw_genomes/ncbi_dataset/data/GCF_054489345.1/genomic.gff	/dgxb_home/se26plsc001/arvind/Devosia_BGC/data/raw_genomes/ncbi_dataset/data/GCF_054489345.1/protein.faa	yes
GCF_054489375.1	/dgxb_home/se26plsc001/arvind/Devosia_BGC/data/raw_genomes/ncbi_dataset/data/GCF_054489375.1/GCF_054489375.1_ASM5448937v1_genomic.fna	/dgxb_home/se26plsc001/arvind/Devosia_BGC/data/raw_genomes/ncbi_dataset/data/GCF_054489375.1/genomic.gff	/dgxb_home/se26plsc001/arvind/Devosia_BGC/data/raw_genomes/ncbi_dataset/data/GCF_054489375.1/protein.faa	yes
GCF_054605195.1	/dgxb_home/se26plsc001/arvind/Devosia_BGC/data/raw_genomes/ncbi_dataset/data/GCF_054605195.1/GCF_054605195.1_ASM5460519v1_genomic.fna	/dgxb_home/se26plsc001/arvind/Devosia_BGC/data/raw_genomes/ncbi_dataset/data/GCF_054605195.1/genomic.gff	/dgxb_home/se26plsc001/arvind/Devosia_BGC/data/raw_genomes/ncbi_dataset/data/GCF_054605195.1/protein.faa	yes
GCF_055397495.1	/dgxb_home/se26plsc001/arvind/Devosia_BGC/data/raw_genomes/ncbi_dataset/data/GCF_055397495.1/GCF_055397495.1_ASM5539749v1_genomic.fna	/dgxb_home/se26plsc001/arvind/Devosia_BGC/data/raw_genomes/ncbi_dataset/data/GCF_055397495.1/genomic.gff	/dgxb_home/se26plsc001/arvind/Devosia_BGC/data/raw_genomes/ncbi_dataset/data/GCF_055397495.1/protein.faa	yes
GCF_055633315.1	/dgxb_home/se26plsc001/arvind/Devosia_BGC/data/raw_genomes/ncbi_dataset/data/GCF_055633315.1/GCF_055633315.1_ASM5563331v1_genomic.fna	/dgxb_home/se26plsc001/arvind/Devosia_BGC/data/raw_genomes/ncbi_dataset/data/GCF_055633315.1/genomic.gff	/dgxb_home/se26plsc001/arvind/Devosia_BGC/data/raw_genomes/ncbi_dataset/data/GCF_055633315.1/protein.faa	yes
GCF_055808475.1	/dgxb_home/se26plsc001/arvind/Devosia_BGC/data/raw_genomes/ncbi_dataset/data/GCF_055808475.1/GCF_055808475.1_ASM5580847v1_genomic.fna	/dgxb_home/se26plsc001/arvind/Devosia_BGC/data/raw_genomes/ncbi_dataset/data/GCF_055808475.1/genomic.gff	/dgxb_home/se26plsc001/arvind/Devosia_BGC/data/raw_genomes/ncbi_dataset/data/GCF_055808475.1/protein.faa	yes
GCF_055808595.1	/dgxb_home/se26plsc001/arvind/Devosia_BGC/data/raw_genomes/ncbi_dataset/data/GCF_055808595.1/GCF_055808595.1_ASM5580859v1_genomic.fna	/dgxb_home/se26plsc001/arvind/Devosia_BGC/data/raw_genomes/ncbi_dataset/data/GCF_055808595.1/genomic.gff	/dgxb_home/se26plsc001/arvind/Devosia_BGC/data/raw_genomes/ncbi_dataset/data/GCF_055808595.1/protein.faa	yes
GCF_055809215.1	/dgxb_home/se26plsc001/arvind/Devosia_BGC/data/raw_genomes/ncbi_dataset/data/GCF_055809215.1/GCF_055809215.1_ASM5580921v1_genomic.fna	/dgxb_home/se26plsc001/arvind/Devosia_BGC/data/raw_genomes/ncbi_dataset/data/GCF_055809215.1/genomic.gff	/dgxb_home/se26plsc001/arvind/Devosia_BGC/data/raw_genomes/ncbi_dataset/data/GCF_055809215.1/protein.faa	yes
GCF_056341075.1	/dgxb_home/se26plsc001/arvind/Devosia_BGC/data/raw_genomes/ncbi_dataset/data/GCF_056341075.1/GCF_056341075.1_ASM5634107v1_genomic.fna	/dgxb_home/se26plsc001/arvind/Devosia_BGC/data/raw_genomes/ncbi_dataset/data/GCF_056341075.1/genomic.gff	/dgxb_home/se26plsc001/arvind/Devosia_BGC/data/raw_genomes/ncbi_dataset/data/GCF_056341075.1/protein.faa	yes
GCF_056402875.1	/dgxb_home/se26plsc001/arvind/Devosia_BGC/data/raw_genomes/ncbi_dataset/data/GCF_056402875.1/GCF_056402875.1_ASM5640287v1_genomic.fna	/dgxb_home/se26plsc001/arvind/Devosia_BGC/data/raw_genomes/ncbi_dataset/data/GCF_056402875.1/genomic.gff	/dgxb_home/se26plsc001/arvind/Devosia_BGC/data/raw_genomes/ncbi_dataset/data/GCF_056402875.1/protein.faa	yes
GCF_056403495.1	/dgxb_home/se26plsc001/arvind/Devosia_BGC/data/raw_genomes/ncbi_dataset/data/GCF_056403495.1/GCF_056403495.1_ASM5640349v1_genomic.fna	/dgxb_home/se26plsc001/arvind/Devosia_BGC/data/raw_genomes/ncbi_dataset/data/GCF_056403495.1/genomic.gff	/dgxb_home/se26plsc001/arvind/Devosia_BGC/data/raw_genomes/ncbi_dataset/data/GCF_056403495.1/protein.faa	yes
GCF_056405135.1	/dgxb_home/se26plsc001/arvind/Devosia_BGC/data/raw_genomes/ncbi_dataset/data/GCF_056405135.1/GCF_056405135.1_ASM5640513v1_genomic.fna	/dgxb_home/se26plsc001/arvind/Devosia_BGC/data/raw_genomes/ncbi_dataset/data/GCF_056405135.1/genomic.gff	/dgxb_home/se26plsc001/arvind/Devosia_BGC/data/raw_genomes/ncbi_dataset/data/GCF_056405135.1/protein.faa	yes
GCF_057657195.1	/dgxb_home/se26plsc001/arvind/Devosia_BGC/data/raw_genomes/ncbi_dataset/data/GCF_057657195.1/GCF_057657195.1_ASM5765719v1_genomic.fna	/dgxb_home/se26plsc001/arvind/Devosia_BGC/data/raw_genomes/ncbi_dataset/data/GCF_057657195.1/genomic.gff	/dgxb_home/se26plsc001/arvind/Devosia_BGC/data/raw_genomes/ncbi_dataset/data/GCF_057657195.1/protein.faa	yes
GCF_058133495.1	/dgxb_home/se26plsc001/arvind/Devosia_BGC/data/raw_genomes/ncbi_dataset/data/GCF_058133495.1/GCF_058133495.1_ASM5813349v1_genomic.fna	/dgxb_home/se26plsc001/arvind/Devosia_BGC/data/raw_genomes/ncbi_dataset/data/GCF_058133495.1/genomic.gff	/dgxb_home/se26plsc001/arvind/Devosia_BGC/data/raw_genomes/ncbi_dataset/data/GCF_058133495.1/protein.faa	yes
GCF_058133665.1	/dgxb_home/se26plsc001/arvind/Devosia_BGC/data/raw_genomes/ncbi_dataset/data/GCF_058133665.1/GCF_058133665.1_ASM5813366v1_genomic.fna	/dgxb_home/se26plsc001/arvind/Devosia_BGC/data/raw_genomes/ncbi_dataset/data/GCF_058133665.1/genomic.gff	/dgxb_home/se26plsc001/arvind/Devosia_BGC/data/raw_genomes/ncbi_dataset/data/GCF_058133665.1/protein.faa	yes
GCF_058629155.1	/dgxb_home/se26plsc001/arvind/Devosia_BGC/data/raw_genomes/ncbi_dataset/data/GCF_058629155.1/GCF_058629155.1_ASM5862915v1_genomic.fna	/dgxb_home/se26plsc001/arvind/Devosia_BGC/data/raw_genomes/ncbi_dataset/data/GCF_058629155.1/genomic.gff	/dgxb_home/se26plsc001/arvind/Devosia_BGC/data/raw_genomes/ncbi_dataset/data/GCF_058629155.1/protein.faa	yes
GCF_058806655.1	/dgxb_home/se26plsc001/arvind/Devosia_BGC/data/raw_genomes/ncbi_dataset/data/GCF_058806655.1/GCF_058806655.1_ASM5880665v1_genomic.fna	/dgxb_home/se26plsc001/arvind/Devosia_BGC/data/raw_genomes/ncbi_dataset/data/GCF_058806655.1/genomic.gff	/dgxb_home/se26plsc001/arvind/Devosia_BGC/data/raw_genomes/ncbi_dataset/data/GCF_058806655.1/protein.faa	yes
GCF_059070485.1	/dgxb_home/se26plsc001/arvind/Devosia_BGC/data/raw_genomes/ncbi_dataset/data/GCF_059070485.1/GCF_059070485.1_ASM5907048v1_genomic.fna	/dgxb_home/se26plsc001/arvind/Devosia_BGC/data/raw_genomes/ncbi_dataset/data/GCF_059070485.1/genomic.gff	/dgxb_home/se26plsc001/arvind/Devosia_BGC/data/raw_genomes/ncbi_dataset/data/GCF_059070485.1/protein.faa	yes
GCF_059724365.1	/dgxb_home/se26plsc001/arvind/Devosia_BGC/data/raw_genomes/ncbi_dataset/data/GCF_059724365.1/GCF_059724365.1_ASM5972436v1_genomic.fna	/dgxb_home/se26plsc001/arvind/Devosia_BGC/data/raw_genomes/ncbi_dataset/data/GCF_059724365.1/genomic.gff	/dgxb_home/se26plsc001/arvind/Devosia_BGC/data/raw_genomes/ncbi_dataset/data/GCF_059724365.1/protein.faa	yes
GCF_059726835.1	/dgxb_home/se26plsc001/arvind/Devosia_BGC/data/raw_genomes/ncbi_dataset/data/GCF_059726835.1/GCF_059726835.1_ASM5972683v1_genomic.fna	/dgxb_home/se26plsc001/arvind/Devosia_BGC/data/raw_genomes/ncbi_dataset/data/GCF_059726835.1/genomic.gff	/dgxb_home/se26plsc001/arvind/Devosia_BGC/data/raw_genomes/ncbi_dataset/data/GCF_059726835.1/protein.faa	yes
GCF_060038265.1	/dgxb_home/se26plsc001/arvind/Devosia_BGC/data/raw_genomes/ncbi_dataset/data/GCF_060038265.1/GCF_060038265.1_ASM6003826v1_genomic.fna	/dgxb_home/se26plsc001/arvind/Devosia_BGC/data/raw_genomes/ncbi_dataset/data/GCF_060038265.1/genomic.gff	/dgxb_home/se26plsc001/arvind/Devosia_BGC/data/raw_genomes/ncbi_dataset/data/GCF_060038265.1/protein.faa	yes
GCF_060543835.1	/dgxb_home/se26plsc001/arvind/Devosia_BGC/data/raw_genomes/ncbi_dataset/data/GCF_060543835.1/GCF_060543835.1_ASM6054383v1_genomic.fna	/dgxb_home/se26plsc001/arvind/Devosia_BGC/data/raw_genomes/ncbi_dataset/data/GCF_060543835.1/genomic.gff	/dgxb_home/se26plsc001/arvind/Devosia_BGC/data/raw_genomes/ncbi_dataset/data/GCF_060543835.1/protein.faa	yes
GCF_060548285.1	/dgxb_home/se26plsc001/arvind/Devosia_BGC/data/raw_genomes/ncbi_dataset/data/GCF_060548285.1/GCF_060548285.1_ASM6054828v1_genomic.fna	/dgxb_home/se26plsc001/arvind/Devosia_BGC/data/raw_genomes/ncbi_dataset/data/GCF_060548285.1/genomic.gff	/dgxb_home/se26plsc001/arvind/Devosia_BGC/data/raw_genomes/ncbi_dataset/data/GCF_060548285.1/protein.faa	yes
GCF_900110945.1	/dgxb_home/se26plsc001/arvind/Devosia_BGC/data/raw_genomes/ncbi_dataset/data/GCF_900110945.1/GCF_900110945.1_IMG-taxon_2690315612_annotated_assembly_genomic.fna	/dgxb_home/se26plsc001/arvind/Devosia_BGC/data/raw_genomes/ncbi_dataset/data/GCF_900110945.1/genomic.gff	/dgxb_home/se26plsc001/arvind/Devosia_BGC/data/raw_genomes/ncbi_dataset/data/GCF_900110945.1/protein.faa	yes
GCF_900112505.1	/dgxb_home/se26plsc001/arvind/Devosia_BGC/data/raw_genomes/ncbi_dataset/data/GCF_900112505.1/GCF_900112505.1_IMG-taxon_2617270931_annotated_assembly_genomic.fna	/dgxb_home/se26plsc001/arvind/Devosia_BGC/data/raw_genomes/ncbi_dataset/data/GCF_900112505.1/genomic.gff	/dgxb_home/se26plsc001/arvind/Devosia_BGC/data/raw_genomes/ncbi_dataset/data/GCF_900112505.1/protein.faa	yes
GCF_900116545.1	/dgxb_home/se26plsc001/arvind/Devosia_BGC/data/raw_genomes/ncbi_dataset/data/GCF_900116545.1/GCF_900116545.1_IMG-taxon_2675903690_annotated_assembly_genomic.fna	/dgxb_home/se26plsc001/arvind/Devosia_BGC/data/raw_genomes/ncbi_dataset/data/GCF_900116545.1/genomic.gff	/dgxb_home/se26plsc001/arvind/Devosia_BGC/data/raw_genomes/ncbi_dataset/data/GCF_900116545.1/protein.faa	yes
GCF_900119845.1	/dgxb_home/se26plsc001/arvind/Devosia_BGC/data/raw_genomes/ncbi_dataset/data/GCF_900119845.1/GCF_900119845.1_IMG-taxon_2596583700_annotated_assembly_genomic.fna	/dgxb_home/se26plsc001/arvind/Devosia_BGC/data/raw_genomes/ncbi_dataset/data/GCF_900119845.1/genomic.gff	/dgxb_home/se26plsc001/arvind/Devosia_BGC/data/raw_genomes/ncbi_dataset/data/GCF_900119845.1/protein.faa	yes
GCF_900128975.1	/dgxb_home/se26plsc001/arvind/Devosia_BGC/data/raw_genomes/ncbi_dataset/data/GCF_900128975.1/GCF_900128975.1_IMG-taxon_2582580747_annotated_assembly_genomic.fna	/dgxb_home/se26plsc001/arvind/Devosia_BGC/data/raw_genomes/ncbi_dataset/data/GCF_900128975.1/genomic.gff	/dgxb_home/se26plsc001/arvind/Devosia_BGC/data/raw_genomes/ncbi_dataset/data/GCF_900128975.1/protein.faa	yes
GCF_900177655.1	/dgxb_home/se26plsc001/arvind/Devosia_BGC/data/raw_genomes/ncbi_dataset/data/GCF_900177655.1/GCF_900177655.1_IMG-taxon_2708742467_annotated_assembly_genomic.fna	/dgxb_home/se26plsc001/arvind/Devosia_BGC/data/raw_genomes/ncbi_dataset/data/GCF_900177655.1/genomic.gff	/dgxb_home/se26plsc001/arvind/Devosia_BGC/data/raw_genomes/ncbi_dataset/data/GCF_900177655.1/protein.faa	yes
GCF_900631955.1	/dgxb_home/se26plsc001/arvind/Devosia_BGC/data/raw_genomes/ncbi_dataset/data/GCF_900631955.1/GCF_900631955.1_aCIP1116281.1_genomic.fna	/dgxb_home/se26plsc001/arvind/Devosia_BGC/data/raw_genomes/ncbi_dataset/data/GCF_900631955.1/genomic.gff	/dgxb_home/se26plsc001/arvind/Devosia_BGC/data/raw_genomes/ncbi_dataset/data/GCF_900631955.1/protein.faa	yes
GCF_964252795.1	/dgxb_home/se26plsc001/arvind/Devosia_BGC/data/raw_genomes/ncbi_dataset/data/GCF_964252795.1/GCF_964252795.1_LjRoot16v2_genomic.fna	/dgxb_home/se26plsc001/arvind/Devosia_BGC/data/raw_genomes/ncbi_dataset/data/GCF_964252795.1/genomic.gff	/dgxb_home/se26plsc001/arvind/Devosia_BGC/data/raw_genomes/ncbi_dataset/data/GCF_964252795.1/protein.faa	yes
GCF_964252865.1	/dgxb_home/se26plsc001/arvind/Devosia_BGC/data/raw_genomes/ncbi_dataset/data/GCF_964252865.1/GCF_964252865.1_LjRoot3v2_genomic.fna	/dgxb_home/se26plsc001/arvind/Devosia_BGC/data/raw_genomes/ncbi_dataset/data/GCF_964252865.1/genomic.gff	/dgxb_home/se26plsc001/arvind/Devosia_BGC/data/raw_genomes/ncbi_dataset/data/GCF_964252865.1/protein.faa	yes
GCF_965229025.1	/dgxb_home/se26plsc001/arvind/Devosia_BGC/data/raw_genomes/ncbi_dataset/data/GCF_965229025.1/GCF_965229025.1_piParBurs1.Devosia_sp_1.1_genomic.fna	/dgxb_home/se26plsc001/arvind/Devosia_BGC/data/raw_genomes/ncbi_dataset/data/GCF_965229025.1/genomic.gff	/dgxb_home/se26plsc001/arvind/Devosia_BGC/data/raw_genomes/ncbi_dataset/data/GCF_965229025.1/protein.faa	yes
GCF_977014175.1	/dgxb_home/se26plsc001/arvind/Devosia_BGC/data/raw_genomes/ncbi_dataset/data/GCF_977014175.1/GCF_977014175.1_Ri144_genomic.fna	/dgxb_home/se26plsc001/arvind/Devosia_BGC/data/raw_genomes/ncbi_dataset/data/GCF_977014175.1/genomic.gff	/dgxb_home/se26plsc001/arvind/Devosia_BGC/data/raw_genomes/ncbi_dataset/data/GCF_977014175.1/protein.faa	yes
GCF_977186645.1	/dgxb_home/se26plsc001/arvind/Devosia_BGC/data/raw_genomes/ncbi_dataset/data/GCF_977186645.1/GCF_977186645.1_MarMAG_016616_genomic.fna	/dgxb_home/se26plsc001/arvind/Devosia_BGC/data/raw_genomes/ncbi_dataset/data/GCF_977186645.1/genomic.gff	/dgxb_home/se26plsc001/arvind/Devosia_BGC/data/raw_genomes/ncbi_dataset/data/GCF_977186645.1/protein.faa	yes
GCF_977243345.1	/dgxb_home/se26plsc001/arvind/Devosia_BGC/data/raw_genomes/ncbi_dataset/data/GCF_977243345.1/GCF_977243345.1_MarMAG_016615_genomic.fna	/dgxb_home/se26plsc001/arvind/Devosia_BGC/data/raw_genomes/ncbi_dataset/data/GCF_977243345.1/genomic.gff	/dgxb_home/se26plsc001/arvind/Devosia_BGC/data/raw_genomes/ncbi_dataset/data/GCF_977243345.1/protein.faa	yes
GCF_977256975.1	/dgxb_home/se26plsc001/arvind/Devosia_BGC/data/raw_genomes/ncbi_dataset/data/GCF_977256975.1/GCF_977256975.1_MarMAG_016617_genomic.fna	/dgxb_home/se26plsc001/arvind/Devosia_BGC/data/raw_genomes/ncbi_dataset/data/GCF_977256975.1/genomic.gff	/dgxb_home/se26plsc001/arvind/Devosia_BGC/data/raw_genomes/ncbi_dataset/data/GCF_977256975.1/protein.faa	yes
GCF_982658275.1	/dgxb_home/se26plsc001/arvind/Devosia_BGC/data/raw_genomes/ncbi_dataset/data/GCF_982658275.1/GCF_982658275.1_BERT20-1_SAMN15778598_MAG_00000116_genomic.fna	/dgxb_home/se26plsc001/arvind/Devosia_BGC/data/raw_genomes/ncbi_dataset/data/GCF_982658275.1/genomic.gff	/dgxb_home/se26plsc001/arvind/Devosia_BGC/data/raw_genomes/ncbi_dataset/data/GCF_982658275.1/protein.faa	yes