query_GCA_000689495.1	11
query_GCA_000743515.1	11
query_GCA_001185205.1	11
query_GCA_014083885.1	11
query_GCA_041916695.1	11
query_GCA_047616975.1	11
query_GCA_051016205.1	11
query_GCA_060610975.1	11
query_GCA_943372435.1	11
query_GCA_977190485.1	11
query_GCA_977202345.1	11
query_GCA_977206845.1	11
query_GCA_977242165.1	11
query_GCA_977254065.1	11
query_GCF_000735585.1	11
query_GCF_000743575.1	11
query_GCF_000969445.1	11
query_GCF_000970435.1	11
query_GCF_000970455.1	11
query_GCF_000971295.1	11
query_GCF_001402915.1	11
query_GCF_001421945.1	11
query_GCF_001424865.1	11
query_GCF_001425235.1	11
query_GCF_001425445.1	11
query_GCF_001426345.1	11
query_GCF_001427605.1	11
query_GCF_001427875.1	11
query_GCF_001650025.1	11
query_GCF_001899045.1	11
query_GCF_001899065.1	11
query_GCF_001899075.1	11
query_GCF_001899085.1	11
query_GCF_002949085.1	11
query_GCF_003056345.1	11
query_GCF_003056355.1	11
query_GCF_003056405.1	11
query_GCF_004005995.1	11
query_GCF_005222805.1	11
query_GCF_007859655.1	11
query_GCF_009758415.1	11
query_GCF_012847305.1	11
query_GCF_013185955.1	11
query_GCF_013185965.1	11
query_GCF_014127105.1	11
query_GCF_014197055.1	11
query_GCF_014652635.1	11
query_GCF_014837245.1	11
query_GCF_014860165.1	11
query_GCF_014926585.1	11
query_GCF_015158295.1	11
query_GCF_015234425.1	11
query_GCF_016411825.1	11
query_GCF_016457235.1	11
query_GCF_016461625.1	11
query_GCF_016595685.1	11
query_GCF_016698645.1	11
query_GCF_016698665.1	11
query_GCF_017307475.1	11
query_GCF_017307495.1	11
query_GCF_017307535.1	11
query_GCF_017744655.1	11
query_GCF_018334155.1	11
query_GCF_019504385.1	11
query_GCF_021729885.1	11
query_GCF_022429625.1	11
query_GCF_024158985.1	11
query_GCF_024273195.1	11
query_GCF_024273205.1	11
query_GCF_024707105.1	11
query_GCF_025452235.1	11
query_GCF_025809055.1	11
query_GCF_027214225.1	11
query_GCF_028290435.1	11
query_GCF_028290625.1	11
query_GCF_028613635.1	11
query_GCF_028816435.1	11
query_GCF_029201545.1	11
query_GCF_029201565.1	11
query_GCF_030159855.1	11
query_GCF_030160115.1	11
query_GCF_030177755.1	11
query_GCF_030285925.1	11
query_GCF_032907385.1	11
query_GCF_036563435.1	11
query_GCF_037113415.1	11
query_GCF_040223715.1	11
query_GCF_040546795.1	11
query_GCF_040546815.1	11
query_GCF_042181575.1	11
query_GCF_042431865.1	11
query_GCF_042648785.1	11
query_GCF_042679405.1	11
query_GCF_042685625.1	11
query_GCF_044987315.1	11
query_GCF_046614475.1	11
query_GCF_048261455.1	11
query_GCF_049354815.1	11
query_GCF_051302775.1	11
query_GCF_051861085.1	11
query_GCF_053550215.1	11
query_GCF_053579715.1	11
query_GCF_053579735.1	11
query_GCF_054482695.1	11
query_GCF_054489345.1	11
query_GCF_054489375.1	11
query_GCF_054605195.1	11
query_GCF_055397495.1	11
query_GCF_055633315.1	11
query_GCF_055808475.1	11
query_GCF_055808595.1	11
query_GCF_056341075.1	11
query_GCF_056402875.1	11
query_GCF_056403495.1	11
query_GCF_056405135.1	11
query_GCF_057657195.1	11
query_GCF_058133495.1	11
query_GCF_058133665.1	11
query_GCF_058806655.1	11
query_GCF_059070485.1	11
query_GCF_059724365.1	11
query_GCF_059726835.1	11
query_GCF_060038265.1	11
query_GCF_060543835.1	11
query_GCF_900110945.1	11
query_GCF_900112505.1	11
query_GCF_900116545.1	11
query_GCF_900119845.1	11
query_GCF_900128975.1	11
query_GCF_900177655.1	11
query_GCF_900631955.1	11
query_GCF_964252795.1	11
query_GCF_964252865.1	11
query_GCF_965229025.1	11
query_GCF_977014175.1	11
query_GCF_977186645.1	11
query_GCF_977243345.1	11
query_GCF_977256975.1	11
