gcf_id	n_genomes	prevalence	category	genomes
FAM_00550	123	99.19	core	GCA_041916695.1,GCA_943372435.1,GCA_977190485.1,GCA_977202345.1,GCA_977206845.1,GCA_977242165.1,GCA_977254065.1,GCF_000735585.1,GCF_000743575.1,GCF_000969445.1,GCF_000970435.1,GCF_000970455.1,GCF_000971295.1,GCF_001402915.1,GCF_001421945.1,GCF_001424865.1,GCF_001425235.1,GCF_001425445.1,GCF_001426345.1,GCF_001427605.1,GCF_001427875.1,GCF_001650025.1,GCF_001899045.1,GCF_001899065.1,GCF_001899075.1,GCF_001899085.1,GCF_002949085.1,GCF_003056345.1,GCF_003056355.1,GCF_003056405.1,GCF_004005995.1,GCF_005222805.1,GCF_007859655.1,GCF_009758415.1,GCF_012847305.1,GCF_013185955.1,GCF_013185965.1,GCF_014127105.1,GCF_014197055.1,GCF_014652635.1,GCF_014837245.1,GCF_014860165.1,GCF_014926585.1,GCF_015158295.1,GCF_015234425.1,GCF_016411825.1,GCF_016457235.1,GCF_016461625.1,GCF_016595685.1,GCF_016698645.1,GCF_016698665.1,GCF_017307475.1,GCF_017307495.1,GCF_017307535.1,GCF_017744655.1,GCF_018334155.1,GCF_019504385.1,GCF_021729885.1,GCF_022429625.1,GCF_024158985.1,GCF_024273195.1,GCF_024273205.1,GCF_024707105.1,GCF_025452235.1,GCF_025809055.1,GCF_027214225.1,GCF_028290435.1,GCF_028290625.1,GCF_028613635.1,GCF_028816435.1,GCF_029201545.1,GCF_029201565.1,GCF_030159855.1,GCF_030160115.1,GCF_030177755.1,GCF_030285925.1,GCF_032907385.1,GCF_036563435.1,GCF_037113415.1,GCF_040223715.1,GCF_040546795.1,GCF_040546815.1,GCF_042181575.1,GCF_042431865.1,GCF_042679405.1,GCF_042685625.1,GCF_044987315.1,GCF_046614475.1,GCF_048261455.1,GCF_049354815.1,GCF_051302775.1,GCF_051861085.1,GCF_054482695.1,GCF_054489345.1,GCF_054605195.1,GCF_055397495.1,GCF_055633315.1,GCF_055808475.1,GCF_055808595.1,GCF_056341075.1,GCF_056402875.1,GCF_056403495.1,GCF_056405135.1,GCF_057657195.1,GCF_058133495.1,GCF_058133665.1,GCF_059070485.1,GCF_059724365.1,GCF_059726835.1,GCF_060038265.1,GCF_900110945.1,GCF_900112505.1,GCF_900116545.1,GCF_900128975.1,GCF_900177655.1,GCF_900631955.1,GCF_964252795.1,GCF_964252865.1,GCF_965229025.1,GCF_977014175.1,GCF_977186645.1,GCF_977243345.1,GCF_977256975.1
FAM_00395	27	21.77	intermediate	GCA_041916695.1,GCA_977190485.1,GCA_977202345.1,GCA_977206845.1,GCA_977242165.1,GCA_977254065.1,GCF_005222805.1,GCF_009758415.1,GCF_014652635.1,GCF_014860165.1,GCF_014926585.1,GCF_018334155.1,GCF_019504385.1,GCF_027214225.1,GCF_028816435.1,GCF_030160115.1,GCF_037113415.1,GCF_042431865.1,GCF_048261455.1,GCF_051302775.1,GCF_054605195.1,GCF_055633315.1,GCF_055808475.1,GCF_055808595.1,GCF_977186645.1,GCF_977243345.1,GCF_977256975.1
FAM_00160	26	20.97	intermediate	GCA_977190485.1,GCA_977202345.1,GCA_977206845.1,GCA_977242165.1,GCA_977254065.1,GCF_000970435.1,GCF_004005995.1,GCF_014837245.1,GCF_014926585.1,GCF_018334155.1,GCF_019504385.1,GCF_027214225.1,GCF_028816435.1,GCF_037113415.1,GCF_048261455.1,GCF_051302775.1,GCF_054482695.1,GCF_055808475.1,GCF_059724365.1,GCF_060038265.1,GCF_900116545.1,GCF_900128975.1,GCF_900177655.1,GCF_977186645.1,GCF_977243345.1,GCF_977256975.1
FAM_00151	19	15.32	intermediate	GCA_943372435.1,GCF_000735585.1,GCF_000970435.1,GCF_001426345.1,GCF_003056345.1,GCF_003056355.1,GCF_007859655.1,GCF_014860165.1,GCF_017307495.1,GCF_022429625.1,GCF_024707105.1,GCF_025452235.1,GCF_028290625.1,GCF_030159855.1,GCF_044987315.1,GCF_054489345.1,GCF_055397495.1,GCF_900112505.1,GCF_900128975.1
FAM_00156	18	14.52	intermediate	GCA_041916695.1,GCA_977190485.1,GCA_977202345.1,GCA_977206845.1,GCA_977242165.1,GCA_977254065.1,GCF_000971295.1,GCF_016698665.1,GCF_018334155.1,GCF_027214225.1,GCF_028816435.1,GCF_030160115.1,GCF_042431865.1,GCF_051302775.1,GCF_055808475.1,GCF_977186645.1,GCF_977243345.1,GCF_977256975.1
FAM_00142	17	13.71	intermediate	GCF_000743575.1,GCF_000969445.1,GCF_000970455.1,GCF_001421945.1,GCF_001425445.1,GCF_001427875.1,GCF_001899065.1,GCF_014837245.1,GCF_016698665.1,GCF_017744655.1,GCF_025809055.1,GCF_029201545.1,GCF_032907385.1,GCF_059070485.1,GCF_900116545.1,GCF_964252865.1,GCF_977014175.1
FAM_00152	16	12.9	intermediate	GCF_000743575.1,GCF_000970455.1,GCF_001421945.1,GCF_001425445.1,GCF_001427875.1,GCF_005222805.1,GCF_009758415.1,GCF_014926585.1,GCF_017744655.1,GCF_032907385.1,GCF_059070485.1,GCF_059724365.1,GCF_059726835.1,GCF_900116545.1,GCF_964252865.1,GCF_977014175.1
FAM_00148	13	10.48	intermediate	GCF_009758415.1,GCF_014197055.1,GCF_019504385.1,GCF_024158985.1,GCF_024273195.1,GCF_024273205.1,GCF_036563435.1,GCF_040223715.1,GCF_042181575.1,GCF_054482695.1,GCF_056341075.1,GCF_059724365.1,GCF_900177655.1
FAM_00175	13	10.48	intermediate	GCF_002949085.1,GCF_003056405.1,GCF_014197055.1,GCF_019504385.1,GCF_024158985.1,GCF_037113415.1,GCF_040223715.1,GCF_042181575.1,GCF_042648785.1,GCF_054482695.1,GCF_056341075.1,GCF_059724365.1,GCF_059726835.1
FAM_00162	12	9.68	rare	GCA_977190485.1,GCA_977202345.1,GCA_977206845.1,GCA_977242165.1,GCA_977254065.1,GCF_018334155.1,GCF_027214225.1,GCF_028816435.1,GCF_051302775.1,GCF_055808475.1,GCF_977243345.1,GCF_977256975.1
FAM_00164	12	9.68	rare	GCF_015158295.1,GCF_016411825.1,GCF_016698665.1,GCF_019504385.1,GCF_024273195.1,GCF_024273205.1,GCF_036563435.1,GCF_042648785.1,GCF_046614475.1,GCF_056341075.1,GCF_900112505.1,GCF_900177655.1
FAM_00173	12	9.68	rare	GCA_943372435.1,GCF_001426345.1,GCF_001427605.1,GCF_007859655.1,GCF_009758415.1,GCF_015158295.1,GCF_016411825.1,GCF_024273195.1,GCF_024273205.1,GCF_024707105.1,GCF_025809055.1,GCF_046614475.1
FAM_00396	12	9.68	rare	GCF_002949085.1,GCF_003056405.1,GCF_009758415.1,GCF_014197055.1,GCF_024158985.1,GCF_024273195.1,GCF_024273205.1,GCF_040223715.1,GCF_042181575.1,GCF_054482695.1,GCF_059724365.1,GCF_059726835.1
FAM_00556	12	9.68	rare	GCA_041916695.1,GCF_000970455.1,GCF_003056345.1,GCF_015234425.1,GCF_016698665.1,GCF_021729885.1,GCF_029201545.1,GCF_029201565.1,GCF_042685625.1,GCF_048261455.1,GCF_900116545.1,GCF_900177655.1
FAM_00145	10	8.06	rare	GCA_977242165.1,GCF_005222805.1,GCF_016698645.1,GCF_018334155.1,GCF_021729885.1,GCF_027214225.1,GCF_028816435.1,GCF_051302775.1,GCF_055808475.1,GCF_060038265.1
FAM_00159	10	8.06	rare	GCF_002949085.1,GCF_003056405.1,GCF_009758415.1,GCF_014197055.1,GCF_024158985.1,GCF_024273195.1,GCF_024273205.1,GCF_040223715.1,GCF_042181575.1,GCF_059726835.1
FAM_00144	9	7.26	rare	GCF_000970435.1,GCF_000971295.1,GCF_001427605.1,GCF_001650025.1,GCF_003056345.1,GCF_003056355.1,GCF_007859655.1,GCF_030177755.1,GCF_900128975.1
FAM_00149	8	6.45	rare	GCF_012847305.1,GCF_014127105.1,GCF_015158295.1,GCF_015234425.1,GCF_016457235.1,GCF_016461625.1,GCF_016595685.1,GCF_029201565.1
FAM_00155	8	6.45	rare	GCF_001427605.1,GCF_012847305.1,GCF_014127105.1,GCF_014837245.1,GCF_016457235.1,GCF_016461625.1,GCF_016595685.1,GCF_030285925.1
FAM_00157	8	6.45	rare	GCF_016698645.1,GCF_028290435.1,GCF_036563435.1,GCF_040546795.1,GCF_046614475.1,GCF_048261455.1,GCF_060038265.1,GCF_900110945.1
FAM_00388	8	6.45	rare	GCF_001402915.1,GCF_001424865.1,GCF_001425235.1,GCF_001899085.1,GCF_017307495.1,GCF_017307535.1,GCF_051861085.1,GCF_964252795.1
FAM_00046	7	5.65	rare	GCF_014652635.1,GCF_014926585.1,GCF_028290435.1,GCF_028290625.1,GCF_040546795.1,GCF_900112505.1,GCF_965229025.1
FAM_00154	7	5.65	rare	GCF_000969445.1,GCF_001899045.1,GCF_025809055.1,GCF_042679405.1,GCF_054482695.1,GCF_900177655.1,GCF_900631955.1
FAM_00163	7	5.65	rare	GCF_002949085.1,GCF_003056405.1,GCF_009758415.1,GCF_040223715.1,GCF_042181575.1,GCF_059724365.1,GCF_059726835.1
FAM_00166	7	5.65	rare	GCF_001426345.1,GCF_001427605.1,GCF_005222805.1,GCF_014860165.1,GCF_021729885.1,GCF_054489345.1,GCF_055397495.1
FAM_00167	7	5.65	rare	GCF_000970435.1,GCF_012847305.1,GCF_014127105.1,GCF_016457235.1,GCF_016461625.1,GCF_016595685.1,GCF_900128975.1
FAM_00188	7	5.65	rare	GCF_000970435.1,GCF_014860165.1,GCF_027214225.1,GCF_040223715.1,GCF_054489345.1,GCF_900112505.1,GCF_900128975.1
FAM_00196	7	5.65	rare	GCF_001426345.1,GCF_001427605.1,GCF_007859655.1,GCF_014860165.1,GCF_024273195.1,GCF_024273205.1,GCF_024707105.1
FAM_00426	7	5.65	rare	GCF_001402915.1,GCF_001424865.1,GCF_001425235.1,GCF_001899085.1,GCF_017307535.1,GCF_051861085.1,GCF_964252795.1
FAM_00427	7	5.65	rare	GCF_001402915.1,GCF_001424865.1,GCF_001425235.1,GCF_001899085.1,GCF_017307535.1,GCF_051861085.1,GCF_964252795.1
FAM_00143	6	4.84	rare	GCF_004005995.1,GCF_013185955.1,GCF_013185965.1,GCF_040546815.1,GCF_058133495.1,GCF_058133665.1
FAM_00146	6	4.84	rare	GCF_022429625.1,GCF_028290435.1,GCF_028290625.1,GCF_040546795.1,GCF_900110945.1,GCF_900112505.1
FAM_00158	6	4.84	rare	GCF_002949085.1,GCF_003056405.1,GCF_024273195.1,GCF_024273205.1,GCF_037113415.1,GCF_059726835.1
FAM_00169	6	4.84	rare	GCF_001421945.1,GCF_001425445.1,GCF_001899075.1,GCF_017307475.1,GCF_029201545.1,GCF_032907385.1
FAM_00170	6	4.84	rare	GCF_003056355.1,GCF_004005995.1,GCF_013185955.1,GCF_013185965.1,GCF_058133495.1,GCF_058133665.1
FAM_00174	6	4.84	rare	GCF_000743575.1,GCF_001427875.1,GCF_017744655.1,GCF_900116545.1,GCF_964252865.1,GCF_977014175.1
FAM_00177	6	4.84	rare	GCF_001421945.1,GCF_001425445.1,GCF_029201545.1,GCF_029201565.1,GCF_032907385.1,GCF_059070485.1
FAM_00189	6	4.84	rare	GCA_041916695.1,GCF_025452235.1,GCF_040546795.1,GCF_042181575.1,GCF_054605195.1,GCF_055633315.1
FAM_00404	6	4.84	rare	GCF_004005995.1,GCF_013185955.1,GCF_013185965.1,GCF_021729885.1,GCF_058133495.1,GCF_058133665.1
FAM_00147	5	4.03	rare	GCF_000735585.1,GCF_025452235.1,GCF_030159855.1,GCF_044987315.1,GCF_046614475.1
FAM_00391	5	4.03	rare	GCA_041916695.1,GCF_017307495.1,GCF_028613635.1,GCF_049354815.1,GCF_965229025.1
FAM_00428	5	4.03	rare	GCF_012847305.1,GCF_014127105.1,GCF_016457235.1,GCF_016461625.1,GCF_016595685.1
FAM_00558	5	4.03	rare	GCF_004005995.1,GCF_013185955.1,GCF_013185965.1,GCF_058133495.1,GCF_058133665.1
FAM_00002	4	3.23	rare	GCF_000970435.1,GCF_003056345.1,GCF_060038265.1,GCF_900128975.1
FAM_00165	4	3.23	rare	GCF_014652635.1,GCF_028290435.1,GCF_028290625.1,GCF_040546795.1
FAM_00390	4	3.23	rare	GCF_000735585.1,GCF_025452235.1,GCF_030159855.1,GCF_044987315.1
FAM_00392	4	3.23	rare	GCF_056402875.1,GCF_056403495.1,GCF_056405135.1,GCF_057657195.1
FAM_00419	4	3.23	rare	GCA_041916695.1,GCF_030160115.1,GCF_042431865.1,GCF_055808595.1
FAM_00422	4	3.23	rare	GCF_001402915.1,GCF_001424865.1,GCF_001425235.1,GCF_964252795.1
FAM_00053	3	2.42	rare	GCF_001424865.1,GCF_001425235.1,GCF_964252795.1
FAM_00057	3	2.42	rare	GCF_056402875.1,GCF_056403495.1,GCF_056405135.1
FAM_00058	3	2.42	rare	GCF_014197055.1,GCF_019504385.1,GCF_024158985.1
FAM_00150	3	2.42	rare	GCF_001899045.1,GCF_042679405.1,GCF_900631955.1
FAM_00153	3	2.42	rare	GCF_001899075.1,GCF_017307475.1,GCF_055808595.1
FAM_00161	3	2.42	rare	GCF_000969445.1,GCF_014652635.1,GCF_030177755.1
FAM_00168	3	2.42	rare	GCA_943372435.1,GCF_030160115.1,GCF_042431865.1
FAM_00194	3	2.42	rare	GCF_001899075.1,GCF_017307475.1,GCF_042685625.1
FAM_00195	3	2.42	rare	GCF_000970435.1,GCF_054489345.1,GCF_900128975.1
FAM_00420	3	2.42	rare	GCF_001421945.1,GCF_001425445.1,GCF_032907385.1
FAM_00421	3	2.42	rare	GCF_001899085.1,GCF_017307535.1,GCF_051861085.1
FAM_00423	3	2.42	rare	GCF_001899085.1,GCF_017307535.1,GCF_051861085.1
FAM_00425	3	2.42	rare	GCF_001899045.1,GCF_042679405.1,GCF_900631955.1
FAM_00001	2	1.61	rare	GCF_015158295.1,GCF_054489345.1
FAM_00017	2	1.61	rare	GCF_054605195.1,GCF_055633315.1
FAM_00111	2	1.61	rare	GCF_042648785.1,GCF_054482695.1
FAM_00133	2	1.61	rare	GCF_000970435.1,GCF_900128975.1
FAM_00187	2	1.61	rare	GCF_030160115.1,GCF_042431865.1
FAM_00171	2	1.61	rare	GCF_000743575.1,GCF_040223715.1
FAM_00193	2	1.61	rare	GCF_001899075.1,GCF_017307475.1
FAM_00197	2	1.61	rare	GCF_001899075.1,GCF_017307475.1
FAM_00198	2	1.61	rare	GCF_000743575.1,GCF_017744655.1
FAM_00389	2	1.61	rare	GCF_003056355.1,GCF_057657195.1
FAM_00399	2	1.61	rare	GCF_022429625.1,GCF_042181575.1
FAM_00424	2	1.61	rare	GCF_054605195.1,GCF_055633315.1
FAM_00429	2	1.61	rare	GCF_030160115.1,GCF_042431865.1
FAM_00056	1	0.81	rare	GCF_005222805.1
FAM_00020	1	0.81	rare	GCF_007859655.1
FAM_00127	1	0.81	rare	GCF_900177655.1
FAM_00185	1	0.81	rare	GCF_054482695.1
FAM_00199	1	0.81	rare	GCF_000743575.1
FAM_00200	1	0.81	rare	GCF_024707105.1
FAM_00201	1	0.81	rare	GCF_040546795.1
FAM_00202	1	0.81	rare	GCF_014860165.1
FAM_00203	1	0.81	rare	GCF_030177755.1
FAM_00204	1	0.81	rare	GCF_028290435.1
FAM_00205	1	0.81	rare	GCF_000969445.1
FAM_00206	1	0.81	rare	GCF_025809055.1
FAM_00207	1	0.81	rare	GCF_014926585.1
FAM_00208	1	0.81	rare	GCF_022429625.1
FAM_00430	1	0.81	rare	GCF_012847305.1
FAM_00431	1	0.81	rare	GCF_000970455.1
FAM_00432	1	0.81	rare	GCA_041916695.1
FAM_00433	1	0.81	rare	GCF_057657195.1
FAM_00434	1	0.81	rare	GCF_001899065.1
FAM_00435	1	0.81	rare	GCF_048261455.1
FAM_00436	1	0.81	rare	GCF_057657195.1
FAM_00437	1	0.81	rare	GCF_055397495.1
FAM_00438	1	0.81	rare	GCA_041916695.1
FAM_00439	1	0.81	rare	GCA_041916695.1
FAM_00440	1	0.81	rare	GCA_041916695.1
FAM_00441	1	0.81	rare	GCF_021729885.1
FAM_00442	1	0.81	rare	GCF_015234425.1
FAM_00443	1	0.81	rare	GCF_900177655.1
FAM_00444	1	0.81	rare	GCF_049354815.1
FAM_00445	1	0.81	rare	GCF_055808595.1
FAM_00446	1	0.81	rare	GCF_965229025.1
FAM_00447	1	0.81	rare	GCF_012847305.1
FAM_00586	1	0.81	rare	GCF_014837245.1
FAM_00587	1	0.81	rare	GCF_014926585.1
FAM_00592	1	0.81	rare	GCF_000735585.1
FAM_00593	1	0.81	rare	GCF_037113415.1
FAM_00594	1	0.81	rare	GCF_036563435.1
FAM_00601	1	0.81	rare	GCF_042648785.1
