bgc_id	genome_accession	product_classes	novelty_category	score	reasons
GCF_000735585.1_region004	GCF_000735585.1	RiPP-like;hydrogen-cyanide	putatively_novel	6	novelty+3;hybrid+1;class+1;candidates+1
GCF_003056345.1_region001	GCF_003056345.1	NRPS-like;T1PKS	putatively_novel	6	novelty+3;hybrid+1;class+1;candidates+1
GCF_014837245.1_region003	GCF_014837245.1	T3PKS;hserlactone	putatively_novel	6	novelty+3;hybrid+1;class+1;candidates+1
GCF_015158295.1_region003	GCF_015158295.1	T1PKS;NRPS-like	putatively_novel	6	novelty+3;hybrid+1;class+1;candidates+1
GCF_021729885.1_region003	GCF_021729885.1	lassopeptide;RRE-containing	putatively_novel	6	novelty+3;hybrid+1;class+1;candidates+1
GCF_036563435.1_region003	GCF_036563435.1	hserlactone;RiPP-like	putatively_novel	6	novelty+3;hybrid+1;class+1;candidates+1
GCF_060038265.1_region001	GCF_060038265.1	NRPS-like;T1PKS	putatively_novel	6	novelty+3;hybrid+1;class+1;candidates+1
GCA_041916695.1_region008	GCA_041916695.1	thioamitides;thiopeptide	putatively_novel	5	novelty+3;hybrid+1;class+1
GCF_001424865.1_region004	GCF_001424865.1	thiopeptide;thioamitides	putatively_novel	5	novelty+3;hybrid+1;class+1
GCF_001425235.1_region002	GCF_001425235.1	thiopeptide;thioamitides	putatively_novel	5	novelty+3;hybrid+1;class+1
GCF_022429625.1_region001	GCF_022429625.1	RRE-containing;lassopeptide	putatively_novel	5	novelty+3;hybrid+1;class+1
GCF_042648785.1_region001	GCF_042648785.1	terpene;betalactone	putatively_novel	5	novelty+3;hybrid+1;candidates+1
GCF_964252795.1_region006	GCF_964252795.1	thiopeptide;thioamitides	putatively_novel	5	novelty+3;hybrid+1;class+1
GCA_041916695.1_region001	GCA_041916695.1	thioamitides	putatively_novel	4	novelty+3;class+1
GCA_041916695.1_region003	GCA_041916695.1	RiPP-like	putatively_novel	4	novelty+3;class+1
GCA_041916695.1_region009	GCA_041916695.1	RiPP-like	putatively_novel	4	novelty+3;class+1
GCA_977190485.1_region005	GCA_977190485.1	RiPP-like	putatively_novel	4	novelty+3;class+1
GCA_977202345.1_region004	GCA_977202345.1	RiPP-like	putatively_novel	4	novelty+3;class+1
GCA_977206845.1_region004	GCA_977206845.1	RiPP-like	putatively_novel	4	novelty+3;class+1
GCA_977242165.1_region004	GCA_977242165.1	RiPP-like	putatively_novel	4	novelty+3;class+1
GCA_977254065.1_region003	GCA_977254065.1	RiPP-like	putatively_novel	4	novelty+3;class+1
GCF_000970435.1_region001	GCF_000970435.1	T1PKS;NRPS-like	related	4	related+1;hybrid+1;class+1;candidates+1
GCF_000970435.1_region004	GCF_000970435.1	acyl_amino_acids;hserlactone	putatively_novel	4	novelty+3;hybrid+1
GCF_000970455.1_region003	GCF_000970455.1	thioamitides	putatively_novel	4	novelty+3;class+1
GCF_001402915.1_region001	GCF_001402915.1	thioamitides	putatively_novel	4	novelty+3;class+1
GCF_001402915.1_region005	GCF_001402915.1	thioamitides	putatively_novel	4	novelty+3;class+1
GCF_001421945.1_region003	GCF_001421945.1	thioamitides	putatively_novel	4	novelty+3;class+1
GCF_001424865.1_region002	GCF_001424865.1	thioamitides	putatively_novel	4	novelty+3;class+1
GCF_001425235.1_region003	GCF_001425235.1	thioamitides	putatively_novel	4	novelty+3;class+1
GCF_001425445.1_region004	GCF_001425445.1	thioamitides	putatively_novel	4	novelty+3;class+1
GCF_001899045.1_region004	GCF_001899045.1	thioamitides	putatively_novel	4	novelty+3;class+1
GCF_001899065.1_region003	GCF_001899065.1	thioamitides	putatively_novel	4	novelty+3;class+1
GCF_001899085.1_region002	GCF_001899085.1	thioamitides	putatively_novel	4	novelty+3;class+1
GCF_001899085.1_region004	GCF_001899085.1	thioamitides	putatively_novel	4	novelty+3;class+1
GCF_002949085.1_region001	GCF_002949085.1	RiPP-like	putatively_novel	4	novelty+3;class+1
GCF_003056405.1_region002	GCF_003056405.1	RiPP-like	putatively_novel	4	novelty+3;class+1
GCF_005222805.1_region001	GCF_005222805.1	RiPP-like	putatively_novel	4	novelty+3;class+1
GCF_005222805.1_region005	GCF_005222805.1	RiPP-like	putatively_novel	4	novelty+3;class+1
GCF_009758415.1_region001	GCF_009758415.1	RiPP-like	putatively_novel	4	novelty+3;class+1
GCF_009758415.1_region002	GCF_009758415.1	RiPP-like	putatively_novel	4	novelty+3;class+1
GCF_012847305.1_region005	GCF_012847305.1	RiPP-like	putatively_novel	4	novelty+3;class+1
GCF_014197055.1_region005	GCF_014197055.1	T1PKS	putatively_novel	4	novelty+3;class+1
GCF_014197055.1_region006	GCF_014197055.1	RiPP-like	putatively_novel	4	novelty+3;class+1
GCF_014652635.1_region002	GCF_014652635.1	RiPP-like	putatively_novel	4	novelty+3;class+1
GCF_014652635.1_region004	GCF_014652635.1	T3PKS	putatively_novel	4	novelty+3;class+1
GCF_014860165.1_region002	GCF_014860165.1	RiPP-like	putatively_novel	4	novelty+3;class+1
GCF_014926585.1_region002	GCF_014926585.1	RiPP-like	putatively_novel	4	novelty+3;class+1
GCF_014926585.1_region003	GCF_014926585.1	hserlactone;T3PKS	related	4	related+1;hybrid+1;class+1;candidates+1
GCF_017307495.1_region002	GCF_017307495.1	thioamitides	putatively_novel	4	novelty+3;class+1
GCF_017307535.1_region004	GCF_017307535.1	thioamitides	putatively_novel	4	novelty+3;class+1
GCF_017307535.1_region006	GCF_017307535.1	thioamitides	putatively_novel	4	novelty+3;class+1
GCF_018334155.1_region005	GCF_018334155.1	RiPP-like	putatively_novel	4	novelty+3;class+1
GCF_019504385.1_region002	GCF_019504385.1	RiPP-like	putatively_novel	4	novelty+3;class+1
GCF_019504385.1_region005	GCF_019504385.1	T1PKS	putatively_novel	4	novelty+3;class+1
GCF_021729885.1_region006	GCF_021729885.1	thioamitides	putatively_novel	4	novelty+3;class+1
GCF_024158985.1_region003	GCF_024158985.1	T1PKS	putatively_novel	4	novelty+3;class+1
GCF_024158985.1_region004	GCF_024158985.1	RiPP-like	putatively_novel	4	novelty+3;class+1
GCF_024273195.1_region008	GCF_024273195.1	RiPP-like	putatively_novel	4	novelty+3;class+1
GCF_024273205.1_region006	GCF_024273205.1	RiPP-like	putatively_novel	4	novelty+3;class+1
GCF_027214225.1_region006	GCF_027214225.1	RiPP-like	putatively_novel	4	novelty+3;class+1
GCF_028290435.1_region003	GCF_028290435.1	T3PKS	putatively_novel	4	novelty+3;class+1
GCF_028290625.1_region004	GCF_028290625.1	T3PKS	putatively_novel	4	novelty+3;class+1
GCF_028613635.1_region001	GCF_028613635.1	thioamitides	putatively_novel	4	novelty+3;class+1
GCF_028816435.1_region003	GCF_028816435.1	RiPP-like	putatively_novel	4	novelty+3;class+1
GCF_030160115.1_region005	GCF_030160115.1	RiPP-like	putatively_novel	4	novelty+3;class+1
GCF_030160115.1_region006	GCF_030160115.1	RiPP-like	putatively_novel	4	novelty+3;class+1
GCF_032907385.1_region004	GCF_032907385.1	thioamitides	putatively_novel	4	novelty+3;class+1
GCF_037113415.1_region003	GCF_037113415.1	RiPP-like	putatively_novel	4	novelty+3;class+1
GCF_037113415.1_region006	GCF_037113415.1	hserlactone;thioamitides	related	4	related+1;hybrid+1;class+1;candidates+1
GCF_040223715.1_region008	GCF_040223715.1	RiPP-like	putatively_novel	4	novelty+3;class+1
GCF_040546795.1_region002	GCF_040546795.1	T3PKS	putatively_novel	4	novelty+3;class+1
GCF_040546795.1_region007	GCF_040546795.1	T3PKS	putatively_novel	4	novelty+3;class+1
GCF_042181575.1_region004	GCF_042181575.1	RRE-containing;lassopeptide	related	4	related+1;hybrid+1;class+1;candidates+1
GCF_042181575.1_region007	GCF_042181575.1	RiPP-like	putatively_novel	4	novelty+3;class+1
GCF_042431865.1_region003	GCF_042431865.1	RiPP-like	putatively_novel	4	novelty+3;class+1
GCF_042431865.1_region007	GCF_042431865.1	RiPP-like	putatively_novel	4	novelty+3;class+1
GCF_042679405.1_region003	GCF_042679405.1	thioamitides	putatively_novel	4	novelty+3;class+1
GCF_048261455.1_region003	GCF_048261455.1	thioamitides	putatively_novel	4	novelty+3;class+1
GCF_048261455.1_region006	GCF_048261455.1	RiPP-like	putatively_novel	4	novelty+3;class+1
GCF_049354815.1_region002	GCF_049354815.1	RiPP-like	putatively_novel	4	novelty+3;class+1
GCF_049354815.1_region003	GCF_049354815.1	thioamitides	putatively_novel	4	novelty+3;class+1
GCF_051302775.1_region004	GCF_051302775.1	RiPP-like	putatively_novel	4	novelty+3;class+1
GCF_051861085.1_region003	GCF_051861085.1	thioamitides	putatively_novel	4	novelty+3;class+1
GCF_051861085.1_region005	GCF_051861085.1	thioamitides	putatively_novel	4	novelty+3;class+1
GCF_054482695.1_region005	GCF_054482695.1	RiPP-like	putatively_novel	4	novelty+3;class+1
GCF_054489345.1_region002	GCF_054489345.1	NRPS-like;T1PKS	related	4	related+1;hybrid+1;class+1;candidates+1
GCF_054605195.1_region001	GCF_054605195.1	thioamitides	putatively_novel	4	novelty+3;class+1
GCF_054605195.1_region003	GCF_054605195.1	RiPP-like	putatively_novel	4	novelty+3;class+1
GCF_054605195.1_region005	GCF_054605195.1	T1PKS	putatively_novel	4	novelty+3;class+1
GCF_055633315.1_region001	GCF_055633315.1	RiPP-like	putatively_novel	4	novelty+3;class+1
GCF_055633315.1_region002	GCF_055633315.1	T1PKS	putatively_novel	4	novelty+3;class+1
GCF_055633315.1_region003	GCF_055633315.1	thioamitides	putatively_novel	4	novelty+3;class+1
GCF_055808475.1_region006	GCF_055808475.1	RiPP-like	putatively_novel	4	novelty+3;class+1
GCF_055808595.1_region001	GCF_055808595.1	RiPP-like	putatively_novel	4	novelty+3;class+1
GCF_055808595.1_region002	GCF_055808595.1	thioamitides	putatively_novel	4	novelty+3;class+1
GCF_055808595.1_region003	GCF_055808595.1	RiPP-like	putatively_novel	4	novelty+3;class+1
GCF_056402875.1_region001	GCF_056402875.1	thioamitides	putatively_novel	4	novelty+3;class+1
GCF_056402875.1_region002	GCF_056402875.1	T3PKS	putatively_novel	4	novelty+3;class+1
GCF_056403495.1_region001	GCF_056403495.1	thioamitides	putatively_novel	4	novelty+3;class+1
GCF_056403495.1_region002	GCF_056403495.1	T3PKS	putatively_novel	4	novelty+3;class+1
GCF_056405135.1_region002	GCF_056405135.1	thioamitides	putatively_novel	4	novelty+3;class+1
GCF_056405135.1_region003	GCF_056405135.1	T3PKS	putatively_novel	4	novelty+3;class+1
GCF_057657195.1_region002	GCF_057657195.1	thioamitides	putatively_novel	4	novelty+3;class+1
GCF_057657195.1_region005	GCF_057657195.1	thioamitides	putatively_novel	4	novelty+3;class+1
GCF_059724365.1_region006	GCF_059724365.1	RiPP-like	putatively_novel	4	novelty+3;class+1
GCF_059726835.1_region002	GCF_059726835.1	RiPP-like	putatively_novel	4	novelty+3;class+1
GCF_900112505.1_region002	GCF_900112505.1	T3PKS	putatively_novel	4	novelty+3;class+1
GCF_900112505.1_region003	GCF_900112505.1	T3PKS	putatively_novel	4	novelty+3;class+1
GCF_900112505.1_region008	GCF_900112505.1	T3PKS	putatively_novel	4	novelty+3;class+1
GCF_900128975.1_region002	GCF_900128975.1	acyl_amino_acids;hserlactone	putatively_novel	4	novelty+3;hybrid+1
GCF_900128975.1_region006	GCF_900128975.1	NRPS-like;T1PKS	related	4	related+1;hybrid+1;class+1;candidates+1
GCF_900177655.1_region001	GCF_900177655.1	lanthipeptide-class-ii	putatively_novel	4	novelty+3;class+1
GCF_900177655.1_region003	GCF_900177655.1	NRPS-like	putatively_novel	4	novelty+3;class+1
GCF_900631955.1_region002	GCF_900631955.1	thioamitides	putatively_novel	4	novelty+3;class+1
GCF_964252795.1_region003	GCF_964252795.1	thioamitides	putatively_novel	4	novelty+3;class+1
GCF_965229025.1_region001	GCF_965229025.1	thioamitides	putatively_novel	4	novelty+3;class+1
GCF_965229025.1_region002	GCF_965229025.1	T3PKS	putatively_novel	4	novelty+3;class+1
GCF_965229025.1_region004	GCF_965229025.1	thioamitides	putatively_novel	4	novelty+3;class+1
GCF_977186645.1_region004	GCF_977186645.1	RiPP-like	putatively_novel	4	novelty+3;class+1
GCF_977243345.1_region001	GCF_977243345.1	RiPP-like	putatively_novel	4	novelty+3;class+1
GCF_977256975.1_region004	GCF_977256975.1	RiPP-like	putatively_novel	4	novelty+3;class+1
GCA_041916695.1_region002	GCA_041916695.1	betalactone	putatively_novel	3	novelty+3
GCA_041916695.1_region005	GCA_041916695.1	RRE-containing	putatively_novel	3	novelty+3
GCA_041916695.1_region006	GCA_041916695.1	RRE-containing	putatively_novel	3	novelty+3
GCA_041916695.1_region007	GCA_041916695.1	hserlactone	putatively_novel	3	novelty+3
GCA_041916695.1_region010	GCA_041916695.1	RRE-containing	putatively_novel	3	novelty+3
GCA_041916695.1_region011	GCA_041916695.1	terpene	putatively_novel	3	novelty+3
GCA_041916695.1_region012	GCA_041916695.1	hserlactone	putatively_novel	3	novelty+3
GCA_943372435.1_region001	GCA_943372435.1	terpene	putatively_novel	3	novelty+3
GCA_943372435.1_region002	GCA_943372435.1	betalactone	putatively_novel	3	novelty+3
GCA_943372435.1_region003	GCA_943372435.1	acyl_amino_acids	putatively_novel	3	novelty+3
GCA_977190485.1_region001	GCA_977190485.1	betalactone	putatively_novel	3	novelty+3
GCA_977190485.1_region004	GCA_977190485.1	terpene	putatively_novel	3	novelty+3
GCA_977202345.1_region003	GCA_977202345.1	betalactone	putatively_novel	3	novelty+3
GCA_977202345.1_region005	GCA_977202345.1	terpene	putatively_novel	3	novelty+3
GCA_977206845.1_region003	GCA_977206845.1	betalactone	putatively_novel	3	novelty+3
GCA_977206845.1_region005	GCA_977206845.1	terpene	putatively_novel	3	novelty+3
GCA_977242165.1_region003	GCA_977242165.1	betalactone	putatively_novel	3	novelty+3
GCA_977242165.1_region005	GCA_977242165.1	hserlactone	putatively_novel	3	novelty+3
GCA_977242165.1_region006	GCA_977242165.1	terpene	putatively_novel	3	novelty+3
GCA_977254065.1_region002	GCA_977254065.1	betalactone	putatively_novel	3	novelty+3
GCA_977254065.1_region005	GCA_977254065.1	terpene	putatively_novel	3	novelty+3
GCF_000735585.1_region001	GCF_000735585.1	terpene	putatively_novel	3	novelty+3
GCF_000735585.1_region003	GCF_000735585.1	betalactone	putatively_novel	3	novelty+3
GCF_000735585.1_region005	GCF_000735585.1	hserlactone	putatively_novel	3	novelty+3
GCF_000743575.1_region001	GCF_000743575.1	hserlactone	putatively_novel	3	novelty+3
GCF_000743575.1_region002	GCF_000743575.1	hserlactone	putatively_novel	3	novelty+3
GCF_000743575.1_region003	GCF_000743575.1	terpene	putatively_novel	3	novelty+3
GCF_000743575.1_region004	GCF_000743575.1	hserlactone	putatively_novel	3	novelty+3
GCF_000743575.1_region007	GCF_000743575.1	hserlactone	putatively_novel	3	novelty+3
GCF_000969445.1_region001	GCF_000969445.1	hserlactone	putatively_novel	3	novelty+3
GCF_000969445.1_region002	GCF_000969445.1	terpene	putatively_novel	3	novelty+3
GCF_000969445.1_region003	GCF_000969445.1	betalactone	putatively_novel	3	novelty+3
GCF_000969445.1_region005	GCF_000969445.1	hserlactone	putatively_novel	3	novelty+3
GCF_000970435.1_region002	GCF_000970435.1	hserlactone	putatively_novel	3	novelty+3
GCF_000970435.1_region003	GCF_000970435.1	hserlactone	putatively_novel	3	novelty+3
GCF_000970435.1_region005	GCF_000970435.1	betalactone	putatively_novel	3	novelty+3
GCF_000970435.1_region007	GCF_000970435.1	hydrogen-cyanide	putatively_novel	3	novelty+3
GCF_000970435.1_region008	GCF_000970435.1	terpene	putatively_novel	3	novelty+3
GCF_000970455.1_region001	GCF_000970455.1	terpene	putatively_novel	3	novelty+3
GCF_000970455.1_region002	GCF_000970455.1	betalactone	putatively_novel	3	novelty+3
GCF_000970455.1_region005	GCF_000970455.1	hserlactone	putatively_novel	3	novelty+3
GCF_000971295.1_region001	GCF_000971295.1	terpene	putatively_novel	3	novelty+3
GCF_000971295.1_region002	GCF_000971295.1	hserlactone	putatively_novel	3	novelty+3
GCF_000971295.1_region003	GCF_000971295.1	betalactone	putatively_novel	3	novelty+3
GCF_001402915.1_region002	GCF_001402915.1	redox-cofactor	putatively_novel	3	novelty+3
GCF_001402915.1_region004	GCF_001402915.1	terpene	putatively_novel	3	novelty+3
GCF_001421945.1_region001	GCF_001421945.1	hserlactone	putatively_novel	3	novelty+3
GCF_001421945.1_region002	GCF_001421945.1	hserlactone	putatively_novel	3	novelty+3
GCF_001421945.1_region004	GCF_001421945.1	terpene	putatively_novel	3	novelty+3
GCF_001421945.1_region006	GCF_001421945.1	betalactone	putatively_novel	3	novelty+3
GCF_001424865.1_region001	GCF_001424865.1	terpene	putatively_novel	3	novelty+3
GCF_001424865.1_region003	GCF_001424865.1	redox-cofactor	putatively_novel	3	novelty+3
GCF_001425235.1_region001	GCF_001425235.1	redox-cofactor	putatively_novel	3	novelty+3
GCF_001425235.1_region004	GCF_001425235.1	terpene	putatively_novel	3	novelty+3
GCF_001425445.1_region001	GCF_001425445.1	terpene	putatively_novel	3	novelty+3
GCF_001425445.1_region003	GCF_001425445.1	hserlactone	putatively_novel	3	novelty+3
GCF_001425445.1_region005	GCF_001425445.1	betalactone	putatively_novel	3	novelty+3
GCF_001425445.1_region006	GCF_001425445.1	hserlactone	putatively_novel	3	novelty+3
GCF_001426345.1_region002	GCF_001426345.1	betalactone	putatively_novel	3	novelty+3
GCF_001426345.1_region003	GCF_001426345.1	hserlactone	putatively_novel	3	novelty+3
GCF_001426345.1_region005	GCF_001426345.1	hydrogen-cyanide	putatively_novel	3	novelty+3
GCF_001427605.1_region001	GCF_001427605.1	hydrogen-cyanide	putatively_novel	3	novelty+3
GCF_001427605.1_region002	GCF_001427605.1	betalactone	putatively_novel	3	novelty+3
GCF_001427605.1_region003	GCF_001427605.1	hserlactone	putatively_novel	3	novelty+3
GCF_001427605.1_region004	GCF_001427605.1	terpene	putatively_novel	3	novelty+3
GCF_001427605.1_region006	GCF_001427605.1	hserlactone	putatively_novel	3	novelty+3
GCF_001427875.1_region002	GCF_001427875.1	terpene	putatively_novel	3	novelty+3
GCF_001427875.1_region003	GCF_001427875.1	hserlactone	putatively_novel	3	novelty+3
GCF_001427875.1_region004	GCF_001427875.1	hserlactone	putatively_novel	3	novelty+3
GCF_001650025.1_region001	GCF_001650025.1	terpene	putatively_novel	3	novelty+3
GCF_001650025.1_region002	GCF_001650025.1	hserlactone	putatively_novel	3	novelty+3
GCF_001899045.1_region001	GCF_001899045.1	terpene	putatively_novel	3	novelty+3
GCF_001899045.1_region002	GCF_001899045.1	betalactone	putatively_novel	3	novelty+3
GCF_001899065.1_region001	GCF_001899065.1	terpene	putatively_novel	3	novelty+3
GCF_001899065.1_region002	GCF_001899065.1	hserlactone	putatively_novel	3	novelty+3
GCF_001899075.1_region001	GCF_001899075.1	hserlactone	putatively_novel	3	novelty+3
GCF_001899075.1_region002	GCF_001899075.1	hydrogen-cyanide	putatively_novel	3	novelty+3
GCF_001899075.1_region003	GCF_001899075.1	hserlactone	putatively_novel	3	novelty+3
GCF_001899075.1_region004	GCF_001899075.1	betalactone	putatively_novel	3	novelty+3
GCF_001899075.1_region005	GCF_001899075.1	terpene	putatively_novel	3	novelty+3
GCF_001899075.1_region006	GCF_001899075.1	hydrogen-cyanide	putatively_novel	3	novelty+3
GCF_001899085.1_region001	GCF_001899085.1	terpene	putatively_novel	3	novelty+3
GCF_001899085.1_region003	GCF_001899085.1	redox-cofactor	putatively_novel	3	novelty+3
GCF_001899085.1_region005	GCF_001899085.1	LAP	putatively_novel	3	novelty+3
GCF_002949085.1_region002	GCF_002949085.1	hserlactone	putatively_novel	3	novelty+3
GCF_002949085.1_region003	GCF_002949085.1	hserlactone	putatively_novel	3	novelty+3
GCF_002949085.1_region004	GCF_002949085.1	betalactone	putatively_novel	3	novelty+3
GCF_002949085.1_region005	GCF_002949085.1	terpene	putatively_novel	3	novelty+3
GCF_003056345.1_region004	GCF_003056345.1	betalactone	putatively_novel	3	novelty+3
GCF_003056345.1_region005	GCF_003056345.1	hserlactone	putatively_novel	3	novelty+3
GCF_003056355.1_region001	GCF_003056355.1	redox-cofactor	putatively_novel	3	novelty+3
GCF_003056355.1_region002	GCF_003056355.1	hserlactone	putatively_novel	3	novelty+3
GCF_003056355.1_region003	GCF_003056355.1	betalactone	putatively_novel	3	novelty+3
GCF_003056355.1_region004	GCF_003056355.1	hserlactone	putatively_novel	3	novelty+3
GCF_003056405.1_region001	GCF_003056405.1	hserlactone	putatively_novel	3	novelty+3
GCF_003056405.1_region003	GCF_003056405.1	betalactone	putatively_novel	3	novelty+3
GCF_003056405.1_region004	GCF_003056405.1	terpene	putatively_novel	3	novelty+3
GCF_003056405.1_region006	GCF_003056405.1	hserlactone	putatively_novel	3	novelty+3
GCF_004005995.1_region001	GCF_004005995.1	RRE-containing;lassopeptide	related	3	related+1;hybrid+1;class+1
GCF_004005995.1_region002	GCF_004005995.1	terpene	putatively_novel	3	novelty+3
GCF_004005995.1_region003	GCF_004005995.1	hserlactone	putatively_novel	3	novelty+3
GCF_004005995.1_region005	GCF_004005995.1	acyl_amino_acids	putatively_novel	3	novelty+3
GCF_004005995.1_region006	GCF_004005995.1	hydrogen-cyanide	putatively_novel	3	novelty+3
GCF_005222805.1_region003	GCF_005222805.1	terpene	putatively_novel	3	novelty+3
GCF_005222805.1_region004	GCF_005222805.1	betalactone	putatively_novel	3	novelty+3
GCF_005222805.1_region006	GCF_005222805.1	hserlactone	putatively_novel	3	novelty+3
GCF_005222805.1_region007	GCF_005222805.1	hserlactone	putatively_novel	3	novelty+3
GCF_007859655.1_region001	GCF_007859655.1	hydrogen-cyanide	putatively_novel	3	novelty+3
GCF_007859655.1_region002	GCF_007859655.1	terpene	putatively_novel	3	novelty+3
GCF_007859655.1_region003	GCF_007859655.1	betalactone	putatively_novel	3	novelty+3
GCF_007859655.1_region004	GCF_007859655.1	hserlactone	putatively_novel	3	novelty+3
GCF_009758415.1_region004	GCF_009758415.1	terpene	putatively_novel	3	novelty+3
GCF_009758415.1_region005	GCF_009758415.1	betalactone	putatively_novel	3	novelty+3
GCF_009758415.1_region006	GCF_009758415.1	hserlactone	putatively_novel	3	novelty+3
GCF_009758415.1_region007	GCF_009758415.1	hserlactone	putatively_novel	3	novelty+3
GCF_009758415.1_region008	GCF_009758415.1	hserlactone	putatively_novel	3	novelty+3
GCF_012847305.1_region001	GCF_012847305.1	RRE-containing	putatively_novel	3	novelty+3
GCF_012847305.1_region002	GCF_012847305.1	terpene	putatively_novel	3	novelty+3
GCF_012847305.1_region003	GCF_012847305.1	RRE-containing	putatively_novel	3	novelty+3
GCF_012847305.1_region004	GCF_012847305.1	hserlactone	putatively_novel	3	novelty+3
GCF_012847305.1_region006	GCF_012847305.1	betalactone	putatively_novel	3	novelty+3
GCF_012847305.1_region007	GCF_012847305.1	hserlactone	putatively_novel	3	novelty+3
GCF_013185955.1_region001	GCF_013185955.1	terpene	putatively_novel	3	novelty+3
GCF_013185955.1_region002	GCF_013185955.1	hserlactone	putatively_novel	3	novelty+3
GCF_013185955.1_region004	GCF_013185955.1	acyl_amino_acids	putatively_novel	3	novelty+3
GCF_013185955.1_region005	GCF_013185955.1	RRE-containing;lassopeptide	related	3	related+1;hybrid+1;class+1
GCF_013185965.1_region001	GCF_013185965.1	acyl_amino_acids	putatively_novel	3	novelty+3
GCF_013185965.1_region002	GCF_013185965.1	RRE-containing;lassopeptide	related	3	related+1;hybrid+1;class+1
GCF_013185965.1_region003	GCF_013185965.1	terpene	putatively_novel	3	novelty+3
GCF_013185965.1_region004	GCF_013185965.1	hserlactone	putatively_novel	3	novelty+3
GCF_014127105.1_region001	GCF_014127105.1	RRE-containing	putatively_novel	3	novelty+3
GCF_014127105.1_region002	GCF_014127105.1	terpene	putatively_novel	3	novelty+3
GCF_014127105.1_region003	GCF_014127105.1	betalactone	putatively_novel	3	novelty+3
GCF_014127105.1_region004	GCF_014127105.1	hserlactone	putatively_novel	3	novelty+3
GCF_014127105.1_region005	GCF_014127105.1	hserlactone	putatively_novel	3	novelty+3
GCF_014197055.1_region001	GCF_014197055.1	terpene	putatively_novel	3	novelty+3
GCF_014197055.1_region003	GCF_014197055.1	hserlactone	putatively_novel	3	novelty+3
GCF_014197055.1_region004	GCF_014197055.1	hserlactone	putatively_novel	3	novelty+3
GCF_014652635.1_region001	GCF_014652635.1	terpene	putatively_novel	3	novelty+3
GCF_014652635.1_region003	GCF_014652635.1	hserlactone	putatively_novel	3	novelty+3
GCF_014837245.1_region001	GCF_014837245.1	betalactone	putatively_novel	3	novelty+3
GCF_014837245.1_region002	GCF_014837245.1	terpene	putatively_novel	3	novelty+3
GCF_014837245.1_region005	GCF_014837245.1	hserlactone	putatively_novel	3	novelty+3
GCF_014860165.1_region001	GCF_014860165.1	terpene	putatively_novel	3	novelty+3
GCF_014860165.1_region003	GCF_014860165.1	hserlactone	putatively_novel	3	novelty+3
GCF_014860165.1_region004	GCF_014860165.1	hydrogen-cyanide	putatively_novel	3	novelty+3
GCF_014860165.1_region005	GCF_014860165.1	betalactone	putatively_novel	3	novelty+3
GCF_014860165.1_region006	GCF_014860165.1	hserlactone	putatively_novel	3	novelty+3
GCF_014860165.1_region007	GCF_014860165.1	hserlactone	putatively_novel	3	novelty+3
GCF_014926585.1_region001	GCF_014926585.1	hydrogen-cyanide	putatively_novel	3	novelty+3
GCF_014926585.1_region004	GCF_014926585.1	betalactone	putatively_novel	3	novelty+3
GCF_014926585.1_region007	GCF_014926585.1	terpene	putatively_novel	3	novelty+3
GCF_015158295.1_region001	GCF_015158295.1	terpene	putatively_novel	3	novelty+3
GCF_015158295.1_region004	GCF_015158295.1	hserlactone	putatively_novel	3	novelty+3
GCF_015158295.1_region005	GCF_015158295.1	hserlactone	putatively_novel	3	novelty+3
GCF_015234425.1_region001	GCF_015234425.1	terpene	putatively_novel	3	novelty+3
GCF_015234425.1_region002	GCF_015234425.1	hserlactone	putatively_novel	3	novelty+3
GCF_015234425.1_region003	GCF_015234425.1	RRE-containing	putatively_novel	3	novelty+3
GCF_016411825.1_region001	GCF_016411825.1	terpene	putatively_novel	3	novelty+3
GCF_016411825.1_region002	GCF_016411825.1	hserlactone	putatively_novel	3	novelty+3
GCF_016411825.1_region003	GCF_016411825.1	hserlactone	putatively_novel	3	novelty+3
GCF_016457235.1_region001	GCF_016457235.1	hserlactone	putatively_novel	3	novelty+3
GCF_016457235.1_region002	GCF_016457235.1	hserlactone	putatively_novel	3	novelty+3
GCF_016457235.1_region003	GCF_016457235.1	betalactone	putatively_novel	3	novelty+3
GCF_016457235.1_region004	GCF_016457235.1	terpene	putatively_novel	3	novelty+3
GCF_016457235.1_region005	GCF_016457235.1	RRE-containing	putatively_novel	3	novelty+3
GCF_016461625.1_region001	GCF_016461625.1	terpene	putatively_novel	3	novelty+3
GCF_016461625.1_region002	GCF_016461625.1	hserlactone	putatively_novel	3	novelty+3
GCF_016461625.1_region003	GCF_016461625.1	betalactone	putatively_novel	3	novelty+3
GCF_016461625.1_region004	GCF_016461625.1	RRE-containing	putatively_novel	3	novelty+3
GCF_016461625.1_region005	GCF_016461625.1	hserlactone	putatively_novel	3	novelty+3
GCF_016595685.1_region001	GCF_016595685.1	betalactone	putatively_novel	3	novelty+3
GCF_016595685.1_region002	GCF_016595685.1	hserlactone	putatively_novel	3	novelty+3
GCF_016595685.1_region003	GCF_016595685.1	hserlactone	putatively_novel	3	novelty+3
GCF_016595685.1_region004	GCF_016595685.1	RRE-containing	putatively_novel	3	novelty+3
GCF_016595685.1_region005	GCF_016595685.1	terpene	putatively_novel	3	novelty+3
GCF_016698645.1_region001	GCF_016698645.1	hserlactone	putatively_novel	3	novelty+3
GCF_016698645.1_region002	GCF_016698645.1	betalactone	putatively_novel	3	novelty+3
GCF_016698645.1_region003	GCF_016698645.1	terpene	putatively_novel	3	novelty+3
GCF_016698665.1_region001	GCF_016698665.1	hserlactone	putatively_novel	3	novelty+3
GCF_016698665.1_region002	GCF_016698665.1	betalactone	putatively_novel	3	novelty+3
GCF_016698665.1_region003	GCF_016698665.1	terpene	putatively_novel	3	novelty+3
GCF_016698665.1_region005	GCF_016698665.1	hserlactone	putatively_novel	3	novelty+3
GCF_017307475.1_region001	GCF_017307475.1	hydrogen-cyanide	putatively_novel	3	novelty+3
GCF_017307475.1_region002	GCF_017307475.1	hserlactone	putatively_novel	3	novelty+3
GCF_017307475.1_region003	GCF_017307475.1	betalactone	putatively_novel	3	novelty+3
GCF_017307475.1_region004	GCF_017307475.1	terpene	putatively_novel	3	novelty+3
GCF_017307475.1_region005	GCF_017307475.1	hydrogen-cyanide	putatively_novel	3	novelty+3
GCF_017307475.1_region006	GCF_017307475.1	hserlactone	putatively_novel	3	novelty+3
GCF_017307495.1_region001	GCF_017307495.1	redox-cofactor	putatively_novel	3	novelty+3
GCF_017307495.1_region003	GCF_017307495.1	betalactone	putatively_novel	3	novelty+3
GCF_017307495.1_region004	GCF_017307495.1	terpene	putatively_novel	3	novelty+3
GCF_017307535.1_region002	GCF_017307535.1	LAP	putatively_novel	3	novelty+3
GCF_017307535.1_region003	GCF_017307535.1	redox-cofactor	putatively_novel	3	novelty+3
GCF_017307535.1_region005	GCF_017307535.1	terpene	putatively_novel	3	novelty+3
GCF_017744655.1_region003	GCF_017744655.1	terpene	putatively_novel	3	novelty+3
GCF_017744655.1_region004	GCF_017744655.1	hserlactone	putatively_novel	3	novelty+3
GCF_017744655.1_region005	GCF_017744655.1	hserlactone	putatively_novel	3	novelty+3
GCF_018334155.1_region001	GCF_018334155.1	hserlactone	putatively_novel	3	novelty+3
GCF_018334155.1_region002	GCF_018334155.1	betalactone	putatively_novel	3	novelty+3
GCF_018334155.1_region003	GCF_018334155.1	terpene	putatively_novel	3	novelty+3
GCF_019504385.1_region001	GCF_019504385.1	hserlactone	putatively_novel	3	novelty+3
GCF_019504385.1_region004	GCF_019504385.1	terpene	putatively_novel	3	novelty+3
GCF_019504385.1_region006	GCF_019504385.1	hserlactone	putatively_novel	3	novelty+3
GCF_019504385.1_region007	GCF_019504385.1	hserlactone	putatively_novel	3	novelty+3
GCF_021729885.1_region001	GCF_021729885.1	terpene	putatively_novel	3	novelty+3
GCF_022429625.1_region003	GCF_022429625.1	terpene	putatively_novel	3	novelty+3
GCF_022429625.1_region004	GCF_022429625.1	betalactone	putatively_novel	3	novelty+3
GCF_022429625.1_region005	GCF_022429625.1	hserlactone	putatively_novel	3	novelty+3
GCF_024158985.1_region002	GCF_024158985.1	terpene	putatively_novel	3	novelty+3
GCF_024158985.1_region005	GCF_024158985.1	hserlactone	putatively_novel	3	novelty+3
GCF_024158985.1_region006	GCF_024158985.1	hserlactone	putatively_novel	3	novelty+3
GCF_024273195.1_region001	GCF_024273195.1	terpene	putatively_novel	3	novelty+3
GCF_024273195.1_region002	GCF_024273195.1	acyl_amino_acids	putatively_novel	3	novelty+3
GCF_024273195.1_region003	GCF_024273195.1	hydrogen-cyanide	putatively_novel	3	novelty+3
GCF_024273195.1_region004	GCF_024273195.1	betalactone	putatively_novel	3	novelty+3
GCF_024273195.1_region005	GCF_024273195.1	hserlactone	putatively_novel	3	novelty+3
GCF_024273195.1_region007	GCF_024273195.1	hserlactone	putatively_novel	3	novelty+3
GCF_024273205.1_region001	GCF_024273205.1	terpene	putatively_novel	3	novelty+3
GCF_024273205.1_region002	GCF_024273205.1	hydrogen-cyanide	putatively_novel	3	novelty+3
GCF_024273205.1_region003	GCF_024273205.1	acyl_amino_acids	putatively_novel	3	novelty+3
GCF_024273205.1_region004	GCF_024273205.1	betalactone	putatively_novel	3	novelty+3
GCF_024273205.1_region005	GCF_024273205.1	hserlactone	putatively_novel	3	novelty+3
GCF_024273205.1_region007	GCF_024273205.1	hserlactone	putatively_novel	3	novelty+3
GCF_024707105.1_region001	GCF_024707105.1	betalactone	putatively_novel	3	novelty+3
GCF_024707105.1_region002	GCF_024707105.1	terpene	putatively_novel	3	novelty+3
GCF_024707105.1_region003	GCF_024707105.1	hydrogen-cyanide	putatively_novel	3	novelty+3
GCF_024707105.1_region005	GCF_024707105.1	hserlactone	putatively_novel	3	novelty+3
GCF_025452235.1_region001	GCF_025452235.1	redox-cofactor	putatively_novel	3	novelty+3
GCF_025452235.1_region002	GCF_025452235.1	hserlactone	putatively_novel	3	novelty+3
GCF_025452235.1_region003	GCF_025452235.1	betalactone	putatively_novel	3	novelty+3
GCF_025452235.1_region004	GCF_025452235.1	terpene	putatively_novel	3	novelty+3
GCF_025452235.1_region005	GCF_025452235.1	hserlactone	putatively_novel	3	novelty+3
GCF_025809055.1_region001	GCF_025809055.1	terpene	putatively_novel	3	novelty+3
GCF_025809055.1_region003	GCF_025809055.1	betalactone	putatively_novel	3	novelty+3
GCF_025809055.1_region004	GCF_025809055.1	hserlactone	putatively_novel	3	novelty+3
GCF_025809055.1_region005	GCF_025809055.1	hserlactone	putatively_novel	3	novelty+3
GCF_027214225.1_region001	GCF_027214225.1	hserlactone	putatively_novel	3	novelty+3
GCF_027214225.1_region003	GCF_027214225.1	betalactone	putatively_novel	3	novelty+3
GCF_027214225.1_region004	GCF_027214225.1	terpene	putatively_novel	3	novelty+3
GCF_027214225.1_region005	GCF_027214225.1	hserlactone	putatively_novel	3	novelty+3
GCF_028290435.1_region001	GCF_028290435.1	betalactone	putatively_novel	3	novelty+3
GCF_028290435.1_region002	GCF_028290435.1	hserlactone	putatively_novel	3	novelty+3
GCF_028290435.1_region004	GCF_028290435.1	hserlactone	putatively_novel	3	novelty+3
GCF_028290435.1_region005	GCF_028290435.1	terpene	putatively_novel	3	novelty+3
GCF_028290435.1_region006	GCF_028290435.1	hserlactone	putatively_novel	3	novelty+3
GCF_028290625.1_region001	GCF_028290625.1	hserlactone	putatively_novel	3	novelty+3
GCF_028290625.1_region002	GCF_028290625.1	betalactone	putatively_novel	3	novelty+3
GCF_028290625.1_region003	GCF_028290625.1	hserlactone	putatively_novel	3	novelty+3
GCF_028290625.1_region005	GCF_028290625.1	terpene	putatively_novel	3	novelty+3
GCF_028613635.1_region002	GCF_028613635.1	terpene	putatively_novel	3	novelty+3
GCF_028816435.1_region001	GCF_028816435.1	hserlactone	putatively_novel	3	novelty+3
GCF_028816435.1_region005	GCF_028816435.1	terpene	putatively_novel	3	novelty+3
GCF_028816435.1_region006	GCF_028816435.1	betalactone	putatively_novel	3	novelty+3
GCF_029201545.1_region001	GCF_029201545.1	hserlactone	putatively_novel	3	novelty+3
GCF_029201545.1_region003	GCF_029201545.1	terpene	putatively_novel	3	novelty+3
GCF_029201545.1_region004	GCF_029201545.1	hserlactone	putatively_novel	3	novelty+3
GCF_029201545.1_region005	GCF_029201545.1	hserlactone	putatively_novel	3	novelty+3
GCF_029201565.1_region002	GCF_029201565.1	terpene	putatively_novel	3	novelty+3
GCF_029201565.1_region003	GCF_029201565.1	hserlactone	putatively_novel	3	novelty+3
GCF_029201565.1_region004	GCF_029201565.1	hserlactone	putatively_novel	3	novelty+3
GCF_030159855.1_region001	GCF_030159855.1	hserlactone	putatively_novel	3	novelty+3
GCF_030159855.1_region002	GCF_030159855.1	betalactone	putatively_novel	3	novelty+3
GCF_030159855.1_region003	GCF_030159855.1	terpene	putatively_novel	3	novelty+3
GCF_030159855.1_region004	GCF_030159855.1	redox-cofactor	putatively_novel	3	novelty+3
GCF_030160115.1_region002	GCF_030160115.1	LAP	putatively_novel	3	novelty+3
GCF_030160115.1_region003	GCF_030160115.1	acyl_amino_acids	putatively_novel	3	novelty+3
GCF_030160115.1_region004	GCF_030160115.1	betalactone	putatively_novel	3	novelty+3
GCF_030160115.1_region007	GCF_030160115.1	terpene	putatively_novel	3	novelty+3
GCF_030177755.1_region001	GCF_030177755.1	hserlactone	putatively_novel	3	novelty+3
GCF_030177755.1_region002	GCF_030177755.1	terpene	putatively_novel	3	novelty+3
GCF_030285925.1_region001	GCF_030285925.1	terpene	putatively_novel	3	novelty+3
GCF_030285925.1_region002	GCF_030285925.1	betalactone	putatively_novel	3	novelty+3
GCF_032907385.1_region001	GCF_032907385.1	betalactone	putatively_novel	3	novelty+3
GCF_032907385.1_region002	GCF_032907385.1	terpene	putatively_novel	3	novelty+3
GCF_032907385.1_region005	GCF_032907385.1	hserlactone	putatively_novel	3	novelty+3
GCF_032907385.1_region006	GCF_032907385.1	hserlactone	putatively_novel	3	novelty+3
GCF_036563435.1_region001	GCF_036563435.1	hserlactone	putatively_novel	3	novelty+3
GCF_036563435.1_region002	GCF_036563435.1	hserlactone	putatively_novel	3	novelty+3
GCF_036563435.1_region004	GCF_036563435.1	terpene	putatively_novel	3	novelty+3
GCF_036563435.1_region005	GCF_036563435.1	betalactone	putatively_novel	3	novelty+3
GCF_037113415.1_region002	GCF_037113415.1	hserlactone	putatively_novel	3	novelty+3
GCF_037113415.1_region004	GCF_037113415.1	terpene	putatively_novel	3	novelty+3
GCF_037113415.1_region005	GCF_037113415.1	betalactone	putatively_novel	3	novelty+3
GCF_040223715.1_region001	GCF_040223715.1	hserlactone	putatively_novel	3	novelty+3
GCF_040223715.1_region002	GCF_040223715.1	hserlactone	putatively_novel	3	novelty+3
GCF_040223715.1_region003	GCF_040223715.1	terpene	putatively_novel	3	novelty+3
GCF_040223715.1_region005	GCF_040223715.1	hserlactone	putatively_novel	3	novelty+3
GCF_040223715.1_region006	GCF_040223715.1	hserlactone	putatively_novel	3	novelty+3
GCF_040223715.1_region007	GCF_040223715.1	hserlactone	putatively_novel	3	novelty+3
GCF_040546795.1_region001	GCF_040546795.1	terpene	putatively_novel	3	novelty+3
GCF_040546795.1_region003	GCF_040546795.1	hserlactone	putatively_novel	3	novelty+3
GCF_040546795.1_region004	GCF_040546795.1	betalactone	putatively_novel	3	novelty+3
GCF_040546795.1_region005	GCF_040546795.1	hserlactone	putatively_novel	3	novelty+3
GCF_040546795.1_region006	GCF_040546795.1	hserlactone	putatively_novel	3	novelty+3
GCF_040546795.1_region008	GCF_040546795.1	hserlactone	putatively_novel	3	novelty+3
GCF_040546815.1_region001	GCF_040546815.1	hserlactone	putatively_novel	3	novelty+3
GCF_040546815.1_region002	GCF_040546815.1	terpene	putatively_novel	3	novelty+3
GCF_042181575.1_region001	GCF_042181575.1	hserlactone	putatively_novel	3	novelty+3
GCF_042181575.1_region002	GCF_042181575.1	hserlactone	putatively_novel	3	novelty+3
GCF_042181575.1_region003	GCF_042181575.1	hserlactone	putatively_novel	3	novelty+3
GCF_042181575.1_region005	GCF_042181575.1	terpene	putatively_novel	3	novelty+3
GCF_042181575.1_region008	GCF_042181575.1	hserlactone	putatively_novel	3	novelty+3
GCF_042181575.1_region009	GCF_042181575.1	hserlactone	putatively_novel	3	novelty+3
GCF_042431865.1_region001	GCF_042431865.1	betalactone	putatively_novel	3	novelty+3
GCF_042431865.1_region002	GCF_042431865.1	LAP	putatively_novel	3	novelty+3
GCF_042431865.1_region005	GCF_042431865.1	acyl_amino_acids	putatively_novel	3	novelty+3
GCF_042431865.1_region006	GCF_042431865.1	terpene	putatively_novel	3	novelty+3
GCF_042648785.1_region002	GCF_042648785.1	acyl_amino_acids	putatively_novel	3	novelty+3
GCF_042648785.1_region003	GCF_042648785.1	hserlactone	putatively_novel	3	novelty+3
GCF_042648785.1_region004	GCF_042648785.1	NRP-metallophore;NRPS	related	3	related+1;hybrid+1;class+1
GCF_042679405.1_region001	GCF_042679405.1	betalactone	putatively_novel	3	novelty+3
GCF_042679405.1_region002	GCF_042679405.1	terpene	putatively_novel	3	novelty+3
GCF_042685625.1_region002	GCF_042685625.1	hydrogen-cyanide	putatively_novel	3	novelty+3
GCF_042685625.1_region003	GCF_042685625.1	terpene	putatively_novel	3	novelty+3
GCF_044987315.1_region001	GCF_044987315.1	betalactone	putatively_novel	3	novelty+3
GCF_044987315.1_region002	GCF_044987315.1	terpene	putatively_novel	3	novelty+3
GCF_044987315.1_region003	GCF_044987315.1	redox-cofactor	putatively_novel	3	novelty+3
GCF_044987315.1_region004	GCF_044987315.1	hserlactone	putatively_novel	3	novelty+3
GCF_046614475.1_region001	GCF_046614475.1	hserlactone	putatively_novel	3	novelty+3
GCF_046614475.1_region002	GCF_046614475.1	terpene	putatively_novel	3	novelty+3
GCF_046614475.1_region003	GCF_046614475.1	betalactone	putatively_novel	3	novelty+3
GCF_046614475.1_region004	GCF_046614475.1	hserlactone	putatively_novel	3	novelty+3
GCF_046614475.1_region005	GCF_046614475.1	hserlactone	putatively_novel	3	novelty+3
GCF_048261455.1_region004	GCF_048261455.1	terpene	putatively_novel	3	novelty+3
GCF_048261455.1_region005	GCF_048261455.1	betalactone	putatively_novel	3	novelty+3
GCF_049354815.1_region001	GCF_049354815.1	terpene	putatively_novel	3	novelty+3
GCF_051302775.1_region001	GCF_051302775.1	hserlactone	putatively_novel	3	novelty+3
GCF_051302775.1_region005	GCF_051302775.1	terpene	putatively_novel	3	novelty+3
GCF_051302775.1_region006	GCF_051302775.1	betalactone	putatively_novel	3	novelty+3
GCF_051861085.1_region001	GCF_051861085.1	LAP	putatively_novel	3	novelty+3
GCF_051861085.1_region002	GCF_051861085.1	terpene	putatively_novel	3	novelty+3
GCF_051861085.1_region004	GCF_051861085.1	redox-cofactor	putatively_novel	3	novelty+3
GCF_054482695.1_region001	GCF_054482695.1	hserlactone	putatively_novel	3	novelty+3
GCF_054482695.1_region002	GCF_054482695.1	betalactone	putatively_novel	3	novelty+3
GCF_054482695.1_region006	GCF_054482695.1	terpene	putatively_novel	3	novelty+3
GCF_054482695.1_region007	GCF_054482695.1	hserlactone	putatively_novel	3	novelty+3
GCF_054482695.1_region008	GCF_054482695.1	hserlactone	putatively_novel	3	novelty+3
GCF_054489345.1_region001	GCF_054489345.1	betalactone	putatively_novel	3	novelty+3
GCF_054489345.1_region003	GCF_054489345.1	hserlactone	putatively_novel	3	novelty+3
GCF_054489345.1_region004	GCF_054489345.1	hydrogen-cyanide	putatively_novel	3	novelty+3
GCF_054489345.1_region005	GCF_054489345.1	terpene	putatively_novel	3	novelty+3
GCF_054489345.1_region006	GCF_054489345.1	hserlactone	putatively_novel	3	novelty+3
GCF_054605195.1_region002	GCF_054605195.1	hserlactone	putatively_novel	3	novelty+3
GCF_054605195.1_region004	GCF_054605195.1	terpene	putatively_novel	3	novelty+3
GCF_055397495.1_region001	GCF_055397495.1	hserlactone	putatively_novel	3	novelty+3
GCF_055397495.1_region002	GCF_055397495.1	RRE-containing	putatively_novel	3	novelty+3
GCF_055397495.1_region003	GCF_055397495.1	terpene	putatively_novel	3	novelty+3
GCF_055397495.1_region004	GCF_055397495.1	betalactone	putatively_novel	3	novelty+3
GCF_055633315.1_region004	GCF_055633315.1	hserlactone	putatively_novel	3	novelty+3
GCF_055633315.1_region005	GCF_055633315.1	terpene	putatively_novel	3	novelty+3
GCF_055808475.1_region002	GCF_055808475.1	hserlactone	putatively_novel	3	novelty+3
GCF_055808475.1_region003	GCF_055808475.1	betalactone	putatively_novel	3	novelty+3
GCF_055808475.1_region004	GCF_055808475.1	terpene	putatively_novel	3	novelty+3
GCF_055808595.1_region004	GCF_055808595.1	betalactone	putatively_novel	3	novelty+3
GCF_055808595.1_region005	GCF_055808595.1	terpene	putatively_novel	3	novelty+3
GCF_056341075.1_region001	GCF_056341075.1	terpene	putatively_novel	3	novelty+3
GCF_056341075.1_region002	GCF_056341075.1	hserlactone	putatively_novel	3	novelty+3
GCF_056341075.1_region003	GCF_056341075.1	hserlactone	putatively_novel	3	novelty+3
GCF_056341075.1_region004	GCF_056341075.1	hserlactone	putatively_novel	3	novelty+3
GCF_056402875.1_region003	GCF_056402875.1	terpene	putatively_novel	3	novelty+3
GCF_056403495.1_region003	GCF_056403495.1	terpene	putatively_novel	3	novelty+3
GCF_056405135.1_region001	GCF_056405135.1	terpene	putatively_novel	3	novelty+3
GCF_057657195.1_region001	GCF_057657195.1	RRE-containing	putatively_novel	3	novelty+3
GCF_057657195.1_region003	GCF_057657195.1	redox-cofactor	putatively_novel	3	novelty+3
GCF_057657195.1_region004	GCF_057657195.1	terpene	putatively_novel	3	novelty+3
GCF_058133495.1_region001	GCF_058133495.1	lassopeptide;RRE-containing	related	3	related+1;hybrid+1;class+1
GCF_058133495.1_region002	GCF_058133495.1	acyl_amino_acids	putatively_novel	3	novelty+3
GCF_058133495.1_region003	GCF_058133495.1	terpene	putatively_novel	3	novelty+3
GCF_058133495.1_region004	GCF_058133495.1	hserlactone	putatively_novel	3	novelty+3
GCF_058133665.1_region002	GCF_058133665.1	hserlactone	putatively_novel	3	novelty+3
GCF_058133665.1_region003	GCF_058133665.1	acyl_amino_acids	putatively_novel	3	novelty+3
GCF_058133665.1_region004	GCF_058133665.1	terpene	putatively_novel	3	novelty+3
GCF_058133665.1_region005	GCF_058133665.1	lassopeptide;RRE-containing	related	3	related+1;hybrid+1;class+1
GCF_059070485.1_region001	GCF_059070485.1	hserlactone	putatively_novel	3	novelty+3
GCF_059070485.1_region002	GCF_059070485.1	betalactone	putatively_novel	3	novelty+3
GCF_059070485.1_region003	GCF_059070485.1	terpene	putatively_novel	3	novelty+3
GCF_059070485.1_region004	GCF_059070485.1	hserlactone	putatively_novel	3	novelty+3
GCF_059724365.1_region001	GCF_059724365.1	hserlactone	putatively_novel	3	novelty+3
GCF_059724365.1_region002	GCF_059724365.1	hserlactone	putatively_novel	3	novelty+3
GCF_059724365.1_region003	GCF_059724365.1	betalactone	putatively_novel	3	novelty+3
GCF_059724365.1_region004	GCF_059724365.1	terpene	putatively_novel	3	novelty+3
GCF_059724365.1_region007	GCF_059724365.1	hserlactone	putatively_novel	3	novelty+3
GCF_059726835.1_region001	GCF_059726835.1	hserlactone	putatively_novel	3	novelty+3
GCF_059726835.1_region005	GCF_059726835.1	terpene	putatively_novel	3	novelty+3
GCF_059726835.1_region006	GCF_059726835.1	betalactone	putatively_novel	3	novelty+3
GCF_059726835.1_region007	GCF_059726835.1	hserlactone	putatively_novel	3	novelty+3
GCF_060038265.1_region002	GCF_060038265.1	terpene	putatively_novel	3	novelty+3
GCF_060038265.1_region003	GCF_060038265.1	betalactone	putatively_novel	3	novelty+3
GCF_060038265.1_region005	GCF_060038265.1	hserlactone	putatively_novel	3	novelty+3
GCF_900110945.1_region001	GCF_900110945.1	betalactone	putatively_novel	3	novelty+3
GCF_900110945.1_region002	GCF_900110945.1	hserlactone	putatively_novel	3	novelty+3
GCF_900110945.1_region003	GCF_900110945.1	terpene	putatively_novel	3	novelty+3
GCF_900112505.1_region001	GCF_900112505.1	hserlactone	putatively_novel	3	novelty+3
GCF_900112505.1_region004	GCF_900112505.1	hserlactone	putatively_novel	3	novelty+3
GCF_900112505.1_region005	GCF_900112505.1	hserlactone	putatively_novel	3	novelty+3
GCF_900112505.1_region006	GCF_900112505.1	terpene	putatively_novel	3	novelty+3
GCF_900112505.1_region007	GCF_900112505.1	betalactone	putatively_novel	3	novelty+3
GCF_900116545.1_region001	GCF_900116545.1	hserlactone	putatively_novel	3	novelty+3
GCF_900116545.1_region004	GCF_900116545.1	hserlactone	putatively_novel	3	novelty+3
GCF_900116545.1_region005	GCF_900116545.1	betalactone	putatively_novel	3	novelty+3
GCF_900116545.1_region006	GCF_900116545.1	terpene	putatively_novel	3	novelty+3
GCF_900128975.1_region001	GCF_900128975.1	betalactone	putatively_novel	3	novelty+3
GCF_900128975.1_region003	GCF_900128975.1	hserlactone	putatively_novel	3	novelty+3
GCF_900128975.1_region004	GCF_900128975.1	terpene	putatively_novel	3	novelty+3
GCF_900128975.1_region007	GCF_900128975.1	hydrogen-cyanide	putatively_novel	3	novelty+3
GCF_900128975.1_region009	GCF_900128975.1	hserlactone	putatively_novel	3	novelty+3
GCF_900177655.1_region002	GCF_900177655.1	hserlactone	putatively_novel	3	novelty+3
GCF_900177655.1_region005	GCF_900177655.1	terpene	putatively_novel	3	novelty+3
GCF_900177655.1_region007	GCF_900177655.1	betalactone	putatively_novel	3	novelty+3
GCF_900177655.1_region008	GCF_900177655.1	hserlactone	putatively_novel	3	novelty+3
GCF_900631955.1_region003	GCF_900631955.1	betalactone	putatively_novel	3	novelty+3
GCF_900631955.1_region004	GCF_900631955.1	terpene	putatively_novel	3	novelty+3
GCF_964252795.1_region004	GCF_964252795.1	terpene	putatively_novel	3	novelty+3
GCF_964252795.1_region005	GCF_964252795.1	redox-cofactor	putatively_novel	3	novelty+3
GCF_964252865.1_region001	GCF_964252865.1	hserlactone	putatively_novel	3	novelty+3
GCF_964252865.1_region002	GCF_964252865.1	betalactone	putatively_novel	3	novelty+3
GCF_964252865.1_region003	GCF_964252865.1	terpene	putatively_novel	3	novelty+3
GCF_964252865.1_region004	GCF_964252865.1	hserlactone	putatively_novel	3	novelty+3
GCF_965229025.1_region003	GCF_965229025.1	terpene	putatively_novel	3	novelty+3
GCF_977014175.1_region001	GCF_977014175.1	hserlactone	putatively_novel	3	novelty+3
GCF_977014175.1_region002	GCF_977014175.1	hserlactone	putatively_novel	3	novelty+3
GCF_977014175.1_region004	GCF_977014175.1	terpene	putatively_novel	3	novelty+3
GCF_977186645.1_region001	GCF_977186645.1	betalactone	putatively_novel	3	novelty+3
GCF_977186645.1_region002	GCF_977186645.1	terpene	putatively_novel	3	novelty+3
GCF_977243345.1_region002	GCF_977243345.1	terpene	putatively_novel	3	novelty+3
GCF_977243345.1_region003	GCF_977243345.1	betalactone	putatively_novel	3	novelty+3
GCF_977256975.1_region003	GCF_977256975.1	betalactone	putatively_novel	3	novelty+3
GCF_977256975.1_region005	GCF_977256975.1	terpene	putatively_novel	3	novelty+3
GCF_000970435.1_region009	GCF_000970435.1	NRPS-like	related	2	related+1;class+1
GCF_001424865.1_region005	GCF_001424865.1	T3PKS	related	2	related+1;class+1
GCF_001425235.1_region006	GCF_001425235.1	T3PKS	related	2	related+1;class+1
GCF_005222805.1_region002	GCF_005222805.1	T3PKS	related	2	related+1;class+1
GCF_007859655.1_region005	GCF_007859655.1	T1PKS	related	2	related+1;class+1
GCF_014926585.1_region006	GCF_014926585.1	T3PKS	related	2	related+1;class+1
GCF_025809055.1_region002	GCF_025809055.1	phosphonate	related	2	related+1;class+1
GCF_054482695.1_region003	GCF_054482695.1	NRPS-like	related	2	related+1;class+1
GCF_900128975.1_region005	GCF_900128975.1	NRPS-like	related	2	related+1;class+1
GCF_964252795.1_region002	GCF_964252795.1	T3PKS	related	2	related+1;class+1
GCA_041916695.1_region004	GCA_041916695.1	terpene	related	1	related+1
GCA_943372435.1_region004	GCA_943372435.1	hserlactone	related	1	related+1
GCA_977190485.1_region003	GCA_977190485.1	ectoine	related	1	related+1
GCA_977202345.1_region001	GCA_977202345.1	ectoine	related	1	related+1
GCA_977206845.1_region001	GCA_977206845.1	ectoine	related	1	related+1
GCA_977242165.1_region002	GCA_977242165.1	ectoine	related	1	related+1
GCA_977254065.1_region001	GCA_977254065.1	ectoine	related	1	related+1
GCF_000735585.1_region002	GCF_000735585.1	redox-cofactor	related	1	related+1
GCF_000743575.1_region005	GCF_000743575.1	hserlactone	related	1	related+1
GCF_000743575.1_region006	GCF_000743575.1	betalactone	related	1	related+1
GCF_001402915.1_region003	GCF_001402915.1	RRE-containing	related	1	related+1
GCF_001424865.1_region006	GCF_001424865.1	RRE-containing	related	1	related+1
GCF_001425235.1_region005	GCF_001425235.1	RRE-containing	related	1	related+1
GCF_001426345.1_region001	GCF_001426345.1	terpene	related	1	related+1
GCF_001426345.1_region004	GCF_001426345.1	hserlactone	related	1	related+1
GCF_001427605.1_region005	GCF_001427605.1	hserlactone	related	1	related+1
GCF_001427875.1_region001	GCF_001427875.1	betalactone	related	1	related+1
GCF_001899045.1_region003	GCF_001899045.1	hserlactone	related	1	related+1
GCF_001899085.1_region006	GCF_001899085.1	RRE-containing	related	1	related+1
GCF_002949085.1_region006	GCF_002949085.1	ectoine	related	1	related+1
GCF_003056345.1_region002	GCF_003056345.1	terpene	related	1	related+1
GCF_003056355.1_region005	GCF_003056355.1	terpene	related	1	related+1
GCF_003056405.1_region005	GCF_003056405.1	ectoine	related	1	related+1
GCF_007859655.1_region006	GCF_007859655.1	hserlactone	related	1	related+1
GCF_009758415.1_region003	GCF_009758415.1	ectoine	related	1	related+1
GCF_014197055.1_region002	GCF_014197055.1	ectoine	related	1	related+1
GCF_017307535.1_region001	GCF_017307535.1	RRE-containing	related	1	related+1
GCF_017744655.1_region001	GCF_017744655.1	hserlactone	related	1	related+1
GCF_017744655.1_region002	GCF_017744655.1	betalactone	related	1	related+1
GCF_018334155.1_region004	GCF_018334155.1	ectoine	related	1	related+1
GCF_021729885.1_region002	GCF_021729885.1	hserlactone	related	1	related+1
GCF_022429625.1_region002	GCF_022429625.1	hserlactone	related	1	related+1
GCF_024158985.1_region001	GCF_024158985.1	ectoine	related	1	related+1
GCF_024273195.1_region006	GCF_024273195.1	ectoine	related	1	related+1
GCF_024273205.1_region008	GCF_024273205.1	ectoine	related	1	related+1
GCF_024707105.1_region004	GCF_024707105.1	hserlactone	related	1	related+1
GCF_027214225.1_region002	GCF_027214225.1	ectoine	related	1	related+1
GCF_028816435.1_region004	GCF_028816435.1	ectoine	related	1	related+1
GCF_030160115.1_region001	GCF_030160115.1	hserlactone	related	1	related+1
GCF_037113415.1_region001	GCF_037113415.1	ectoine	related	1	related+1
GCF_040223715.1_region004	GCF_040223715.1	ectoine	related	1	related+1
GCF_042181575.1_region006	GCF_042181575.1	ectoine	related	1	related+1
GCF_042431865.1_region004	GCF_042431865.1	hserlactone	related	1	related+1
GCF_042679405.1_region004	GCF_042679405.1	hserlactone	related	1	related+1
GCF_048261455.1_region001	GCF_048261455.1	terpene	related	1	related+1
GCF_048261455.1_region002	GCF_048261455.1	hydrogen-cyanide	related	1	related+1
GCF_051302775.1_region003	GCF_051302775.1	ectoine	related	1	related+1
GCF_051861085.1_region006	GCF_051861085.1	RRE-containing	related	1	related+1
GCF_054482695.1_region004	GCF_054482695.1	ectoine	related	1	related+1
GCF_055808475.1_region005	GCF_055808475.1	ectoine	related	1	related+1
GCF_059724365.1_region005	GCF_059724365.1	ectoine	related	1	related+1
GCF_059726835.1_region003	GCF_059726835.1	hydrogen-cyanide	related	1	related+1
GCF_059726835.1_region004	GCF_059726835.1	ectoine	related	1	related+1
GCF_900631955.1_region001	GCF_900631955.1	hserlactone	related	1	related+1
GCF_964252795.1_region001	GCF_964252795.1	RRE-containing	related	1	related+1
GCF_977014175.1_region003	GCF_977014175.1	betalactone	related	1	related+1
GCF_977186645.1_region003	GCF_977186645.1	ectoine	related	1	related+1
GCF_977243345.1_region005	GCF_977243345.1	ectoine	related	1	related+1
GCF_977256975.1_region002	GCF_977256975.1	ectoine	related	1	related+1
GCA_977190485.1_region002	GCA_977190485.1	acyl_amino_acids	known	0	
GCA_977202345.1_region002	GCA_977202345.1	acyl_amino_acids	known	0	
GCA_977206845.1_region002	GCA_977206845.1	acyl_amino_acids	known	0	
GCA_977242165.1_region001	GCA_977242165.1	acyl_amino_acids	known	0	
GCA_977254065.1_region004	GCA_977254065.1	acyl_amino_acids	known	0	
GCF_000969445.1_region004	GCF_000969445.1	ectoine	known	0	
GCF_000970435.1_region006	GCF_000970435.1	ectoine	known	0	
GCF_000970455.1_region004	GCF_000970455.1	terpene	known	0	
GCF_001421945.1_region005	GCF_001421945.1	acyl_amino_acids	known	0	
GCF_001425445.1_region002	GCF_001425445.1	acyl_amino_acids	known	0	
GCF_003056345.1_region003	GCF_003056345.1	terpene	known	0	
GCF_004005995.1_region004	GCF_004005995.1	terpene	known	0	
GCF_013185955.1_region003	GCF_013185955.1	terpene	known	0	
GCF_013185965.1_region005	GCF_013185965.1	terpene	known	0	
GCF_014652635.1_region005	GCF_014652635.1	ectoine	known	0	
GCF_014837245.1_region004	GCF_014837245.1	ectoine	known	0	
GCF_014926585.1_region005	GCF_014926585.1	ectoine	known	0	
GCF_015158295.1_region002	GCF_015158295.1	acyl_amino_acids	known	0	
GCF_015234425.1_region004	GCF_015234425.1	terpene	known	0	
GCF_016698665.1_region004	GCF_016698665.1	terpene	known	0	
GCF_018334155.1_region006	GCF_018334155.1	acyl_amino_acids	known	0	
GCF_019504385.1_region003	GCF_019504385.1	ectoine	known	0	
GCF_021729885.1_region004	GCF_021729885.1	acyl_amino_acids	known	0	
GCF_021729885.1_region005	GCF_021729885.1	terpene	known	0	
GCF_027214225.1_region007	GCF_027214225.1	acyl_amino_acids	known	0	
GCF_028816435.1_region002	GCF_028816435.1	acyl_amino_acids	known	0	
GCF_029201545.1_region002	GCF_029201545.1	terpene	known	0	
GCF_029201565.1_region001	GCF_029201565.1	terpene	known	0	
GCF_030177755.1_region003	GCF_030177755.1	ectoine	known	0	
GCF_030177755.1_region004	GCF_030177755.1	acyl_amino_acids	known	0	
GCF_032907385.1_region003	GCF_032907385.1	acyl_amino_acids	known	0	
GCF_042685625.1_region001	GCF_042685625.1	terpene	known	0	
GCF_051302775.1_region002	GCF_051302775.1	acyl_amino_acids	known	0	
GCF_055808475.1_region001	GCF_055808475.1	acyl_amino_acids	known	0	
GCF_058133495.1_region005	GCF_058133495.1	terpene	known	0	
GCF_058133665.1_region001	GCF_058133665.1	terpene	known	0	
GCF_060038265.1_region004	GCF_060038265.1	ectoine	known	0	
GCF_900116545.1_region002	GCF_900116545.1	terpene	known	0	
GCF_900116545.1_region003	GCF_900116545.1	ectoine	known	0	
GCF_900128975.1_region008	GCF_900128975.1	ectoine	known	0	
GCF_900177655.1_region004	GCF_900177655.1	ectoine	known	0	
GCF_900177655.1_region006	GCF_900177655.1	terpene	known	0	
GCF_977243345.1_region004	GCF_977243345.1	acyl_amino_acids	known	0	
GCF_977256975.1_region001	GCF_977256975.1	acyl_amino_acids	known	0	
