cutoff	gcf_id	n_genomes	prevalence	category	genomes
0.3	FAM_00569	47	37.9	intermediate	GCF_000743575.1,GCF_000969445.1,GCF_000970435.1,GCF_000970455.1,GCF_001427875.1,GCF_001650025.1,GCF_001899045.1,GCF_002949085.1,GCF_003056345.1,GCF_003056405.1,GCF_009758415.1,GCF_012847305.1,GCF_014127105.1,GCF_014197055.1,GCF_014837245.1,GCF_014926585.1,GCF_015158295.1,GCF_015234425.1,GCF_016411825.1,GCF_016457235.1,GCF_016461625.1,GCF_016595685.1,GCF_017744655.1,GCF_019504385.1,GCF_024158985.1,GCF_024273195.1,GCF_024273205.1,GCF_025809055.1,GCF_028290625.1,GCF_029201545.1,GCF_029201565.1,GCF_037113415.1,GCF_040223715.1,GCF_042181575.1,GCF_042679405.1,GCF_046614475.1,GCF_054482695.1,GCF_056341075.1,GCF_059070485.1,GCF_059724365.1,GCF_059726835.1,GCF_900116545.1,GCF_900128975.1,GCF_900177655.1,GCF_900631955.1,GCF_964252865.1,GCF_977014175.1
0.3	FAM_00570	39	31.45	intermediate	GCA_943372435.1,GCF_000735585.1,GCF_000971295.1,GCF_001421945.1,GCF_001425445.1,GCF_001426345.1,GCF_001427605.1,GCF_001899065.1,GCF_003056355.1,GCF_004005995.1,GCF_005222805.1,GCF_007859655.1,GCF_013185955.1,GCF_013185965.1,GCF_014860165.1,GCF_016698645.1,GCF_016698665.1,GCF_017307495.1,GCF_021729885.1,GCF_022429625.1,GCF_024707105.1,GCF_025452235.1,GCF_028290435.1,GCF_030159855.1,GCF_030177755.1,GCF_032907385.1,GCF_036563435.1,GCF_040546795.1,GCF_040546815.1,GCF_042685625.1,GCF_044987315.1,GCF_049354815.1,GCF_054489345.1,GCF_055397495.1,GCF_058133495.1,GCF_058133665.1,GCF_060038265.1,GCF_900110945.1,GCF_900112505.1
0.3	FAM_00283	24	19.35	intermediate	GCA_977190485.1,GCA_977202345.1,GCA_977206845.1,GCA_977242165.1,GCA_977254065.1,GCF_000970435.1,GCF_014837245.1,GCF_014926585.1,GCF_018334155.1,GCF_019504385.1,GCF_027214225.1,GCF_028816435.1,GCF_037113415.1,GCF_051302775.1,GCF_054482695.1,GCF_055808475.1,GCF_059724365.1,GCF_060038265.1,GCF_900116545.1,GCF_900128975.1,GCF_900177655.1,GCF_977186645.1,GCF_977243345.1,GCF_977256975.1
0.3	FAM_00497	22	17.74	intermediate	GCA_041916695.1,GCA_977190485.1,GCA_977202345.1,GCA_977206845.1,GCA_977242165.1,GCA_977254065.1,GCF_005222805.1,GCF_014652635.1,GCF_014860165.1,GCF_014926585.1,GCF_018334155.1,GCF_019504385.1,GCF_027214225.1,GCF_028816435.1,GCF_037113415.1,GCF_048261455.1,GCF_051302775.1,GCF_055808475.1,GCF_055808595.1,GCF_977186645.1,GCF_977243345.1,GCF_977256975.1
0.3	FAM_00571	16	12.9	intermediate	GCA_041916695.1,GCF_001899075.1,GCF_014652635.1,GCF_017307475.1,GCF_028613635.1,GCF_030160115.1,GCF_042431865.1,GCF_048261455.1,GCF_054605195.1,GCF_055633315.1,GCF_055808595.1,GCF_056402875.1,GCF_056403495.1,GCF_056405135.1,GCF_057657195.1,GCF_965229025.1
0.3	FAM_00273	15	12.1	intermediate	GCF_000743575.1,GCF_000969445.1,GCF_000970455.1,GCF_001421945.1,GCF_001425445.1,GCF_001427875.1,GCF_014837245.1,GCF_016698665.1,GCF_017744655.1,GCF_025809055.1,GCF_032907385.1,GCF_059070485.1,GCF_900116545.1,GCF_964252865.1,GCF_977014175.1
0.3	FAM_00292	13	10.48	intermediate	GCF_002949085.1,GCF_003056405.1,GCF_014197055.1,GCF_019504385.1,GCF_024158985.1,GCF_037113415.1,GCF_040223715.1,GCF_042181575.1,GCF_042648785.1,GCF_054482695.1,GCF_056341075.1,GCF_059724365.1,GCF_059726835.1
0.3	FAM_00299	13	10.48	intermediate	GCA_977190485.1,GCA_977202345.1,GCA_977206845.1,GCA_977242165.1,GCA_977254065.1,GCF_018334155.1,GCF_027214225.1,GCF_028816435.1,GCF_051302775.1,GCF_055808475.1,GCF_977186645.1,GCF_977243345.1,GCF_977256975.1
0.3	FAM_00573	13	10.48	intermediate	GCA_977190485.1,GCA_977202345.1,GCA_977206845.1,GCA_977242165.1,GCA_977254065.1,GCF_018334155.1,GCF_027214225.1,GCF_028816435.1,GCF_051302775.1,GCF_055808475.1,GCF_977186645.1,GCF_977243345.1,GCF_977256975.1
0.3	FAM_00285	12	9.68	rare	GCA_977190485.1,GCA_977202345.1,GCA_977206845.1,GCA_977242165.1,GCA_977254065.1,GCF_018334155.1,GCF_027214225.1,GCF_028816435.1,GCF_051302775.1,GCF_055808475.1,GCF_977243345.1,GCF_977256975.1
0.3	FAM_00498	12	9.68	rare	GCF_002949085.1,GCF_003056405.1,GCF_009758415.1,GCF_014197055.1,GCF_024158985.1,GCF_024273195.1,GCF_024273205.1,GCF_040223715.1,GCF_042181575.1,GCF_054482695.1,GCF_059724365.1,GCF_059726835.1
0.3	FAM_00293	11	8.87	rare	GCF_001426345.1,GCF_001427605.1,GCF_007859655.1,GCF_009758415.1,GCF_015158295.1,GCF_016411825.1,GCF_024273195.1,GCF_024273205.1,GCF_024707105.1,GCF_025809055.1,GCF_046614475.1
0.3	FAM_00282	10	8.06	rare	GCF_002949085.1,GCF_003056405.1,GCF_009758415.1,GCF_014197055.1,GCF_024158985.1,GCF_024273195.1,GCF_024273205.1,GCF_040223715.1,GCF_042181575.1,GCF_059726835.1
0.3	FAM_00298	10	8.06	rare	GCF_000743575.1,GCF_001421945.1,GCF_001425445.1,GCF_001427875.1,GCF_017744655.1,GCF_032907385.1,GCF_059070485.1,GCF_900116545.1,GCF_964252865.1,GCF_977014175.1
0.3	FAM_00288	9	7.26	rare	GCF_015158295.1,GCF_016411825.1,GCF_019504385.1,GCF_024273195.1,GCF_024273205.1,GCF_036563435.1,GCF_042648785.1,GCF_056341075.1,GCF_900177655.1
0.3	FAM_00276	8	6.45	rare	GCF_009758415.1,GCF_019504385.1,GCF_036563435.1,GCF_042181575.1,GCF_054482695.1,GCF_056341075.1,GCF_059724365.1,GCF_900177655.1
0.3	FAM_00305	8	6.45	rare	GCF_000743575.1,GCF_000970435.1,GCF_014860165.1,GCF_027214225.1,GCF_040223715.1,GCF_054489345.1,GCF_900112505.1,GCF_900128975.1
0.3	FAM_00275	7	5.65	rare	GCF_000970435.1,GCF_001427605.1,GCF_001650025.1,GCF_003056345.1,GCF_003056355.1,GCF_030177755.1,GCF_900128975.1
0.3	FAM_00277	7	5.65	rare	GCF_005222805.1,GCF_014197055.1,GCF_024158985.1,GCF_024273195.1,GCF_024273205.1,GCF_040223715.1,GCF_046614475.1
0.3	FAM_00287	7	5.65	rare	GCF_002949085.1,GCF_003056405.1,GCF_009758415.1,GCF_040223715.1,GCF_042181575.1,GCF_059724365.1,GCF_059726835.1
0.3	FAM_00496	7	5.65	rare	GCF_001402915.1,GCF_001424865.1,GCF_001425235.1,GCF_001899085.1,GCF_017307535.1,GCF_051861085.1,GCF_964252795.1
0.3	FAM_00508	7	5.65	rare	GCF_001402915.1,GCF_001424865.1,GCF_001425235.1,GCF_001899085.1,GCF_017307535.1,GCF_051861085.1,GCF_964252795.1
0.3	FAM_00572	7	5.65	rare	GCF_001402915.1,GCF_001424865.1,GCF_001425235.1,GCF_001899085.1,GCF_017307535.1,GCF_051861085.1,GCF_964252795.1
0.3	FAM_00296	6	4.84	rare	GCA_977242165.1,GCF_018334155.1,GCF_027214225.1,GCF_028816435.1,GCF_051302775.1,GCF_055808475.1
0.3	FAM_00302	6	4.84	rare	GCF_002949085.1,GCF_003056405.1,GCF_024273195.1,GCF_024273205.1,GCF_037113415.1,GCF_059726835.1
0.3	FAM_00315	6	4.84	rare	GCA_041916695.1,GCF_025452235.1,GCF_040546795.1,GCF_042181575.1,GCF_054605195.1,GCF_055633315.1
0.3	FAM_00278	5	4.03	rare	GCF_012847305.1,GCF_014127105.1,GCF_016457235.1,GCF_016461625.1,GCF_016595685.1
0.3	FAM_00281	5	4.03	rare	GCF_001426345.1,GCF_014860165.1,GCF_054489345.1,GCF_055397495.1,GCF_900112505.1
0.3	FAM_00286	5	4.03	rare	GCF_001426345.1,GCF_001427605.1,GCF_005222805.1,GCF_014860165.1,GCF_055397495.1
0.3	FAM_00290	5	4.03	rare	GCF_012847305.1,GCF_014127105.1,GCF_016457235.1,GCF_016461625.1,GCF_016595685.1
0.3	FAM_00295	5	4.03	rare	GCF_004005995.1,GCF_013185955.1,GCF_013185965.1,GCF_058133495.1,GCF_058133665.1
0.3	FAM_00303	5	4.03	rare	GCF_000743575.1,GCF_001427875.1,GCF_017744655.1,GCF_964252865.1,GCF_977014175.1
0.3	FAM_00307	5	4.03	rare	GCF_004005995.1,GCF_013185955.1,GCF_013185965.1,GCF_058133495.1,GCF_058133665.1
0.3	FAM_00311	5	4.03	rare	GCF_012847305.1,GCF_014127105.1,GCF_016457235.1,GCF_016461625.1,GCF_016595685.1
0.3	FAM_00500	5	4.03	rare	GCF_004005995.1,GCF_013185955.1,GCF_013185965.1,GCF_058133495.1,GCF_058133665.1
0.3	FAM_00510	5	4.03	rare	GCF_012847305.1,GCF_014127105.1,GCF_016457235.1,GCF_016461625.1,GCF_016595685.1
0.3	FAM_00574	5	4.03	rare	GCF_004005995.1,GCF_013185955.1,GCF_013185965.1,GCF_058133495.1,GCF_058133665.1
0.3	FAM_00274	4	3.23	rare	GCF_015158295.1,GCF_015234425.1,GCF_029201545.1,GCF_029201565.1
0.3	FAM_00279	4	3.23	rare	GCF_000735585.1,GCF_025452235.1,GCF_030159855.1,GCF_044987315.1
0.3	FAM_00280	4	3.23	rare	GCF_000735585.1,GCF_025452235.1,GCF_030159855.1,GCF_044987315.1
0.3	FAM_00309	4	3.23	rare	GCF_029201545.1,GCF_029201565.1,GCF_059070485.1,GCF_900116545.1
0.3	FAM_00318	4	3.23	rare	GCF_001421945.1,GCF_001425445.1,GCF_029201545.1,GCF_032907385.1
0.3	FAM_00320	4	3.23	rare	GCF_001426345.1,GCF_001427605.1,GCF_007859655.1,GCF_024707105.1
0.3	FAM_00499	4	3.23	rare	GCF_000735585.1,GCF_025452235.1,GCF_030159855.1,GCF_044987315.1
0.3	FAM_00509	4	3.23	rare	GCF_001402915.1,GCF_001899085.1,GCF_017307535.1,GCF_051861085.1
0.3	FAM_00082	3	2.42	rare	GCF_001424865.1,GCF_001425235.1,GCF_964252795.1
0.3	FAM_00083	3	2.42	rare	GCF_056402875.1,GCF_056403495.1,GCF_056405135.1
0.3	FAM_00289	3	2.42	rare	GCF_046614475.1,GCF_054489345.1,GCF_900112505.1
0.3	FAM_00294	3	2.42	rare	GCF_028290435.1,GCF_028290625.1,GCF_040546795.1
0.3	FAM_00308	3	2.42	rare	GCF_001421945.1,GCF_001425445.1,GCF_032907385.1
0.3	FAM_00316	3	2.42	rare	GCF_001899045.1,GCF_042679405.1,GCF_900631955.1
0.3	FAM_00322	3	2.42	rare	GCF_001899045.1,GCF_042679405.1,GCF_900631955.1
0.3	FAM_00502	3	2.42	rare	GCF_001421945.1,GCF_001425445.1,GCF_032907385.1
0.3	FAM_00504	3	2.42	rare	GCF_001424865.1,GCF_001425235.1,GCF_964252795.1
0.3	FAM_00505	3	2.42	rare	GCF_001899085.1,GCF_017307535.1,GCF_051861085.1
0.3	FAM_00507	3	2.42	rare	GCF_001899045.1,GCF_042679405.1,GCF_900631955.1
0.3	FAM_00513	3	2.42	rare	GCF_001424865.1,GCF_001425235.1,GCF_964252795.1
0.3	FAM_00515	3	2.42	rare	GCF_056402875.1,GCF_056403495.1,GCF_056405135.1
0.3	FAM_00575	3	2.42	rare	GCF_015234425.1,GCF_029201545.1,GCF_029201565.1
0.3	FAM_00007	2	1.61	rare	GCF_000970435.1,GCF_900128975.1
0.3	FAM_00084	2	1.61	rare	GCF_054605195.1,GCF_055633315.1
0.3	FAM_00085	2	1.61	rare	GCF_014197055.1,GCF_024158985.1
0.3	FAM_00086	2	1.61	rare	GCF_028290435.1,GCF_040546795.1
0.3	FAM_00138	2	1.61	rare	GCF_000970435.1,GCF_900128975.1
0.3	FAM_00284	2	1.61	rare	GCF_000970435.1,GCF_900128975.1
0.3	FAM_00291	2	1.61	rare	GCF_000970435.1,GCF_900128975.1
0.3	FAM_00297	2	1.61	rare	GCF_005222805.1,GCF_014926585.1
0.3	FAM_00300	2	1.61	rare	GCF_000970455.1,GCF_054482695.1
0.3	FAM_00301	2	1.61	rare	GCF_001427605.1,GCF_007859655.1
0.3	FAM_00304	2	1.61	rare	GCF_028290435.1,GCF_028290625.1
0.3	FAM_00306	2	1.61	rare	GCF_001899075.1,GCF_017307475.1
0.3	FAM_00310	2	1.61	rare	GCF_000970435.1,GCF_900128975.1
0.3	FAM_00312	2	1.61	rare	GCF_028290435.1,GCF_040546795.1
0.3	FAM_00313	2	1.61	rare	GCF_030160115.1,GCF_042431865.1
0.3	FAM_00314	2	1.61	rare	GCF_030160115.1,GCF_042431865.1
0.3	FAM_00317	2	1.61	rare	GCF_036563435.1,GCF_900110945.1
0.3	FAM_00319	2	1.61	rare	GCF_001899075.1,GCF_017307475.1
0.3	FAM_00321	2	1.61	rare	GCF_009758415.1,GCF_059724365.1
0.3	FAM_00323	2	1.61	rare	GCF_030160115.1,GCF_042431865.1
0.3	FAM_00324	2	1.61	rare	GCF_001899075.1,GCF_017307475.1
0.3	FAM_00325	2	1.61	rare	GCF_024273195.1,GCF_024273205.1
0.3	FAM_00326	2	1.61	rare	GCF_001899075.1,GCF_017307475.1
0.3	FAM_00327	2	1.61	rare	GCF_001899075.1,GCF_017307475.1
0.3	FAM_00501	2	1.61	rare	GCF_030160115.1,GCF_042431865.1
0.3	FAM_00503	2	1.61	rare	GCF_001899085.1,GCF_017307535.1
0.3	FAM_00506	2	1.61	rare	GCF_054605195.1,GCF_055633315.1
0.3	FAM_00511	2	1.61	rare	GCF_030160115.1,GCF_042431865.1
0.3	FAM_00512	2	1.61	rare	GCF_003056355.1,GCF_057657195.1
0.3	FAM_00514	2	1.61	rare	GCF_054605195.1,GCF_055633315.1
0.3	FAM_00516	2	1.61	rare	GCF_030160115.1,GCF_042431865.1
0.3	FAM_00008	1	0.81	rare	GCF_054489345.1
0.3	FAM_00009	1	0.81	rare	GCF_003056345.1
0.3	FAM_00010	1	0.81	rare	GCF_060038265.1
0.3	FAM_00011	1	0.81	rare	GCF_015158295.1
0.3	FAM_00087	1	0.81	rare	GCF_014926585.1
0.3	FAM_00088	1	0.81	rare	GCF_005222805.1
0.3	FAM_00089	1	0.81	rare	GCF_900112505.1
0.3	FAM_00090	1	0.81	rare	GCF_900112505.1
0.3	FAM_00091	1	0.81	rare	GCF_040546795.1
0.3	FAM_00092	1	0.81	rare	GCF_965229025.1
0.3	FAM_00093	1	0.81	rare	GCF_028290625.1
0.3	FAM_00094	1	0.81	rare	GCF_900112505.1
0.3	FAM_00095	1	0.81	rare	GCF_007859655.1
0.3	FAM_00096	1	0.81	rare	GCF_019504385.1
0.3	FAM_00097	1	0.81	rare	GCF_014652635.1
0.3	FAM_00139	1	0.81	rare	GCF_054482695.1
0.3	FAM_00140	1	0.81	rare	GCF_900177655.1
0.3	FAM_00141	1	0.81	rare	GCF_042648785.1
0.3	FAM_00328	1	0.81	rare	GCF_040546815.1
0.3	FAM_00329	1	0.81	rare	GCF_017307495.1
0.3	FAM_00330	1	0.81	rare	GCF_030285925.1
0.3	FAM_00331	1	0.81	rare	GCA_943372435.1
0.3	FAM_00332	1	0.81	rare	GCF_000969445.1
0.3	FAM_00333	1	0.81	rare	GCF_000971295.1
0.3	FAM_00334	1	0.81	rare	GCA_943372435.1
0.3	FAM_00335	1	0.81	rare	GCA_943372435.1
0.3	FAM_00336	1	0.81	rare	GCF_054489345.1
0.3	FAM_00337	1	0.81	rare	GCF_900177655.1
0.3	FAM_00338	1	0.81	rare	GCF_001899065.1
0.3	FAM_00339	1	0.81	rare	GCF_900112505.1
0.3	FAM_00340	1	0.81	rare	GCF_000743575.1
0.3	FAM_00341	1	0.81	rare	GCF_021729885.1
0.3	FAM_00342	1	0.81	rare	GCF_003056345.1
0.3	FAM_00343	1	0.81	rare	GCF_007859655.1
0.3	FAM_00344	1	0.81	rare	GCF_040223715.1
0.3	FAM_00345	1	0.81	rare	GCF_000969445.1
0.3	FAM_00346	1	0.81	rare	GCF_014860165.1
0.3	FAM_00347	1	0.81	rare	GCF_016698645.1
0.3	FAM_00348	1	0.81	rare	GCA_041916695.1
0.3	FAM_00349	1	0.81	rare	GCF_025809055.1
0.3	FAM_00350	1	0.81	rare	GCF_003056355.1
0.3	FAM_00351	1	0.81	rare	GCF_055808595.1
0.3	FAM_00352	1	0.81	rare	GCF_014837245.1
0.3	FAM_00353	1	0.81	rare	GCF_024707105.1
0.3	FAM_00354	1	0.81	rare	GCF_048261455.1
0.3	FAM_00355	1	0.81	rare	GCF_014652635.1
0.3	FAM_00356	1	0.81	rare	GCF_040546795.1
0.3	FAM_00357	1	0.81	rare	GCF_046614475.1
0.3	FAM_00358	1	0.81	rare	GCF_021729885.1
0.3	FAM_00359	1	0.81	rare	GCF_000971295.1
0.3	FAM_00360	1	0.81	rare	GCF_900110945.1
0.3	FAM_00361	1	0.81	rare	GCF_014860165.1
0.3	FAM_00362	1	0.81	rare	GCF_030177755.1
0.3	FAM_00363	1	0.81	rare	GCF_028290435.1
0.3	FAM_00364	1	0.81	rare	GCF_014652635.1
0.3	FAM_00365	1	0.81	rare	GCF_028290625.1
0.3	FAM_00366	1	0.81	rare	GCF_016698665.1
0.3	FAM_00367	1	0.81	rare	GCF_054482695.1
0.3	FAM_00368	1	0.81	rare	GCF_016698645.1
0.3	FAM_00369	1	0.81	rare	GCF_024707105.1
0.3	FAM_00370	1	0.81	rare	GCF_040546795.1
0.3	FAM_00371	1	0.81	rare	GCF_000969445.1
0.3	FAM_00372	1	0.81	rare	GCF_025809055.1
0.3	FAM_00373	1	0.81	rare	GCF_048261455.1
0.3	FAM_00374	1	0.81	rare	GCF_014926585.1
0.3	FAM_00375	1	0.81	rare	GCF_030177755.1
0.3	FAM_00376	1	0.81	rare	GCF_000743575.1
0.3	FAM_00377	1	0.81	rare	GCF_042685625.1
0.3	FAM_00378	1	0.81	rare	GCF_022429625.1
0.3	FAM_00379	1	0.81	rare	GCF_060038265.1
0.3	FAM_00380	1	0.81	rare	GCF_022429625.1
0.3	FAM_00381	1	0.81	rare	GCF_003056355.1
0.3	FAM_00382	1	0.81	rare	GCF_060038265.1
0.3	FAM_00383	1	0.81	rare	GCF_016698665.1
0.3	FAM_00384	1	0.81	rare	GCF_022429625.1
0.3	FAM_00385	1	0.81	rare	GCF_017744655.1
0.3	FAM_00386	1	0.81	rare	GCF_004005995.1
0.3	FAM_00387	1	0.81	rare	GCF_059726835.1
0.3	FAM_00517	1	0.81	rare	GCF_028613635.1
0.3	FAM_00518	1	0.81	rare	GCF_012847305.1
0.3	FAM_00519	1	0.81	rare	GCF_000970455.1
0.3	FAM_00520	1	0.81	rare	GCF_017307495.1
0.3	FAM_00521	1	0.81	rare	GCA_041916695.1
0.3	FAM_00522	1	0.81	rare	GCF_042181575.1
0.3	FAM_00523	1	0.81	rare	GCF_057657195.1
0.3	FAM_00524	1	0.81	rare	GCF_057657195.1
0.3	FAM_00525	1	0.81	rare	GCF_001899065.1
0.3	FAM_00526	1	0.81	rare	GCF_048261455.1
0.3	FAM_00527	1	0.81	rare	GCF_057657195.1
0.3	FAM_00528	1	0.81	rare	GCF_055397495.1
0.3	FAM_00529	1	0.81	rare	GCA_041916695.1
0.3	FAM_00530	1	0.81	rare	GCF_049354815.1
0.3	FAM_00531	1	0.81	rare	GCA_041916695.1
0.3	FAM_00532	1	0.81	rare	GCA_041916695.1
0.3	FAM_00533	1	0.81	rare	GCA_041916695.1
0.3	FAM_00534	1	0.81	rare	GCF_009758415.1
0.3	FAM_00535	1	0.81	rare	GCF_001402915.1
0.3	FAM_00536	1	0.81	rare	GCF_021729885.1
0.3	FAM_00537	1	0.81	rare	GCF_015234425.1
0.3	FAM_00538	1	0.81	rare	GCF_017307495.1
0.3	FAM_00539	1	0.81	rare	GCF_900177655.1
0.3	FAM_00540	1	0.81	rare	GCF_021729885.1
0.3	FAM_00541	1	0.81	rare	GCF_965229025.1
0.3	FAM_00542	1	0.81	rare	GCF_022429625.1
0.3	FAM_00543	1	0.81	rare	GCA_041916695.1
0.3	FAM_00544	1	0.81	rare	GCF_055808595.1
0.3	FAM_00545	1	0.81	rare	GCF_049354815.1
0.3	FAM_00546	1	0.81	rare	GCF_051861085.1
0.3	FAM_00547	1	0.81	rare	GCF_055808595.1
0.3	FAM_00548	1	0.81	rare	GCF_965229025.1
0.3	FAM_00549	1	0.81	rare	GCF_012847305.1
0.3	FAM_00576	1	0.81	rare	GCF_016698665.1
0.3	FAM_00577	1	0.81	rare	GCF_030285925.1
0.3	FAM_00578	1	0.81	rare	GCF_900177655.1
0.3	FAM_00579	1	0.81	rare	GCF_900116545.1
0.3	FAM_00580	1	0.81	rare	GCF_000970455.1
0.3	FAM_00581	1	0.81	rare	GCA_041916695.1
0.3	FAM_00582	1	0.81	rare	GCF_048261455.1
0.3	FAM_00583	1	0.81	rare	GCF_021729885.1
0.3	FAM_00584	1	0.81	rare	GCF_003056345.1
0.3	FAM_00585	1	0.81	rare	GCF_042685625.1
0.3	FAM_00590	1	0.81	rare	GCF_014837245.1
0.3	FAM_00591	1	0.81	rare	GCF_014926585.1
0.3	FAM_00598	1	0.81	rare	GCF_000735585.1
0.3	FAM_00599	1	0.81	rare	GCF_037113415.1
0.3	FAM_00600	1	0.81	rare	GCF_036563435.1
0.3	FAM_00603	1	0.81	rare	GCF_042648785.1
0.5	FAM_00561	48	38.71	intermediate	GCF_000743575.1,GCF_000969445.1,GCF_000970435.1,GCF_000970455.1,GCF_001427875.1,GCF_001650025.1,GCF_001899045.1,GCF_002949085.1,GCF_003056345.1,GCF_003056405.1,GCF_009758415.1,GCF_012847305.1,GCF_014127105.1,GCF_014197055.1,GCF_014837245.1,GCF_014926585.1,GCF_015158295.1,GCF_015234425.1,GCF_016411825.1,GCF_016457235.1,GCF_016461625.1,GCF_016595685.1,GCF_017744655.1,GCF_019504385.1,GCF_024158985.1,GCF_024273195.1,GCF_024273205.1,GCF_025809055.1,GCF_028290625.1,GCF_029201545.1,GCF_029201565.1,GCF_030285925.1,GCF_037113415.1,GCF_040223715.1,GCF_042181575.1,GCF_042679405.1,GCF_046614475.1,GCF_054482695.1,GCF_056341075.1,GCF_059070485.1,GCF_059724365.1,GCF_059726835.1,GCF_900116545.1,GCF_900128975.1,GCF_900177655.1,GCF_900631955.1,GCF_964252865.1,GCF_977014175.1
0.5	FAM_00562	39	31.45	intermediate	GCA_943372435.1,GCF_000735585.1,GCF_000971295.1,GCF_001421945.1,GCF_001425445.1,GCF_001426345.1,GCF_001427605.1,GCF_001899065.1,GCF_003056355.1,GCF_004005995.1,GCF_005222805.1,GCF_007859655.1,GCF_013185955.1,GCF_013185965.1,GCF_014860165.1,GCF_016698645.1,GCF_016698665.1,GCF_017307495.1,GCF_021729885.1,GCF_022429625.1,GCF_024707105.1,GCF_025452235.1,GCF_028290435.1,GCF_030159855.1,GCF_030177755.1,GCF_032907385.1,GCF_036563435.1,GCF_040546795.1,GCF_040546815.1,GCF_042685625.1,GCF_044987315.1,GCF_049354815.1,GCF_054489345.1,GCF_055397495.1,GCF_058133495.1,GCF_058133665.1,GCF_060038265.1,GCF_900110945.1,GCF_900112505.1
0.5	FAM_00450	27	21.77	intermediate	GCA_041916695.1,GCA_977190485.1,GCA_977202345.1,GCA_977206845.1,GCA_977242165.1,GCA_977254065.1,GCF_005222805.1,GCF_009758415.1,GCF_014652635.1,GCF_014860165.1,GCF_014926585.1,GCF_018334155.1,GCF_019504385.1,GCF_027214225.1,GCF_028816435.1,GCF_030160115.1,GCF_037113415.1,GCF_042431865.1,GCF_048261455.1,GCF_051302775.1,GCF_054605195.1,GCF_055633315.1,GCF_055808475.1,GCF_055808595.1,GCF_977186645.1,GCF_977243345.1,GCF_977256975.1
0.5	FAM_00229	24	19.35	intermediate	GCA_977190485.1,GCA_977202345.1,GCA_977206845.1,GCA_977242165.1,GCA_977254065.1,GCF_000970435.1,GCF_014837245.1,GCF_014926585.1,GCF_018334155.1,GCF_019504385.1,GCF_027214225.1,GCF_028816435.1,GCF_037113415.1,GCF_051302775.1,GCF_054482695.1,GCF_055808475.1,GCF_059724365.1,GCF_060038265.1,GCF_900116545.1,GCF_900128975.1,GCF_900177655.1,GCF_977186645.1,GCF_977243345.1,GCF_977256975.1
0.5	FAM_00209	17	13.71	intermediate	GCF_000743575.1,GCF_000969445.1,GCF_000970455.1,GCF_001421945.1,GCF_001425445.1,GCF_001427875.1,GCF_001899065.1,GCF_014837245.1,GCF_016698665.1,GCF_017744655.1,GCF_025809055.1,GCF_029201545.1,GCF_032907385.1,GCF_059070485.1,GCF_900116545.1,GCF_964252865.1,GCF_977014175.1
0.5	FAM_00225	17	13.71	intermediate	GCA_977190485.1,GCA_977202345.1,GCA_977206845.1,GCA_977242165.1,GCA_977254065.1,GCF_000971295.1,GCF_016698665.1,GCF_018334155.1,GCF_027214225.1,GCF_028816435.1,GCF_030160115.1,GCF_042431865.1,GCF_051302775.1,GCF_055808475.1,GCF_977186645.1,GCF_977243345.1,GCF_977256975.1
0.5	FAM_00226	17	13.71	intermediate	GCF_000743575.1,GCF_000970455.1,GCF_001421945.1,GCF_001425445.1,GCF_001427875.1,GCF_005222805.1,GCF_009758415.1,GCF_014926585.1,GCF_017744655.1,GCF_024707105.1,GCF_032907385.1,GCF_059070485.1,GCF_059724365.1,GCF_059726835.1,GCF_900116545.1,GCF_964252865.1,GCF_977014175.1
0.5	FAM_00564	16	12.9	intermediate	GCA_041916695.1,GCF_001899075.1,GCF_014652635.1,GCF_017307475.1,GCF_028613635.1,GCF_030160115.1,GCF_042431865.1,GCF_048261455.1,GCF_054605195.1,GCF_055633315.1,GCF_055808595.1,GCF_056402875.1,GCF_056403495.1,GCF_056405135.1,GCF_057657195.1,GCF_965229025.1
0.5	FAM_00217	13	10.48	intermediate	GCF_009758415.1,GCF_014197055.1,GCF_019504385.1,GCF_024158985.1,GCF_024273195.1,GCF_024273205.1,GCF_036563435.1,GCF_040223715.1,GCF_042181575.1,GCF_054482695.1,GCF_056341075.1,GCF_059724365.1,GCF_900177655.1
0.5	FAM_00241	13	10.48	intermediate	GCF_002949085.1,GCF_003056405.1,GCF_014197055.1,GCF_019504385.1,GCF_024158985.1,GCF_037113415.1,GCF_040223715.1,GCF_042181575.1,GCF_042648785.1,GCF_054482695.1,GCF_056341075.1,GCF_059724365.1,GCF_059726835.1
0.5	FAM_00563	13	10.48	intermediate	GCA_977190485.1,GCA_977202345.1,GCA_977206845.1,GCA_977242165.1,GCA_977254065.1,GCF_018334155.1,GCF_027214225.1,GCF_028816435.1,GCF_051302775.1,GCF_055808475.1,GCF_977186645.1,GCF_977243345.1,GCF_977256975.1
0.5	FAM_00231	12	9.68	rare	GCA_977190485.1,GCA_977202345.1,GCA_977206845.1,GCA_977242165.1,GCA_977254065.1,GCF_018334155.1,GCF_027214225.1,GCF_028816435.1,GCF_051302775.1,GCF_055808475.1,GCF_977243345.1,GCF_977256975.1
0.5	FAM_00234	12	9.68	rare	GCF_015158295.1,GCF_016411825.1,GCF_016698665.1,GCF_019504385.1,GCF_024273195.1,GCF_024273205.1,GCF_036563435.1,GCF_042648785.1,GCF_046614475.1,GCF_056341075.1,GCF_900112505.1,GCF_900177655.1
0.5	FAM_00240	12	9.68	rare	GCA_943372435.1,GCF_001426345.1,GCF_001427605.1,GCF_007859655.1,GCF_009758415.1,GCF_015158295.1,GCF_016411825.1,GCF_024273195.1,GCF_024273205.1,GCF_024707105.1,GCF_025809055.1,GCF_046614475.1
0.5	FAM_00451	12	9.68	rare	GCF_002949085.1,GCF_003056405.1,GCF_009758415.1,GCF_014197055.1,GCF_024158985.1,GCF_024273195.1,GCF_024273205.1,GCF_040223715.1,GCF_042181575.1,GCF_054482695.1,GCF_059724365.1,GCF_059726835.1
0.5	FAM_00566	12	9.68	rare	GCA_041916695.1,GCF_000970455.1,GCF_003056345.1,GCF_015234425.1,GCF_016698665.1,GCF_021729885.1,GCF_029201545.1,GCF_029201565.1,GCF_042685625.1,GCF_048261455.1,GCF_900116545.1,GCF_900177655.1
0.5	FAM_00228	10	8.06	rare	GCF_002949085.1,GCF_003056405.1,GCF_009758415.1,GCF_014197055.1,GCF_024158985.1,GCF_024273195.1,GCF_024273205.1,GCF_040223715.1,GCF_042181575.1,GCF_059726835.1
0.5	FAM_00210	9	7.26	rare	GCF_000970435.1,GCF_000971295.1,GCF_001427605.1,GCF_001650025.1,GCF_003056345.1,GCF_003056355.1,GCF_007859655.1,GCF_030177755.1,GCF_900128975.1
0.5	FAM_00221	9	7.26	rare	GCA_041916695.1,GCA_943372435.1,GCF_000970435.1,GCF_001426345.1,GCF_003056345.1,GCF_003056355.1,GCF_054489345.1,GCF_055397495.1,GCF_900128975.1
0.5	FAM_00211	8	6.45	rare	GCF_012847305.1,GCF_014127105.1,GCF_015158295.1,GCF_015234425.1,GCF_016457235.1,GCF_016461625.1,GCF_016595685.1,GCF_029201565.1
0.5	FAM_00222	8	6.45	rare	GCF_016698645.1,GCF_022429625.1,GCF_028290435.1,GCF_036563435.1,GCF_040546795.1,GCF_046614475.1,GCF_060038265.1,GCF_900110945.1
0.5	FAM_00223	8	6.45	rare	GCF_001427605.1,GCF_012847305.1,GCF_014127105.1,GCF_014837245.1,GCF_016457235.1,GCF_016461625.1,GCF_016595685.1,GCF_030285925.1
0.5	FAM_00244	8	6.45	rare	GCF_000743575.1,GCF_000970435.1,GCF_014860165.1,GCF_027214225.1,GCF_040223715.1,GCF_054489345.1,GCF_900112505.1,GCF_900128975.1
0.5	FAM_00220	7	5.65	rare	GCF_000735585.1,GCF_014860165.1,GCF_025452235.1,GCF_028290625.1,GCF_030159855.1,GCF_044987315.1,GCF_900112505.1
0.5	FAM_00224	7	5.65	rare	GCF_000969445.1,GCF_001899045.1,GCF_025809055.1,GCF_042679405.1,GCF_054482695.1,GCF_900177655.1,GCF_900631955.1
0.5	FAM_00227	7	5.65	rare	GCF_002949085.1,GCF_003056405.1,GCF_007859655.1,GCF_024273195.1,GCF_024273205.1,GCF_037113415.1,GCF_059726835.1
0.5	FAM_00232	7	5.65	rare	GCF_002949085.1,GCF_003056405.1,GCF_009758415.1,GCF_040223715.1,GCF_042181575.1,GCF_059724365.1,GCF_059726835.1
0.5	FAM_00233	7	5.65	rare	GCF_001426345.1,GCF_001427605.1,GCF_005222805.1,GCF_014860165.1,GCF_021729885.1,GCF_054489345.1,GCF_055397495.1
0.5	FAM_00235	7	5.65	rare	GCF_000970435.1,GCF_012847305.1,GCF_014127105.1,GCF_016457235.1,GCF_016461625.1,GCF_016595685.1,GCF_900128975.1
0.5	FAM_00249	7	5.65	rare	GCF_001426345.1,GCF_001427605.1,GCF_007859655.1,GCF_014860165.1,GCF_024273195.1,GCF_024273205.1,GCF_024707105.1
0.5	FAM_00448	7	5.65	rare	GCF_001402915.1,GCF_001424865.1,GCF_001425235.1,GCF_001899085.1,GCF_017307535.1,GCF_051861085.1,GCF_964252795.1
0.5	FAM_00466	7	5.65	rare	GCF_001402915.1,GCF_001424865.1,GCF_001425235.1,GCF_001899085.1,GCF_017307535.1,GCF_051861085.1,GCF_964252795.1
0.5	FAM_00467	7	5.65	rare	GCF_001402915.1,GCF_001424865.1,GCF_001425235.1,GCF_001899085.1,GCF_017307535.1,GCF_051861085.1,GCF_964252795.1
0.5	FAM_00565	7	5.65	rare	GCF_001402915.1,GCF_001424865.1,GCF_001425235.1,GCF_001899085.1,GCF_017307535.1,GCF_051861085.1,GCF_964252795.1
0.5	FAM_00213	6	4.84	rare	GCF_004005995.1,GCF_013185955.1,GCF_013185965.1,GCF_040546815.1,GCF_058133495.1,GCF_058133665.1
0.5	FAM_00215	6	4.84	rare	GCA_977242165.1,GCF_018334155.1,GCF_027214225.1,GCF_028816435.1,GCF_051302775.1,GCF_055808475.1
0.5	FAM_00236	6	4.84	rare	GCF_001421945.1,GCF_001425445.1,GCF_001899075.1,GCF_017307475.1,GCF_029201545.1,GCF_032907385.1
0.5	FAM_00242	6	4.84	rare	GCF_000743575.1,GCF_001427875.1,GCF_017744655.1,GCF_900116545.1,GCF_964252865.1,GCF_977014175.1
0.5	FAM_00243	6	4.84	rare	GCF_001421945.1,GCF_001425445.1,GCF_029201545.1,GCF_029201565.1,GCF_032907385.1,GCF_059070485.1
0.5	FAM_00245	6	4.84	rare	GCA_041916695.1,GCF_025452235.1,GCF_040546795.1,GCF_042181575.1,GCF_054605195.1,GCF_055633315.1
0.5	FAM_00214	5	4.03	rare	GCF_000735585.1,GCF_025452235.1,GCF_030159855.1,GCF_044987315.1,GCF_046614475.1
0.5	FAM_00238	5	4.03	rare	GCF_004005995.1,GCF_013185955.1,GCF_013185965.1,GCF_058133495.1,GCF_058133665.1
0.5	FAM_00458	5	4.03	rare	GCF_004005995.1,GCF_013185955.1,GCF_013185965.1,GCF_058133495.1,GCF_058133665.1
0.5	FAM_00468	5	4.03	rare	GCF_012847305.1,GCF_014127105.1,GCF_016457235.1,GCF_016461625.1,GCF_016595685.1
0.5	FAM_00568	5	4.03	rare	GCF_004005995.1,GCF_013185955.1,GCF_013185965.1,GCF_058133495.1,GCF_058133665.1
0.5	FAM_00212	4	3.23	rare	GCF_022429625.1,GCF_028290435.1,GCF_028290625.1,GCF_040546795.1
0.5	FAM_00449	4	3.23	rare	GCA_041916695.1,GCF_017307495.1,GCF_028613635.1,GCF_965229025.1
0.5	FAM_00457	4	3.23	rare	GCF_000735585.1,GCF_025452235.1,GCF_030159855.1,GCF_044987315.1
0.5	FAM_00462	4	3.23	rare	GCF_001402915.1,GCF_001424865.1,GCF_001425235.1,GCF_964252795.1
0.5	FAM_00065	3	2.42	rare	GCF_001424865.1,GCF_001425235.1,GCF_964252795.1
0.5	FAM_00066	3	2.42	rare	GCF_056402875.1,GCF_056403495.1,GCF_056405135.1
0.5	FAM_00216	3	2.42	rare	GCF_005222805.1,GCF_016698645.1,GCF_021729885.1
0.5	FAM_00218	3	2.42	rare	GCF_060038265.1,GCF_900110945.1,GCF_900112505.1
0.5	FAM_00219	3	2.42	rare	GCF_001899045.1,GCF_042679405.1,GCF_900631955.1
0.5	FAM_00230	3	2.42	rare	GCF_000969445.1,GCF_014652635.1,GCF_030177755.1
0.5	FAM_00237	3	2.42	rare	GCF_028290435.1,GCF_028290625.1,GCF_040546795.1
0.5	FAM_00247	3	2.42	rare	GCF_000970435.1,GCF_054489345.1,GCF_900128975.1
0.5	FAM_00251	3	2.42	rare	GCF_001899075.1,GCF_017307475.1,GCF_042685625.1
0.5	FAM_00460	3	2.42	rare	GCF_001421945.1,GCF_001425445.1,GCF_032907385.1
0.5	FAM_00461	3	2.42	rare	GCF_001899085.1,GCF_017307535.1,GCF_051861085.1
0.5	FAM_00463	3	2.42	rare	GCF_001899085.1,GCF_017307535.1,GCF_051861085.1
0.5	FAM_00465	3	2.42	rare	GCF_001899045.1,GCF_042679405.1,GCF_900631955.1
0.5	FAM_00471	3	2.42	rare	GCF_056402875.1,GCF_056403495.1,GCF_056405135.1
0.5	FAM_00003	2	1.61	rare	GCF_015158295.1,GCF_054489345.1
0.5	FAM_00004	2	1.61	rare	GCF_000970435.1,GCF_900128975.1
0.5	FAM_00068	2	1.61	rare	GCF_054605195.1,GCF_055633315.1
0.5	FAM_00069	2	1.61	rare	GCF_014197055.1,GCF_024158985.1
0.5	FAM_00070	2	1.61	rare	GCF_028290435.1,GCF_040546795.1
0.5	FAM_00134	2	1.61	rare	GCF_000970435.1,GCF_900128975.1
0.5	FAM_00246	2	1.61	rare	GCF_001899075.1,GCF_017307475.1
0.5	FAM_00248	2	1.61	rare	GCF_030160115.1,GCF_042431865.1
0.5	FAM_00250	2	1.61	rare	GCF_030160115.1,GCF_042431865.1
0.5	FAM_00252	2	1.61	rare	GCF_001899075.1,GCF_017307475.1
0.5	FAM_00253	2	1.61	rare	GCF_001899075.1,GCF_017307475.1
0.5	FAM_00254	2	1.61	rare	GCF_000743575.1,GCF_017744655.1
0.5	FAM_00459	2	1.61	rare	GCF_030160115.1,GCF_042431865.1
0.5	FAM_00464	2	1.61	rare	GCF_054605195.1,GCF_055633315.1
0.5	FAM_00469	2	1.61	rare	GCF_030160115.1,GCF_042431865.1
0.5	FAM_00470	2	1.61	rare	GCF_003056355.1,GCF_057657195.1
0.5	FAM_00472	2	1.61	rare	GCF_021729885.1,GCF_022429625.1
0.5	FAM_00005	1	0.81	rare	GCF_003056345.1
0.5	FAM_00006	1	0.81	rare	GCF_060038265.1
0.5	FAM_00071	1	0.81	rare	GCF_014926585.1
0.5	FAM_00072	1	0.81	rare	GCF_005222805.1
0.5	FAM_00073	1	0.81	rare	GCF_900112505.1
0.5	FAM_00074	1	0.81	rare	GCF_900112505.1
0.5	FAM_00075	1	0.81	rare	GCF_040546795.1
0.5	FAM_00076	1	0.81	rare	GCF_965229025.1
0.5	FAM_00077	1	0.81	rare	GCF_028290625.1
0.5	FAM_00078	1	0.81	rare	GCF_900112505.1
0.5	FAM_00079	1	0.81	rare	GCF_007859655.1
0.5	FAM_00080	1	0.81	rare	GCF_019504385.1
0.5	FAM_00081	1	0.81	rare	GCF_014652635.1
0.5	FAM_00135	1	0.81	rare	GCF_054482695.1
0.5	FAM_00136	1	0.81	rare	GCF_900177655.1
0.5	FAM_00137	1	0.81	rare	GCF_042648785.1
0.5	FAM_00239	1	0.81	rare	GCF_003056355.1
0.5	FAM_00255	1	0.81	rare	GCF_017307495.1
0.5	FAM_00256	1	0.81	rare	GCA_943372435.1
0.5	FAM_00257	1	0.81	rare	GCF_000743575.1
0.5	FAM_00258	1	0.81	rare	GCF_055808595.1
0.5	FAM_00259	1	0.81	rare	GCF_024707105.1
0.5	FAM_00260	1	0.81	rare	GCF_048261455.1
0.5	FAM_00261	1	0.81	rare	GCF_040546795.1
0.5	FAM_00262	1	0.81	rare	GCF_014860165.1
0.5	FAM_00263	1	0.81	rare	GCF_030177755.1
0.5	FAM_00264	1	0.81	rare	GCF_028290435.1
0.5	FAM_00265	1	0.81	rare	GCF_014652635.1
0.5	FAM_00266	1	0.81	rare	GCF_054482695.1
0.5	FAM_00267	1	0.81	rare	GCF_000969445.1
0.5	FAM_00268	1	0.81	rare	GCF_025809055.1
0.5	FAM_00269	1	0.81	rare	GCF_048261455.1
0.5	FAM_00270	1	0.81	rare	GCF_014926585.1
0.5	FAM_00271	1	0.81	rare	GCF_022429625.1
0.5	FAM_00272	1	0.81	rare	GCF_004005995.1
0.5	FAM_00455	1	0.81	rare	GCF_042181575.1
0.5	FAM_00473	1	0.81	rare	GCF_012847305.1
0.5	FAM_00474	1	0.81	rare	GCF_000970455.1
0.5	FAM_00475	1	0.81	rare	GCA_041916695.1
0.5	FAM_00476	1	0.81	rare	GCF_057657195.1
0.5	FAM_00477	1	0.81	rare	GCF_057657195.1
0.5	FAM_00478	1	0.81	rare	GCF_001899065.1
0.5	FAM_00479	1	0.81	rare	GCF_048261455.1
0.5	FAM_00480	1	0.81	rare	GCF_057657195.1
0.5	FAM_00481	1	0.81	rare	GCF_055397495.1
0.5	FAM_00482	1	0.81	rare	GCA_041916695.1
0.5	FAM_00483	1	0.81	rare	GCF_049354815.1
0.5	FAM_00484	1	0.81	rare	GCA_041916695.1
0.5	FAM_00485	1	0.81	rare	GCA_041916695.1
0.5	FAM_00486	1	0.81	rare	GCA_041916695.1
0.5	FAM_00487	1	0.81	rare	GCF_021729885.1
0.5	FAM_00488	1	0.81	rare	GCF_015234425.1
0.5	FAM_00489	1	0.81	rare	GCF_017307495.1
0.5	FAM_00490	1	0.81	rare	GCF_900177655.1
0.5	FAM_00491	1	0.81	rare	GCF_055808595.1
0.5	FAM_00492	1	0.81	rare	GCF_049354815.1
0.5	FAM_00493	1	0.81	rare	GCF_055808595.1
0.5	FAM_00494	1	0.81	rare	GCF_965229025.1
0.5	FAM_00495	1	0.81	rare	GCF_012847305.1
0.5	FAM_00588	1	0.81	rare	GCF_014837245.1
0.5	FAM_00589	1	0.81	rare	GCF_014926585.1
0.5	FAM_00595	1	0.81	rare	GCF_000735585.1
0.5	FAM_00596	1	0.81	rare	GCF_037113415.1
0.5	FAM_00597	1	0.81	rare	GCF_036563435.1
0.5	FAM_00602	1	0.81	rare	GCF_042648785.1
0.7	FAM_00550	123	99.19	core	GCA_041916695.1,GCA_943372435.1,GCA_977190485.1,GCA_977202345.1,GCA_977206845.1,GCA_977242165.1,GCA_977254065.1,GCF_000735585.1,GCF_000743575.1,GCF_000969445.1,GCF_000970435.1,GCF_000970455.1,GCF_000971295.1,GCF_001402915.1,GCF_001421945.1,GCF_001424865.1,GCF_001425235.1,GCF_001425445.1,GCF_001426345.1,GCF_001427605.1,GCF_001427875.1,GCF_001650025.1,GCF_001899045.1,GCF_001899065.1,GCF_001899075.1,GCF_001899085.1,GCF_002949085.1,GCF_003056345.1,GCF_003056355.1,GCF_003056405.1,GCF_004005995.1,GCF_005222805.1,GCF_007859655.1,GCF_009758415.1,GCF_012847305.1,GCF_013185955.1,GCF_013185965.1,GCF_014127105.1,GCF_014197055.1,GCF_014652635.1,GCF_014837245.1,GCF_014860165.1,GCF_014926585.1,GCF_015158295.1,GCF_015234425.1,GCF_016411825.1,GCF_016457235.1,GCF_016461625.1,GCF_016595685.1,GCF_016698645.1,GCF_016698665.1,GCF_017307475.1,GCF_017307495.1,GCF_017307535.1,GCF_017744655.1,GCF_018334155.1,GCF_019504385.1,GCF_021729885.1,GCF_022429625.1,GCF_024158985.1,GCF_024273195.1,GCF_024273205.1,GCF_024707105.1,GCF_025452235.1,GCF_025809055.1,GCF_027214225.1,GCF_028290435.1,GCF_028290625.1,GCF_028613635.1,GCF_028816435.1,GCF_029201545.1,GCF_029201565.1,GCF_030159855.1,GCF_030160115.1,GCF_030177755.1,GCF_030285925.1,GCF_032907385.1,GCF_036563435.1,GCF_037113415.1,GCF_040223715.1,GCF_040546795.1,GCF_040546815.1,GCF_042181575.1,GCF_042431865.1,GCF_042679405.1,GCF_042685625.1,GCF_044987315.1,GCF_046614475.1,GCF_048261455.1,GCF_049354815.1,GCF_051302775.1,GCF_051861085.1,GCF_054482695.1,GCF_054489345.1,GCF_054605195.1,GCF_055397495.1,GCF_055633315.1,GCF_055808475.1,GCF_055808595.1,GCF_056341075.1,GCF_056402875.1,GCF_056403495.1,GCF_056405135.1,GCF_057657195.1,GCF_058133495.1,GCF_058133665.1,GCF_059070485.1,GCF_059724365.1,GCF_059726835.1,GCF_060038265.1,GCF_900110945.1,GCF_900112505.1,GCF_900116545.1,GCF_900128975.1,GCF_900177655.1,GCF_900631955.1,GCF_964252795.1,GCF_964252865.1,GCF_965229025.1,GCF_977014175.1,GCF_977186645.1,GCF_977243345.1,GCF_977256975.1
0.7	FAM_00395	27	21.77	intermediate	GCA_041916695.1,GCA_977190485.1,GCA_977202345.1,GCA_977206845.1,GCA_977242165.1,GCA_977254065.1,GCF_005222805.1,GCF_009758415.1,GCF_014652635.1,GCF_014860165.1,GCF_014926585.1,GCF_018334155.1,GCF_019504385.1,GCF_027214225.1,GCF_028816435.1,GCF_030160115.1,GCF_037113415.1,GCF_042431865.1,GCF_048261455.1,GCF_051302775.1,GCF_054605195.1,GCF_055633315.1,GCF_055808475.1,GCF_055808595.1,GCF_977186645.1,GCF_977243345.1,GCF_977256975.1
0.7	FAM_00160	26	20.97	intermediate	GCA_977190485.1,GCA_977202345.1,GCA_977206845.1,GCA_977242165.1,GCA_977254065.1,GCF_000970435.1,GCF_004005995.1,GCF_014837245.1,GCF_014926585.1,GCF_018334155.1,GCF_019504385.1,GCF_027214225.1,GCF_028816435.1,GCF_037113415.1,GCF_048261455.1,GCF_051302775.1,GCF_054482695.1,GCF_055808475.1,GCF_059724365.1,GCF_060038265.1,GCF_900116545.1,GCF_900128975.1,GCF_900177655.1,GCF_977186645.1,GCF_977243345.1,GCF_977256975.1
0.7	FAM_00151	19	15.32	intermediate	GCA_943372435.1,GCF_000735585.1,GCF_000970435.1,GCF_001426345.1,GCF_003056345.1,GCF_003056355.1,GCF_007859655.1,GCF_014860165.1,GCF_017307495.1,GCF_022429625.1,GCF_024707105.1,GCF_025452235.1,GCF_028290625.1,GCF_030159855.1,GCF_044987315.1,GCF_054489345.1,GCF_055397495.1,GCF_900112505.1,GCF_900128975.1
0.7	FAM_00156	18	14.52	intermediate	GCA_041916695.1,GCA_977190485.1,GCA_977202345.1,GCA_977206845.1,GCA_977242165.1,GCA_977254065.1,GCF_000971295.1,GCF_016698665.1,GCF_018334155.1,GCF_027214225.1,GCF_028816435.1,GCF_030160115.1,GCF_042431865.1,GCF_051302775.1,GCF_055808475.1,GCF_977186645.1,GCF_977243345.1,GCF_977256975.1
0.7	FAM_00142	17	13.71	intermediate	GCF_000743575.1,GCF_000969445.1,GCF_000970455.1,GCF_001421945.1,GCF_001425445.1,GCF_001427875.1,GCF_001899065.1,GCF_014837245.1,GCF_016698665.1,GCF_017744655.1,GCF_025809055.1,GCF_029201545.1,GCF_032907385.1,GCF_059070485.1,GCF_900116545.1,GCF_964252865.1,GCF_977014175.1
0.7	FAM_00152	16	12.9	intermediate	GCF_000743575.1,GCF_000970455.1,GCF_001421945.1,GCF_001425445.1,GCF_001427875.1,GCF_005222805.1,GCF_009758415.1,GCF_014926585.1,GCF_017744655.1,GCF_032907385.1,GCF_059070485.1,GCF_059724365.1,GCF_059726835.1,GCF_900116545.1,GCF_964252865.1,GCF_977014175.1
0.7	FAM_00148	13	10.48	intermediate	GCF_009758415.1,GCF_014197055.1,GCF_019504385.1,GCF_024158985.1,GCF_024273195.1,GCF_024273205.1,GCF_036563435.1,GCF_040223715.1,GCF_042181575.1,GCF_054482695.1,GCF_056341075.1,GCF_059724365.1,GCF_900177655.1
0.7	FAM_00175	13	10.48	intermediate	GCF_002949085.1,GCF_003056405.1,GCF_014197055.1,GCF_019504385.1,GCF_024158985.1,GCF_037113415.1,GCF_040223715.1,GCF_042181575.1,GCF_042648785.1,GCF_054482695.1,GCF_056341075.1,GCF_059724365.1,GCF_059726835.1
0.7	FAM_00162	12	9.68	rare	GCA_977190485.1,GCA_977202345.1,GCA_977206845.1,GCA_977242165.1,GCA_977254065.1,GCF_018334155.1,GCF_027214225.1,GCF_028816435.1,GCF_051302775.1,GCF_055808475.1,GCF_977243345.1,GCF_977256975.1
0.7	FAM_00164	12	9.68	rare	GCF_015158295.1,GCF_016411825.1,GCF_016698665.1,GCF_019504385.1,GCF_024273195.1,GCF_024273205.1,GCF_036563435.1,GCF_042648785.1,GCF_046614475.1,GCF_056341075.1,GCF_900112505.1,GCF_900177655.1
0.7	FAM_00173	12	9.68	rare	GCA_943372435.1,GCF_001426345.1,GCF_001427605.1,GCF_007859655.1,GCF_009758415.1,GCF_015158295.1,GCF_016411825.1,GCF_024273195.1,GCF_024273205.1,GCF_024707105.1,GCF_025809055.1,GCF_046614475.1
0.7	FAM_00396	12	9.68	rare	GCF_002949085.1,GCF_003056405.1,GCF_009758415.1,GCF_014197055.1,GCF_024158985.1,GCF_024273195.1,GCF_024273205.1,GCF_040223715.1,GCF_042181575.1,GCF_054482695.1,GCF_059724365.1,GCF_059726835.1
0.7	FAM_00556	12	9.68	rare	GCA_041916695.1,GCF_000970455.1,GCF_003056345.1,GCF_015234425.1,GCF_016698665.1,GCF_021729885.1,GCF_029201545.1,GCF_029201565.1,GCF_042685625.1,GCF_048261455.1,GCF_900116545.1,GCF_900177655.1
0.7	FAM_00145	10	8.06	rare	GCA_977242165.1,GCF_005222805.1,GCF_016698645.1,GCF_018334155.1,GCF_021729885.1,GCF_027214225.1,GCF_028816435.1,GCF_051302775.1,GCF_055808475.1,GCF_060038265.1
0.7	FAM_00159	10	8.06	rare	GCF_002949085.1,GCF_003056405.1,GCF_009758415.1,GCF_014197055.1,GCF_024158985.1,GCF_024273195.1,GCF_024273205.1,GCF_040223715.1,GCF_042181575.1,GCF_059726835.1
0.7	FAM_00144	9	7.26	rare	GCF_000970435.1,GCF_000971295.1,GCF_001427605.1,GCF_001650025.1,GCF_003056345.1,GCF_003056355.1,GCF_007859655.1,GCF_030177755.1,GCF_900128975.1
0.7	FAM_00149	8	6.45	rare	GCF_012847305.1,GCF_014127105.1,GCF_015158295.1,GCF_015234425.1,GCF_016457235.1,GCF_016461625.1,GCF_016595685.1,GCF_029201565.1
0.7	FAM_00155	8	6.45	rare	GCF_001427605.1,GCF_012847305.1,GCF_014127105.1,GCF_014837245.1,GCF_016457235.1,GCF_016461625.1,GCF_016595685.1,GCF_030285925.1
0.7	FAM_00157	8	6.45	rare	GCF_016698645.1,GCF_028290435.1,GCF_036563435.1,GCF_040546795.1,GCF_046614475.1,GCF_048261455.1,GCF_060038265.1,GCF_900110945.1
0.7	FAM_00388	8	6.45	rare	GCF_001402915.1,GCF_001424865.1,GCF_001425235.1,GCF_001899085.1,GCF_017307495.1,GCF_017307535.1,GCF_051861085.1,GCF_964252795.1
0.7	FAM_00046	7	5.65	rare	GCF_014652635.1,GCF_014926585.1,GCF_028290435.1,GCF_028290625.1,GCF_040546795.1,GCF_900112505.1,GCF_965229025.1
0.7	FAM_00154	7	5.65	rare	GCF_000969445.1,GCF_001899045.1,GCF_025809055.1,GCF_042679405.1,GCF_054482695.1,GCF_900177655.1,GCF_900631955.1
0.7	FAM_00163	7	5.65	rare	GCF_002949085.1,GCF_003056405.1,GCF_009758415.1,GCF_040223715.1,GCF_042181575.1,GCF_059724365.1,GCF_059726835.1
0.7	FAM_00166	7	5.65	rare	GCF_001426345.1,GCF_001427605.1,GCF_005222805.1,GCF_014860165.1,GCF_021729885.1,GCF_054489345.1,GCF_055397495.1
0.7	FAM_00167	7	5.65	rare	GCF_000970435.1,GCF_012847305.1,GCF_014127105.1,GCF_016457235.1,GCF_016461625.1,GCF_016595685.1,GCF_900128975.1
0.7	FAM_00188	7	5.65	rare	GCF_000970435.1,GCF_014860165.1,GCF_027214225.1,GCF_040223715.1,GCF_054489345.1,GCF_900112505.1,GCF_900128975.1
0.7	FAM_00196	7	5.65	rare	GCF_001426345.1,GCF_001427605.1,GCF_007859655.1,GCF_014860165.1,GCF_024273195.1,GCF_024273205.1,GCF_024707105.1
0.7	FAM_00426	7	5.65	rare	GCF_001402915.1,GCF_001424865.1,GCF_001425235.1,GCF_001899085.1,GCF_017307535.1,GCF_051861085.1,GCF_964252795.1
0.7	FAM_00427	7	5.65	rare	GCF_001402915.1,GCF_001424865.1,GCF_001425235.1,GCF_001899085.1,GCF_017307535.1,GCF_051861085.1,GCF_964252795.1
0.7	FAM_00143	6	4.84	rare	GCF_004005995.1,GCF_013185955.1,GCF_013185965.1,GCF_040546815.1,GCF_058133495.1,GCF_058133665.1
0.7	FAM_00146	6	4.84	rare	GCF_022429625.1,GCF_028290435.1,GCF_028290625.1,GCF_040546795.1,GCF_900110945.1,GCF_900112505.1
0.7	FAM_00158	6	4.84	rare	GCF_002949085.1,GCF_003056405.1,GCF_024273195.1,GCF_024273205.1,GCF_037113415.1,GCF_059726835.1
0.7	FAM_00169	6	4.84	rare	GCF_001421945.1,GCF_001425445.1,GCF_001899075.1,GCF_017307475.1,GCF_029201545.1,GCF_032907385.1
0.7	FAM_00170	6	4.84	rare	GCF_003056355.1,GCF_004005995.1,GCF_013185955.1,GCF_013185965.1,GCF_058133495.1,GCF_058133665.1
0.7	FAM_00174	6	4.84	rare	GCF_000743575.1,GCF_001427875.1,GCF_017744655.1,GCF_900116545.1,GCF_964252865.1,GCF_977014175.1
0.7	FAM_00177	6	4.84	rare	GCF_001421945.1,GCF_001425445.1,GCF_029201545.1,GCF_029201565.1,GCF_032907385.1,GCF_059070485.1
0.7	FAM_00189	6	4.84	rare	GCA_041916695.1,GCF_025452235.1,GCF_040546795.1,GCF_042181575.1,GCF_054605195.1,GCF_055633315.1
0.7	FAM_00404	6	4.84	rare	GCF_004005995.1,GCF_013185955.1,GCF_013185965.1,GCF_021729885.1,GCF_058133495.1,GCF_058133665.1
0.7	FAM_00147	5	4.03	rare	GCF_000735585.1,GCF_025452235.1,GCF_030159855.1,GCF_044987315.1,GCF_046614475.1
0.7	FAM_00391	5	4.03	rare	GCA_041916695.1,GCF_017307495.1,GCF_028613635.1,GCF_049354815.1,GCF_965229025.1
0.7	FAM_00428	5	4.03	rare	GCF_012847305.1,GCF_014127105.1,GCF_016457235.1,GCF_016461625.1,GCF_016595685.1
0.7	FAM_00558	5	4.03	rare	GCF_004005995.1,GCF_013185955.1,GCF_013185965.1,GCF_058133495.1,GCF_058133665.1
0.7	FAM_00002	4	3.23	rare	GCF_000970435.1,GCF_003056345.1,GCF_060038265.1,GCF_900128975.1
0.7	FAM_00165	4	3.23	rare	GCF_014652635.1,GCF_028290435.1,GCF_028290625.1,GCF_040546795.1
0.7	FAM_00390	4	3.23	rare	GCF_000735585.1,GCF_025452235.1,GCF_030159855.1,GCF_044987315.1
0.7	FAM_00392	4	3.23	rare	GCF_056402875.1,GCF_056403495.1,GCF_056405135.1,GCF_057657195.1
0.7	FAM_00419	4	3.23	rare	GCA_041916695.1,GCF_030160115.1,GCF_042431865.1,GCF_055808595.1
0.7	FAM_00422	4	3.23	rare	GCF_001402915.1,GCF_001424865.1,GCF_001425235.1,GCF_964252795.1
0.7	FAM_00053	3	2.42	rare	GCF_001424865.1,GCF_001425235.1,GCF_964252795.1
0.7	FAM_00057	3	2.42	rare	GCF_056402875.1,GCF_056403495.1,GCF_056405135.1
0.7	FAM_00058	3	2.42	rare	GCF_014197055.1,GCF_019504385.1,GCF_024158985.1
0.7	FAM_00150	3	2.42	rare	GCF_001899045.1,GCF_042679405.1,GCF_900631955.1
0.7	FAM_00153	3	2.42	rare	GCF_001899075.1,GCF_017307475.1,GCF_055808595.1
0.7	FAM_00161	3	2.42	rare	GCF_000969445.1,GCF_014652635.1,GCF_030177755.1
0.7	FAM_00168	3	2.42	rare	GCA_943372435.1,GCF_030160115.1,GCF_042431865.1
0.7	FAM_00194	3	2.42	rare	GCF_001899075.1,GCF_017307475.1,GCF_042685625.1
0.7	FAM_00195	3	2.42	rare	GCF_000970435.1,GCF_054489345.1,GCF_900128975.1
0.7	FAM_00420	3	2.42	rare	GCF_001421945.1,GCF_001425445.1,GCF_032907385.1
0.7	FAM_00421	3	2.42	rare	GCF_001899085.1,GCF_017307535.1,GCF_051861085.1
0.7	FAM_00423	3	2.42	rare	GCF_001899085.1,GCF_017307535.1,GCF_051861085.1
0.7	FAM_00425	3	2.42	rare	GCF_001899045.1,GCF_042679405.1,GCF_900631955.1
0.7	FAM_00001	2	1.61	rare	GCF_015158295.1,GCF_054489345.1
0.7	FAM_00017	2	1.61	rare	GCF_054605195.1,GCF_055633315.1
0.7	FAM_00111	2	1.61	rare	GCF_042648785.1,GCF_054482695.1
0.7	FAM_00133	2	1.61	rare	GCF_000970435.1,GCF_900128975.1
0.7	FAM_00187	2	1.61	rare	GCF_030160115.1,GCF_042431865.1
0.7	FAM_00171	2	1.61	rare	GCF_000743575.1,GCF_040223715.1
0.7	FAM_00193	2	1.61	rare	GCF_001899075.1,GCF_017307475.1
0.7	FAM_00197	2	1.61	rare	GCF_001899075.1,GCF_017307475.1
0.7	FAM_00198	2	1.61	rare	GCF_000743575.1,GCF_017744655.1
0.7	FAM_00389	2	1.61	rare	GCF_003056355.1,GCF_057657195.1
0.7	FAM_00399	2	1.61	rare	GCF_022429625.1,GCF_042181575.1
0.7	FAM_00424	2	1.61	rare	GCF_054605195.1,GCF_055633315.1
0.7	FAM_00429	2	1.61	rare	GCF_030160115.1,GCF_042431865.1
0.7	FAM_00056	1	0.81	rare	GCF_005222805.1
0.7	FAM_00020	1	0.81	rare	GCF_007859655.1
0.7	FAM_00127	1	0.81	rare	GCF_900177655.1
0.7	FAM_00185	1	0.81	rare	GCF_054482695.1
0.7	FAM_00199	1	0.81	rare	GCF_000743575.1
0.7	FAM_00200	1	0.81	rare	GCF_024707105.1
0.7	FAM_00201	1	0.81	rare	GCF_040546795.1
0.7	FAM_00202	1	0.81	rare	GCF_014860165.1
0.7	FAM_00203	1	0.81	rare	GCF_030177755.1
0.7	FAM_00204	1	0.81	rare	GCF_028290435.1
0.7	FAM_00205	1	0.81	rare	GCF_000969445.1
0.7	FAM_00206	1	0.81	rare	GCF_025809055.1
0.7	FAM_00207	1	0.81	rare	GCF_014926585.1
0.7	FAM_00208	1	0.81	rare	GCF_022429625.1
0.7	FAM_00430	1	0.81	rare	GCF_012847305.1
0.7	FAM_00431	1	0.81	rare	GCF_000970455.1
0.7	FAM_00432	1	0.81	rare	GCA_041916695.1
0.7	FAM_00433	1	0.81	rare	GCF_057657195.1
0.7	FAM_00434	1	0.81	rare	GCF_001899065.1
0.7	FAM_00435	1	0.81	rare	GCF_048261455.1
0.7	FAM_00436	1	0.81	rare	GCF_057657195.1
0.7	FAM_00437	1	0.81	rare	GCF_055397495.1
0.7	FAM_00438	1	0.81	rare	GCA_041916695.1
0.7	FAM_00439	1	0.81	rare	GCA_041916695.1
0.7	FAM_00440	1	0.81	rare	GCA_041916695.1
0.7	FAM_00441	1	0.81	rare	GCF_021729885.1
0.7	FAM_00442	1	0.81	rare	GCF_015234425.1
0.7	FAM_00443	1	0.81	rare	GCF_900177655.1
0.7	FAM_00444	1	0.81	rare	GCF_049354815.1
0.7	FAM_00445	1	0.81	rare	GCF_055808595.1
0.7	FAM_00446	1	0.81	rare	GCF_965229025.1
0.7	FAM_00447	1	0.81	rare	GCF_012847305.1
0.7	FAM_00586	1	0.81	rare	GCF_014837245.1
0.7	FAM_00587	1	0.81	rare	GCF_014926585.1
0.7	FAM_00592	1	0.81	rare	GCF_000735585.1
0.7	FAM_00593	1	0.81	rare	GCF_037113415.1
0.7	FAM_00594	1	0.81	rare	GCF_036563435.1
0.7	FAM_00601	1	0.81	rare	GCF_042648785.1
