gcf_id	n_genomes	mrca_node	mrca_depth	age_category
FAM_00550	123	125	0	ancient
FAM_00395	27	126	0	ancient
FAM_00160	26	125	0	ancient
FAM_00151	19	125	0	ancient
FAM_00156	18	126	0	ancient
FAM_00142	17	155	0.0088	ancient
FAM_00152	16	126	0	ancient
FAM_00148	13	125	0	ancient
FAM_00175	13	173	0.0334	ancient
FAM_00162	12	138	0.0282	ancient
FAM_00164	12	125	0	ancient
FAM_00173	12	126	0	ancient
FAM_00396	12	178	0.0387	old
FAM_00556	12	126	0	ancient
FAM_00145	10	125	0	ancient
FAM_00159	10	178	0.0387	old
FAM_00144	9	126	0	ancient
FAM_00149	8	157	0.0245	ancient
FAM_00155	8	126	0	ancient
FAM_00157	8	125	0	ancient
FAM_00388	8	223	0.1132	recent
FAM_00046	7	125	0	ancient
FAM_00154	7	172	0.0312	ancient
FAM_00163	7	183	0.0468	old
FAM_00166	7	125	0	ancient
FAM_00167	7	155	0.0088	ancient
FAM_00188	7	125	0	ancient
FAM_00196	7	126	0	ancient
FAM_00426	7	227	0.1216	recent
FAM_00427	7	227	0.1216	recent
FAM_00143	6	150	0.0021	ancient
FAM_00146	6	125	0	ancient
FAM_00158	6	178	0.0387	old
FAM_00169	6	155	0.0088	ancient
FAM_00170	6	150	0.0021	ancient
FAM_00174	6	162	0.038	old
FAM_00177	6	158	0.0278	ancient
FAM_00189	6	151	0.0056	ancient
FAM_00404	6	126	0	ancient
FAM_00147	5	126	0	ancient
FAM_00391	5	222	0.1063	intermediate
FAM_00428	5	199	0.0565	old
FAM_00558	5	205	0.0313	ancient
FAM_00002	4	125	0	ancient
FAM_00165	4	211	0.0213	ancient
FAM_00390	4	152	0.013	ancient
FAM_00392	4	223	0.1132	recent
FAM_00419	4	215	0.0385	old
FAM_00422	4	227	0.1216	recent
FAM_00053	3	228	0.1257	recent
FAM_00057	3	225	0.1265	recent
FAM_00058	3	181	0.04	old
FAM_00150	3	197	0.0435	old
FAM_00153	3	217	0.0833	intermediate
FAM_00161	3	155	0.0088	ancient
FAM_00168	3	214	0.0284	ancient
FAM_00194	3	155	0.0088	ancient
FAM_00195	3	125	0	ancient
FAM_00420	3	169	0.049	old
FAM_00421	3	231	0.1256	recent
FAM_00423	3	231	0.1256	recent
FAM_00425	3	197	0.0435	old
FAM_00001	2	125	0	ancient
FAM_00017	2	237	0.1044	intermediate
FAM_00111	2	173	0.0334	ancient
FAM_00133	2	210	0.0304	ancient
FAM_00187	2	239	0.0747	intermediate
FAM_00171	2	157	0.0245	ancient
FAM_00193	2	219	0.1362	recent
FAM_00197	2	219	0.1362	recent
FAM_00198	2	168	0.0519	old
FAM_00389	2	150	0.0021	ancient
FAM_00399	2	126	0	ancient
FAM_00424	2	237	0.1044	intermediate
FAM_00429	2	239	0.0747	intermediate
FAM_00056	1	NA	NA	singleton
FAM_00020	1	NA	NA	singleton
FAM_00127	1	NA	NA	singleton
FAM_00185	1	NA	NA	singleton
FAM_00199	1	NA	NA	singleton
FAM_00200	1	NA	NA	singleton
FAM_00201	1	NA	NA	singleton
FAM_00202	1	NA	NA	singleton
FAM_00203	1	NA	NA	singleton
FAM_00204	1	NA	NA	singleton
FAM_00205	1	NA	NA	singleton
FAM_00206	1	NA	NA	singleton
FAM_00207	1	NA	NA	singleton
FAM_00208	1	NA	NA	singleton
FAM_00430	1	NA	NA	singleton
FAM_00431	1	NA	NA	singleton
FAM_00432	1	NA	NA	singleton
FAM_00433	1	NA	NA	singleton
FAM_00434	1	NA	NA	singleton
FAM_00435	1	NA	NA	singleton
FAM_00436	1	NA	NA	singleton
FAM_00437	1	NA	NA	singleton
FAM_00438	1	NA	NA	singleton
FAM_00439	1	NA	NA	singleton
FAM_00440	1	NA	NA	singleton
FAM_00441	1	NA	NA	singleton
FAM_00442	1	NA	NA	singleton
FAM_00443	1	NA	NA	singleton
FAM_00444	1	NA	NA	singleton
FAM_00445	1	NA	NA	singleton
FAM_00446	1	NA	NA	singleton
FAM_00447	1	NA	NA	singleton
FAM_00586	1	NA	NA	singleton
FAM_00587	1	NA	NA	singleton
FAM_00592	1	NA	NA	singleton
FAM_00593	1	NA	NA	singleton
FAM_00594	1	NA	NA	singleton
FAM_00601	1	NA	NA	singleton
