bgc_id	genome_accession	product_class
GCA_041916695.1_region001	GCA_041916695.1	thioamitides
GCA_041916695.1_region002	GCA_041916695.1	betalactone
GCA_041916695.1_region003	GCA_041916695.1	RiPP-like
GCA_041916695.1_region004	GCA_041916695.1	terpene
GCA_041916695.1_region005	GCA_041916695.1	RRE-containing
GCA_041916695.1_region006	GCA_041916695.1	RRE-containing
GCA_041916695.1_region007	GCA_041916695.1	hserlactone
GCA_041916695.1_region008	GCA_041916695.1	thioamitides
GCA_041916695.1_region008	GCA_041916695.1	thiopeptide
GCA_041916695.1_region009	GCA_041916695.1	RiPP-like
GCA_041916695.1_region010	GCA_041916695.1	RRE-containing
GCA_041916695.1_region011	GCA_041916695.1	terpene
GCA_041916695.1_region012	GCA_041916695.1	hserlactone
GCA_943372435.1_region001	GCA_943372435.1	terpene
GCA_943372435.1_region002	GCA_943372435.1	betalactone
GCA_943372435.1_region003	GCA_943372435.1	acyl_amino_acids
GCA_943372435.1_region004	GCA_943372435.1	hserlactone
GCA_977190485.1_region001	GCA_977190485.1	betalactone
GCA_977190485.1_region002	GCA_977190485.1	acyl_amino_acids
GCA_977190485.1_region003	GCA_977190485.1	ectoine
GCA_977190485.1_region004	GCA_977190485.1	terpene
GCA_977190485.1_region005	GCA_977190485.1	RiPP-like
GCA_977202345.1_region001	GCA_977202345.1	ectoine
GCA_977202345.1_region002	GCA_977202345.1	acyl_amino_acids
GCA_977202345.1_region003	GCA_977202345.1	betalactone
GCA_977202345.1_region004	GCA_977202345.1	RiPP-like
GCA_977202345.1_region005	GCA_977202345.1	terpene
GCA_977206845.1_region001	GCA_977206845.1	ectoine
GCA_977206845.1_region002	GCA_977206845.1	acyl_amino_acids
GCA_977206845.1_region003	GCA_977206845.1	betalactone
GCA_977206845.1_region004	GCA_977206845.1	RiPP-like
GCA_977206845.1_region005	GCA_977206845.1	terpene
GCA_977242165.1_region001	GCA_977242165.1	acyl_amino_acids
GCA_977242165.1_region002	GCA_977242165.1	ectoine
GCA_977242165.1_region003	GCA_977242165.1	betalactone
GCA_977242165.1_region004	GCA_977242165.1	RiPP-like
GCA_977242165.1_region005	GCA_977242165.1	hserlactone
GCA_977242165.1_region006	GCA_977242165.1	terpene
GCA_977254065.1_region001	GCA_977254065.1	ectoine
GCA_977254065.1_region002	GCA_977254065.1	betalactone
GCA_977254065.1_region003	GCA_977254065.1	RiPP-like
GCA_977254065.1_region004	GCA_977254065.1	acyl_amino_acids
GCA_977254065.1_region005	GCA_977254065.1	terpene
GCF_000735585.1_region001	GCF_000735585.1	terpene
GCF_000735585.1_region002	GCF_000735585.1	redox-cofactor
GCF_000735585.1_region003	GCF_000735585.1	betalactone
GCF_000735585.1_region004	GCF_000735585.1	RiPP-like
GCF_000735585.1_region004	GCF_000735585.1	hydrogen-cyanide
GCF_000735585.1_region005	GCF_000735585.1	hserlactone
GCF_000743575.1_region001	GCF_000743575.1	hserlactone
GCF_000743575.1_region002	GCF_000743575.1	hserlactone
GCF_000743575.1_region003	GCF_000743575.1	terpene
GCF_000743575.1_region004	GCF_000743575.1	hserlactone
GCF_000743575.1_region005	GCF_000743575.1	hserlactone
GCF_000743575.1_region006	GCF_000743575.1	betalactone
GCF_000743575.1_region007	GCF_000743575.1	hserlactone
GCF_000969445.1_region001	GCF_000969445.1	hserlactone
GCF_000969445.1_region002	GCF_000969445.1	terpene
GCF_000969445.1_region003	GCF_000969445.1	betalactone
GCF_000969445.1_region004	GCF_000969445.1	ectoine
GCF_000969445.1_region005	GCF_000969445.1	hserlactone
GCF_000970435.1_region001	GCF_000970435.1	T1PKS
GCF_000970435.1_region001	GCF_000970435.1	NRPS-like
GCF_000970435.1_region002	GCF_000970435.1	hserlactone
GCF_000970435.1_region003	GCF_000970435.1	hserlactone
GCF_000970435.1_region004	GCF_000970435.1	acyl_amino_acids
GCF_000970435.1_region004	GCF_000970435.1	hserlactone
GCF_000970435.1_region005	GCF_000970435.1	betalactone
GCF_000970435.1_region006	GCF_000970435.1	ectoine
GCF_000970435.1_region007	GCF_000970435.1	hydrogen-cyanide
GCF_000970435.1_region008	GCF_000970435.1	terpene
GCF_000970435.1_region009	GCF_000970435.1	NRPS-like
GCF_000970455.1_region001	GCF_000970455.1	terpene
GCF_000970455.1_region002	GCF_000970455.1	betalactone
GCF_000970455.1_region003	GCF_000970455.1	thioamitides
GCF_000970455.1_region004	GCF_000970455.1	terpene
GCF_000970455.1_region005	GCF_000970455.1	hserlactone
GCF_000971295.1_region001	GCF_000971295.1	terpene
GCF_000971295.1_region002	GCF_000971295.1	hserlactone
GCF_000971295.1_region003	GCF_000971295.1	betalactone
GCF_001402915.1_region001	GCF_001402915.1	thioamitides
GCF_001402915.1_region002	GCF_001402915.1	redox-cofactor
GCF_001402915.1_region003	GCF_001402915.1	RRE-containing
GCF_001402915.1_region004	GCF_001402915.1	terpene
GCF_001402915.1_region005	GCF_001402915.1	thioamitides
GCF_001421945.1_region001	GCF_001421945.1	hserlactone
GCF_001421945.1_region002	GCF_001421945.1	hserlactone
GCF_001421945.1_region003	GCF_001421945.1	thioamitides
GCF_001421945.1_region004	GCF_001421945.1	terpene
GCF_001421945.1_region005	GCF_001421945.1	acyl_amino_acids
GCF_001421945.1_region006	GCF_001421945.1	betalactone
GCF_001424865.1_region001	GCF_001424865.1	terpene
GCF_001424865.1_region002	GCF_001424865.1	thioamitides
GCF_001424865.1_region003	GCF_001424865.1	redox-cofactor
GCF_001424865.1_region004	GCF_001424865.1	thiopeptide
GCF_001424865.1_region004	GCF_001424865.1	thioamitides
GCF_001424865.1_region005	GCF_001424865.1	T3PKS
GCF_001424865.1_region006	GCF_001424865.1	RRE-containing
GCF_001425235.1_region001	GCF_001425235.1	redox-cofactor
GCF_001425235.1_region002	GCF_001425235.1	thiopeptide
GCF_001425235.1_region002	GCF_001425235.1	thioamitides
GCF_001425235.1_region003	GCF_001425235.1	thioamitides
GCF_001425235.1_region004	GCF_001425235.1	terpene
GCF_001425235.1_region005	GCF_001425235.1	RRE-containing
GCF_001425235.1_region006	GCF_001425235.1	T3PKS
GCF_001425445.1_region001	GCF_001425445.1	terpene
GCF_001425445.1_region002	GCF_001425445.1	acyl_amino_acids
GCF_001425445.1_region003	GCF_001425445.1	hserlactone
GCF_001425445.1_region004	GCF_001425445.1	thioamitides
GCF_001425445.1_region005	GCF_001425445.1	betalactone
GCF_001425445.1_region006	GCF_001425445.1	hserlactone
GCF_001426345.1_region001	GCF_001426345.1	terpene
GCF_001426345.1_region002	GCF_001426345.1	betalactone
GCF_001426345.1_region003	GCF_001426345.1	hserlactone
GCF_001426345.1_region004	GCF_001426345.1	hserlactone
GCF_001426345.1_region005	GCF_001426345.1	hydrogen-cyanide
GCF_001427605.1_region001	GCF_001427605.1	hydrogen-cyanide
GCF_001427605.1_region002	GCF_001427605.1	betalactone
GCF_001427605.1_region003	GCF_001427605.1	hserlactone
GCF_001427605.1_region004	GCF_001427605.1	terpene
GCF_001427605.1_region005	GCF_001427605.1	hserlactone
GCF_001427605.1_region006	GCF_001427605.1	hserlactone
GCF_001427875.1_region001	GCF_001427875.1	betalactone
GCF_001427875.1_region002	GCF_001427875.1	terpene
GCF_001427875.1_region003	GCF_001427875.1	hserlactone
GCF_001427875.1_region004	GCF_001427875.1	hserlactone
GCF_001650025.1_region001	GCF_001650025.1	terpene
GCF_001650025.1_region002	GCF_001650025.1	hserlactone
GCF_001899045.1_region001	GCF_001899045.1	terpene
GCF_001899045.1_region002	GCF_001899045.1	betalactone
GCF_001899045.1_region003	GCF_001899045.1	hserlactone
GCF_001899045.1_region004	GCF_001899045.1	thioamitides
GCF_001899065.1_region001	GCF_001899065.1	terpene
GCF_001899065.1_region002	GCF_001899065.1	hserlactone
GCF_001899065.1_region003	GCF_001899065.1	thioamitides
GCF_001899075.1_region001	GCF_001899075.1	hserlactone
GCF_001899075.1_region002	GCF_001899075.1	hydrogen-cyanide
GCF_001899075.1_region003	GCF_001899075.1	hserlactone
GCF_001899075.1_region004	GCF_001899075.1	betalactone
GCF_001899075.1_region005	GCF_001899075.1	terpene
GCF_001899075.1_region006	GCF_001899075.1	hydrogen-cyanide
GCF_001899085.1_region001	GCF_001899085.1	terpene
GCF_001899085.1_region002	GCF_001899085.1	thioamitides
GCF_001899085.1_region003	GCF_001899085.1	redox-cofactor
GCF_001899085.1_region004	GCF_001899085.1	thioamitides
GCF_001899085.1_region005	GCF_001899085.1	LAP
GCF_001899085.1_region006	GCF_001899085.1	RRE-containing
GCF_002949085.1_region001	GCF_002949085.1	RiPP-like
GCF_002949085.1_region002	GCF_002949085.1	hserlactone
GCF_002949085.1_region003	GCF_002949085.1	hserlactone
GCF_002949085.1_region004	GCF_002949085.1	betalactone
GCF_002949085.1_region005	GCF_002949085.1	terpene
GCF_002949085.1_region006	GCF_002949085.1	ectoine
GCF_003056345.1_region001	GCF_003056345.1	NRPS-like
GCF_003056345.1_region001	GCF_003056345.1	T1PKS
GCF_003056345.1_region002	GCF_003056345.1	terpene
GCF_003056345.1_region003	GCF_003056345.1	terpene
GCF_003056345.1_region004	GCF_003056345.1	betalactone
GCF_003056345.1_region005	GCF_003056345.1	hserlactone
GCF_003056355.1_region001	GCF_003056355.1	redox-cofactor
GCF_003056355.1_region002	GCF_003056355.1	hserlactone
GCF_003056355.1_region003	GCF_003056355.1	betalactone
GCF_003056355.1_region004	GCF_003056355.1	hserlactone
GCF_003056355.1_region005	GCF_003056355.1	terpene
GCF_003056405.1_region001	GCF_003056405.1	hserlactone
GCF_003056405.1_region002	GCF_003056405.1	RiPP-like
GCF_003056405.1_region003	GCF_003056405.1	betalactone
GCF_003056405.1_region004	GCF_003056405.1	terpene
GCF_003056405.1_region005	GCF_003056405.1	ectoine
GCF_003056405.1_region006	GCF_003056405.1	hserlactone
GCF_004005995.1_region001	GCF_004005995.1	RRE-containing
GCF_004005995.1_region001	GCF_004005995.1	lassopeptide
GCF_004005995.1_region002	GCF_004005995.1	terpene
GCF_004005995.1_region003	GCF_004005995.1	hserlactone
GCF_004005995.1_region004	GCF_004005995.1	terpene
GCF_004005995.1_region005	GCF_004005995.1	acyl_amino_acids
GCF_004005995.1_region006	GCF_004005995.1	hydrogen-cyanide
GCF_005222805.1_region001	GCF_005222805.1	RiPP-like
GCF_005222805.1_region002	GCF_005222805.1	T3PKS
GCF_005222805.1_region003	GCF_005222805.1	terpene
GCF_005222805.1_region004	GCF_005222805.1	betalactone
GCF_005222805.1_region005	GCF_005222805.1	RiPP-like
GCF_005222805.1_region006	GCF_005222805.1	hserlactone
GCF_005222805.1_region007	GCF_005222805.1	hserlactone
GCF_007859655.1_region001	GCF_007859655.1	hydrogen-cyanide
GCF_007859655.1_region002	GCF_007859655.1	terpene
GCF_007859655.1_region003	GCF_007859655.1	betalactone
GCF_007859655.1_region004	GCF_007859655.1	hserlactone
GCF_007859655.1_region005	GCF_007859655.1	T1PKS
GCF_007859655.1_region006	GCF_007859655.1	hserlactone
GCF_009758415.1_region001	GCF_009758415.1	RiPP-like
GCF_009758415.1_region002	GCF_009758415.1	RiPP-like
GCF_009758415.1_region003	GCF_009758415.1	ectoine
GCF_009758415.1_region004	GCF_009758415.1	terpene
GCF_009758415.1_region005	GCF_009758415.1	betalactone
GCF_009758415.1_region006	GCF_009758415.1	hserlactone
GCF_009758415.1_region007	GCF_009758415.1	hserlactone
GCF_009758415.1_region008	GCF_009758415.1	hserlactone
GCF_012847305.1_region001	GCF_012847305.1	RRE-containing
GCF_012847305.1_region002	GCF_012847305.1	terpene
GCF_012847305.1_region003	GCF_012847305.1	RRE-containing
GCF_012847305.1_region004	GCF_012847305.1	hserlactone
GCF_012847305.1_region005	GCF_012847305.1	RiPP-like
GCF_012847305.1_region006	GCF_012847305.1	betalactone
GCF_012847305.1_region007	GCF_012847305.1	hserlactone
GCF_013185955.1_region001	GCF_013185955.1	terpene
GCF_013185955.1_region002	GCF_013185955.1	hserlactone
GCF_013185955.1_region003	GCF_013185955.1	terpene
GCF_013185955.1_region004	GCF_013185955.1	acyl_amino_acids
GCF_013185955.1_region005	GCF_013185955.1	RRE-containing
GCF_013185955.1_region005	GCF_013185955.1	lassopeptide
GCF_013185965.1_region001	GCF_013185965.1	acyl_amino_acids
GCF_013185965.1_region002	GCF_013185965.1	RRE-containing
GCF_013185965.1_region002	GCF_013185965.1	lassopeptide
GCF_013185965.1_region003	GCF_013185965.1	terpene
GCF_013185965.1_region004	GCF_013185965.1	hserlactone
GCF_013185965.1_region005	GCF_013185965.1	terpene
GCF_014127105.1_region001	GCF_014127105.1	RRE-containing
GCF_014127105.1_region002	GCF_014127105.1	terpene
GCF_014127105.1_region003	GCF_014127105.1	betalactone
GCF_014127105.1_region004	GCF_014127105.1	hserlactone
GCF_014127105.1_region005	GCF_014127105.1	hserlactone
GCF_014197055.1_region001	GCF_014197055.1	terpene
GCF_014197055.1_region002	GCF_014197055.1	ectoine
GCF_014197055.1_region003	GCF_014197055.1	hserlactone
GCF_014197055.1_region004	GCF_014197055.1	hserlactone
GCF_014197055.1_region005	GCF_014197055.1	T1PKS
GCF_014197055.1_region006	GCF_014197055.1	RiPP-like
GCF_014652635.1_region001	GCF_014652635.1	terpene
GCF_014652635.1_region002	GCF_014652635.1	RiPP-like
GCF_014652635.1_region003	GCF_014652635.1	hserlactone
GCF_014652635.1_region004	GCF_014652635.1	T3PKS
GCF_014652635.1_region005	GCF_014652635.1	ectoine
GCF_014837245.1_region001	GCF_014837245.1	betalactone
GCF_014837245.1_region002	GCF_014837245.1	terpene
GCF_014837245.1_region003	GCF_014837245.1	T3PKS
GCF_014837245.1_region003	GCF_014837245.1	hserlactone
GCF_014837245.1_region004	GCF_014837245.1	ectoine
GCF_014837245.1_region005	GCF_014837245.1	hserlactone
GCF_014860165.1_region001	GCF_014860165.1	terpene
GCF_014860165.1_region002	GCF_014860165.1	RiPP-like
GCF_014860165.1_region003	GCF_014860165.1	hserlactone
GCF_014860165.1_region004	GCF_014860165.1	hydrogen-cyanide
GCF_014860165.1_region005	GCF_014860165.1	betalactone
GCF_014860165.1_region006	GCF_014860165.1	hserlactone
GCF_014860165.1_region007	GCF_014860165.1	hserlactone
GCF_014926585.1_region001	GCF_014926585.1	hydrogen-cyanide
GCF_014926585.1_region002	GCF_014926585.1	RiPP-like
GCF_014926585.1_region003	GCF_014926585.1	hserlactone
GCF_014926585.1_region003	GCF_014926585.1	T3PKS
GCF_014926585.1_region004	GCF_014926585.1	betalactone
GCF_014926585.1_region005	GCF_014926585.1	ectoine
GCF_014926585.1_region006	GCF_014926585.1	T3PKS
GCF_014926585.1_region007	GCF_014926585.1	terpene
GCF_015158295.1_region001	GCF_015158295.1	terpene
GCF_015158295.1_region002	GCF_015158295.1	acyl_amino_acids
GCF_015158295.1_region003	GCF_015158295.1	T1PKS
GCF_015158295.1_region003	GCF_015158295.1	NRPS-like
GCF_015158295.1_region004	GCF_015158295.1	hserlactone
GCF_015158295.1_region005	GCF_015158295.1	hserlactone
GCF_015234425.1_region001	GCF_015234425.1	terpene
GCF_015234425.1_region002	GCF_015234425.1	hserlactone
GCF_015234425.1_region003	GCF_015234425.1	RRE-containing
GCF_015234425.1_region004	GCF_015234425.1	terpene
GCF_016411825.1_region001	GCF_016411825.1	terpene
GCF_016411825.1_region002	GCF_016411825.1	hserlactone
GCF_016411825.1_region003	GCF_016411825.1	hserlactone
GCF_016457235.1_region001	GCF_016457235.1	hserlactone
GCF_016457235.1_region002	GCF_016457235.1	hserlactone
GCF_016457235.1_region003	GCF_016457235.1	betalactone
GCF_016457235.1_region004	GCF_016457235.1	terpene
GCF_016457235.1_region005	GCF_016457235.1	RRE-containing
GCF_016461625.1_region001	GCF_016461625.1	terpene
GCF_016461625.1_region002	GCF_016461625.1	hserlactone
GCF_016461625.1_region003	GCF_016461625.1	betalactone
GCF_016461625.1_region004	GCF_016461625.1	RRE-containing
GCF_016461625.1_region005	GCF_016461625.1	hserlactone
GCF_016595685.1_region001	GCF_016595685.1	betalactone
GCF_016595685.1_region002	GCF_016595685.1	hserlactone
GCF_016595685.1_region003	GCF_016595685.1	hserlactone
GCF_016595685.1_region004	GCF_016595685.1	RRE-containing
GCF_016595685.1_region005	GCF_016595685.1	terpene
GCF_016698645.1_region001	GCF_016698645.1	hserlactone
GCF_016698645.1_region002	GCF_016698645.1	betalactone
GCF_016698645.1_region003	GCF_016698645.1	terpene
GCF_016698665.1_region001	GCF_016698665.1	hserlactone
GCF_016698665.1_region002	GCF_016698665.1	betalactone
GCF_016698665.1_region003	GCF_016698665.1	terpene
GCF_016698665.1_region004	GCF_016698665.1	terpene
GCF_016698665.1_region005	GCF_016698665.1	hserlactone
GCF_017307475.1_region001	GCF_017307475.1	hydrogen-cyanide
GCF_017307475.1_region002	GCF_017307475.1	hserlactone
GCF_017307475.1_region003	GCF_017307475.1	betalactone
GCF_017307475.1_region004	GCF_017307475.1	terpene
GCF_017307475.1_region005	GCF_017307475.1	hydrogen-cyanide
GCF_017307475.1_region006	GCF_017307475.1	hserlactone
GCF_017307495.1_region001	GCF_017307495.1	redox-cofactor
GCF_017307495.1_region002	GCF_017307495.1	thioamitides
GCF_017307495.1_region003	GCF_017307495.1	betalactone
GCF_017307495.1_region004	GCF_017307495.1	terpene
GCF_017307535.1_region001	GCF_017307535.1	RRE-containing
GCF_017307535.1_region002	GCF_017307535.1	LAP
GCF_017307535.1_region003	GCF_017307535.1	redox-cofactor
GCF_017307535.1_region004	GCF_017307535.1	thioamitides
GCF_017307535.1_region005	GCF_017307535.1	terpene
GCF_017307535.1_region006	GCF_017307535.1	thioamitides
GCF_017744655.1_region001	GCF_017744655.1	hserlactone
GCF_017744655.1_region002	GCF_017744655.1	betalactone
GCF_017744655.1_region003	GCF_017744655.1	terpene
GCF_017744655.1_region004	GCF_017744655.1	hserlactone
GCF_017744655.1_region005	GCF_017744655.1	hserlactone
GCF_018334155.1_region001	GCF_018334155.1	hserlactone
GCF_018334155.1_region002	GCF_018334155.1	betalactone
GCF_018334155.1_region003	GCF_018334155.1	terpene
GCF_018334155.1_region004	GCF_018334155.1	ectoine
GCF_018334155.1_region005	GCF_018334155.1	RiPP-like
GCF_018334155.1_region006	GCF_018334155.1	acyl_amino_acids
GCF_019504385.1_region001	GCF_019504385.1	hserlactone
GCF_019504385.1_region002	GCF_019504385.1	RiPP-like
GCF_019504385.1_region003	GCF_019504385.1	ectoine
GCF_019504385.1_region004	GCF_019504385.1	terpene
GCF_019504385.1_region005	GCF_019504385.1	T1PKS
GCF_019504385.1_region006	GCF_019504385.1	hserlactone
GCF_019504385.1_region007	GCF_019504385.1	hserlactone
GCF_021729885.1_region001	GCF_021729885.1	terpene
GCF_021729885.1_region002	GCF_021729885.1	hserlactone
GCF_021729885.1_region003	GCF_021729885.1	lassopeptide
GCF_021729885.1_region003	GCF_021729885.1	RRE-containing
GCF_021729885.1_region004	GCF_021729885.1	acyl_amino_acids
GCF_021729885.1_region005	GCF_021729885.1	terpene
GCF_021729885.1_region006	GCF_021729885.1	thioamitides
GCF_022429625.1_region001	GCF_022429625.1	RRE-containing
GCF_022429625.1_region001	GCF_022429625.1	lassopeptide
GCF_022429625.1_region002	GCF_022429625.1	hserlactone
GCF_022429625.1_region003	GCF_022429625.1	terpene
GCF_022429625.1_region004	GCF_022429625.1	betalactone
GCF_022429625.1_region005	GCF_022429625.1	hserlactone
GCF_024158985.1_region001	GCF_024158985.1	ectoine
GCF_024158985.1_region002	GCF_024158985.1	terpene
GCF_024158985.1_region003	GCF_024158985.1	T1PKS
GCF_024158985.1_region004	GCF_024158985.1	RiPP-like
GCF_024158985.1_region005	GCF_024158985.1	hserlactone
GCF_024158985.1_region006	GCF_024158985.1	hserlactone
GCF_024273195.1_region001	GCF_024273195.1	terpene
GCF_024273195.1_region002	GCF_024273195.1	acyl_amino_acids
GCF_024273195.1_region003	GCF_024273195.1	hydrogen-cyanide
GCF_024273195.1_region004	GCF_024273195.1	betalactone
GCF_024273195.1_region005	GCF_024273195.1	hserlactone
GCF_024273195.1_region006	GCF_024273195.1	ectoine
GCF_024273195.1_region007	GCF_024273195.1	hserlactone
GCF_024273195.1_region008	GCF_024273195.1	RiPP-like
GCF_024273205.1_region001	GCF_024273205.1	terpene
GCF_024273205.1_region002	GCF_024273205.1	hydrogen-cyanide
GCF_024273205.1_region003	GCF_024273205.1	acyl_amino_acids
GCF_024273205.1_region004	GCF_024273205.1	betalactone
GCF_024273205.1_region005	GCF_024273205.1	hserlactone
GCF_024273205.1_region006	GCF_024273205.1	RiPP-like
GCF_024273205.1_region007	GCF_024273205.1	hserlactone
GCF_024273205.1_region008	GCF_024273205.1	ectoine
GCF_024707105.1_region001	GCF_024707105.1	betalactone
GCF_024707105.1_region002	GCF_024707105.1	terpene
GCF_024707105.1_region003	GCF_024707105.1	hydrogen-cyanide
GCF_024707105.1_region004	GCF_024707105.1	hserlactone
GCF_024707105.1_region005	GCF_024707105.1	hserlactone
GCF_025452235.1_region001	GCF_025452235.1	redox-cofactor
GCF_025452235.1_region002	GCF_025452235.1	hserlactone
GCF_025452235.1_region003	GCF_025452235.1	betalactone
GCF_025452235.1_region004	GCF_025452235.1	terpene
GCF_025452235.1_region005	GCF_025452235.1	hserlactone
GCF_025809055.1_region001	GCF_025809055.1	terpene
GCF_025809055.1_region002	GCF_025809055.1	phosphonate
GCF_025809055.1_region003	GCF_025809055.1	betalactone
GCF_025809055.1_region004	GCF_025809055.1	hserlactone
GCF_025809055.1_region005	GCF_025809055.1	hserlactone
GCF_027214225.1_region001	GCF_027214225.1	hserlactone
GCF_027214225.1_region002	GCF_027214225.1	ectoine
GCF_027214225.1_region003	GCF_027214225.1	betalactone
GCF_027214225.1_region004	GCF_027214225.1	terpene
GCF_027214225.1_region005	GCF_027214225.1	hserlactone
GCF_027214225.1_region006	GCF_027214225.1	RiPP-like
GCF_027214225.1_region007	GCF_027214225.1	acyl_amino_acids
GCF_028290435.1_region001	GCF_028290435.1	betalactone
GCF_028290435.1_region002	GCF_028290435.1	hserlactone
GCF_028290435.1_region003	GCF_028290435.1	T3PKS
GCF_028290435.1_region004	GCF_028290435.1	hserlactone
GCF_028290435.1_region005	GCF_028290435.1	terpene
GCF_028290435.1_region006	GCF_028290435.1	hserlactone
GCF_028290625.1_region001	GCF_028290625.1	hserlactone
GCF_028290625.1_region002	GCF_028290625.1	betalactone
GCF_028290625.1_region003	GCF_028290625.1	hserlactone
GCF_028290625.1_region004	GCF_028290625.1	T3PKS
GCF_028290625.1_region005	GCF_028290625.1	terpene
GCF_028613635.1_region001	GCF_028613635.1	thioamitides
GCF_028613635.1_region002	GCF_028613635.1	terpene
GCF_028816435.1_region001	GCF_028816435.1	hserlactone
GCF_028816435.1_region002	GCF_028816435.1	acyl_amino_acids
GCF_028816435.1_region003	GCF_028816435.1	RiPP-like
GCF_028816435.1_region004	GCF_028816435.1	ectoine
GCF_028816435.1_region005	GCF_028816435.1	terpene
GCF_028816435.1_region006	GCF_028816435.1	betalactone
GCF_029201545.1_region001	GCF_029201545.1	hserlactone
GCF_029201545.1_region002	GCF_029201545.1	terpene
GCF_029201545.1_region003	GCF_029201545.1	terpene
GCF_029201545.1_region004	GCF_029201545.1	hserlactone
GCF_029201545.1_region005	GCF_029201545.1	hserlactone
GCF_029201565.1_region001	GCF_029201565.1	terpene
GCF_029201565.1_region002	GCF_029201565.1	terpene
GCF_029201565.1_region003	GCF_029201565.1	hserlactone
GCF_029201565.1_region004	GCF_029201565.1	hserlactone
GCF_030159855.1_region001	GCF_030159855.1	hserlactone
GCF_030159855.1_region002	GCF_030159855.1	betalactone
GCF_030159855.1_region003	GCF_030159855.1	terpene
GCF_030159855.1_region004	GCF_030159855.1	redox-cofactor
GCF_030160115.1_region001	GCF_030160115.1	hserlactone
GCF_030160115.1_region002	GCF_030160115.1	LAP
GCF_030160115.1_region003	GCF_030160115.1	acyl_amino_acids
GCF_030160115.1_region004	GCF_030160115.1	betalactone
GCF_030160115.1_region005	GCF_030160115.1	RiPP-like
GCF_030160115.1_region006	GCF_030160115.1	RiPP-like
GCF_030160115.1_region007	GCF_030160115.1	terpene
GCF_030177755.1_region001	GCF_030177755.1	hserlactone
GCF_030177755.1_region002	GCF_030177755.1	terpene
GCF_030177755.1_region003	GCF_030177755.1	ectoine
GCF_030177755.1_region004	GCF_030177755.1	acyl_amino_acids
GCF_030285925.1_region001	GCF_030285925.1	terpene
GCF_030285925.1_region002	GCF_030285925.1	betalactone
GCF_032907385.1_region001	GCF_032907385.1	betalactone
GCF_032907385.1_region002	GCF_032907385.1	terpene
GCF_032907385.1_region003	GCF_032907385.1	acyl_amino_acids
GCF_032907385.1_region004	GCF_032907385.1	thioamitides
GCF_032907385.1_region005	GCF_032907385.1	hserlactone
GCF_032907385.1_region006	GCF_032907385.1	hserlactone
GCF_036563435.1_region001	GCF_036563435.1	hserlactone
GCF_036563435.1_region002	GCF_036563435.1	hserlactone
GCF_036563435.1_region003	GCF_036563435.1	hserlactone
GCF_036563435.1_region003	GCF_036563435.1	RiPP-like
GCF_036563435.1_region004	GCF_036563435.1	terpene
GCF_036563435.1_region005	GCF_036563435.1	betalactone
GCF_037113415.1_region001	GCF_037113415.1	ectoine
GCF_037113415.1_region002	GCF_037113415.1	hserlactone
GCF_037113415.1_region003	GCF_037113415.1	RiPP-like
GCF_037113415.1_region004	GCF_037113415.1	terpene
GCF_037113415.1_region005	GCF_037113415.1	betalactone
GCF_037113415.1_region006	GCF_037113415.1	hserlactone
GCF_037113415.1_region006	GCF_037113415.1	thioamitides
GCF_040223715.1_region001	GCF_040223715.1	hserlactone
GCF_040223715.1_region002	GCF_040223715.1	hserlactone
GCF_040223715.1_region003	GCF_040223715.1	terpene
GCF_040223715.1_region004	GCF_040223715.1	ectoine
GCF_040223715.1_region005	GCF_040223715.1	hserlactone
GCF_040223715.1_region006	GCF_040223715.1	hserlactone
GCF_040223715.1_region007	GCF_040223715.1	hserlactone
GCF_040223715.1_region008	GCF_040223715.1	RiPP-like
GCF_040546795.1_region001	GCF_040546795.1	terpene
GCF_040546795.1_region002	GCF_040546795.1	T3PKS
GCF_040546795.1_region003	GCF_040546795.1	hserlactone
GCF_040546795.1_region004	GCF_040546795.1	betalactone
GCF_040546795.1_region005	GCF_040546795.1	hserlactone
GCF_040546795.1_region006	GCF_040546795.1	hserlactone
GCF_040546795.1_region007	GCF_040546795.1	T3PKS
GCF_040546795.1_region008	GCF_040546795.1	hserlactone
GCF_040546815.1_region001	GCF_040546815.1	hserlactone
GCF_040546815.1_region002	GCF_040546815.1	terpene
GCF_042181575.1_region001	GCF_042181575.1	hserlactone
GCF_042181575.1_region002	GCF_042181575.1	hserlactone
GCF_042181575.1_region003	GCF_042181575.1	hserlactone
GCF_042181575.1_region004	GCF_042181575.1	RRE-containing
GCF_042181575.1_region004	GCF_042181575.1	lassopeptide
GCF_042181575.1_region005	GCF_042181575.1	terpene
GCF_042181575.1_region006	GCF_042181575.1	ectoine
GCF_042181575.1_region007	GCF_042181575.1	RiPP-like
GCF_042181575.1_region008	GCF_042181575.1	hserlactone
GCF_042181575.1_region009	GCF_042181575.1	hserlactone
GCF_042431865.1_region001	GCF_042431865.1	betalactone
GCF_042431865.1_region002	GCF_042431865.1	LAP
GCF_042431865.1_region003	GCF_042431865.1	RiPP-like
GCF_042431865.1_region004	GCF_042431865.1	hserlactone
GCF_042431865.1_region005	GCF_042431865.1	acyl_amino_acids
GCF_042431865.1_region006	GCF_042431865.1	terpene
GCF_042431865.1_region007	GCF_042431865.1	RiPP-like
GCF_042648785.1_region001	GCF_042648785.1	terpene
GCF_042648785.1_region001	GCF_042648785.1	betalactone
GCF_042648785.1_region002	GCF_042648785.1	acyl_amino_acids
GCF_042648785.1_region003	GCF_042648785.1	hserlactone
GCF_042648785.1_region004	GCF_042648785.1	NRP-metallophore
GCF_042648785.1_region004	GCF_042648785.1	NRPS
GCF_042679405.1_region001	GCF_042679405.1	betalactone
GCF_042679405.1_region002	GCF_042679405.1	terpene
GCF_042679405.1_region003	GCF_042679405.1	thioamitides
GCF_042679405.1_region004	GCF_042679405.1	hserlactone
GCF_042685625.1_region001	GCF_042685625.1	terpene
GCF_042685625.1_region002	GCF_042685625.1	hydrogen-cyanide
GCF_042685625.1_region003	GCF_042685625.1	terpene
GCF_044987315.1_region001	GCF_044987315.1	betalactone
GCF_044987315.1_region002	GCF_044987315.1	terpene
GCF_044987315.1_region003	GCF_044987315.1	redox-cofactor
GCF_044987315.1_region004	GCF_044987315.1	hserlactone
GCF_046614475.1_region001	GCF_046614475.1	hserlactone
GCF_046614475.1_region002	GCF_046614475.1	terpene
GCF_046614475.1_region003	GCF_046614475.1	betalactone
GCF_046614475.1_region004	GCF_046614475.1	hserlactone
GCF_046614475.1_region005	GCF_046614475.1	hserlactone
GCF_048261455.1_region001	GCF_048261455.1	terpene
GCF_048261455.1_region002	GCF_048261455.1	hydrogen-cyanide
GCF_048261455.1_region003	GCF_048261455.1	thioamitides
GCF_048261455.1_region004	GCF_048261455.1	terpene
GCF_048261455.1_region005	GCF_048261455.1	betalactone
GCF_048261455.1_region006	GCF_048261455.1	RiPP-like
GCF_049354815.1_region001	GCF_049354815.1	terpene
GCF_049354815.1_region002	GCF_049354815.1	RiPP-like
GCF_049354815.1_region003	GCF_049354815.1	thioamitides
GCF_051302775.1_region001	GCF_051302775.1	hserlactone
GCF_051302775.1_region002	GCF_051302775.1	acyl_amino_acids
GCF_051302775.1_region003	GCF_051302775.1	ectoine
GCF_051302775.1_region004	GCF_051302775.1	RiPP-like
GCF_051302775.1_region005	GCF_051302775.1	terpene
GCF_051302775.1_region006	GCF_051302775.1	betalactone
GCF_051861085.1_region001	GCF_051861085.1	LAP
GCF_051861085.1_region002	GCF_051861085.1	terpene
GCF_051861085.1_region003	GCF_051861085.1	thioamitides
GCF_051861085.1_region004	GCF_051861085.1	redox-cofactor
GCF_051861085.1_region005	GCF_051861085.1	thioamitides
GCF_051861085.1_region006	GCF_051861085.1	RRE-containing
GCF_054482695.1_region001	GCF_054482695.1	hserlactone
GCF_054482695.1_region002	GCF_054482695.1	betalactone
GCF_054482695.1_region003	GCF_054482695.1	NRPS-like
GCF_054482695.1_region004	GCF_054482695.1	ectoine
GCF_054482695.1_region005	GCF_054482695.1	RiPP-like
GCF_054482695.1_region006	GCF_054482695.1	terpene
GCF_054482695.1_region007	GCF_054482695.1	hserlactone
GCF_054482695.1_region008	GCF_054482695.1	hserlactone
GCF_054489345.1_region001	GCF_054489345.1	betalactone
GCF_054489345.1_region002	GCF_054489345.1	NRPS-like
GCF_054489345.1_region002	GCF_054489345.1	T1PKS
GCF_054489345.1_region003	GCF_054489345.1	hserlactone
GCF_054489345.1_region004	GCF_054489345.1	hydrogen-cyanide
GCF_054489345.1_region005	GCF_054489345.1	terpene
GCF_054489345.1_region006	GCF_054489345.1	hserlactone
GCF_054605195.1_region001	GCF_054605195.1	thioamitides
GCF_054605195.1_region002	GCF_054605195.1	hserlactone
GCF_054605195.1_region003	GCF_054605195.1	RiPP-like
GCF_054605195.1_region004	GCF_054605195.1	terpene
GCF_054605195.1_region005	GCF_054605195.1	T1PKS
GCF_055397495.1_region001	GCF_055397495.1	hserlactone
GCF_055397495.1_region002	GCF_055397495.1	RRE-containing
GCF_055397495.1_region003	GCF_055397495.1	terpene
GCF_055397495.1_region004	GCF_055397495.1	betalactone
GCF_055633315.1_region001	GCF_055633315.1	RiPP-like
GCF_055633315.1_region002	GCF_055633315.1	T1PKS
GCF_055633315.1_region003	GCF_055633315.1	thioamitides
GCF_055633315.1_region004	GCF_055633315.1	hserlactone
GCF_055633315.1_region005	GCF_055633315.1	terpene
GCF_055808475.1_region001	GCF_055808475.1	acyl_amino_acids
GCF_055808475.1_region002	GCF_055808475.1	hserlactone
GCF_055808475.1_region003	GCF_055808475.1	betalactone
GCF_055808475.1_region004	GCF_055808475.1	terpene
GCF_055808475.1_region005	GCF_055808475.1	ectoine
GCF_055808475.1_region006	GCF_055808475.1	RiPP-like
GCF_055808595.1_region001	GCF_055808595.1	RiPP-like
GCF_055808595.1_region002	GCF_055808595.1	thioamitides
GCF_055808595.1_region003	GCF_055808595.1	RiPP-like
GCF_055808595.1_region004	GCF_055808595.1	betalactone
GCF_055808595.1_region005	GCF_055808595.1	terpene
GCF_056341075.1_region001	GCF_056341075.1	terpene
GCF_056341075.1_region002	GCF_056341075.1	hserlactone
GCF_056341075.1_region003	GCF_056341075.1	hserlactone
GCF_056341075.1_region004	GCF_056341075.1	hserlactone
GCF_056402875.1_region001	GCF_056402875.1	thioamitides
GCF_056402875.1_region002	GCF_056402875.1	T3PKS
GCF_056402875.1_region003	GCF_056402875.1	terpene
GCF_056403495.1_region001	GCF_056403495.1	thioamitides
GCF_056403495.1_region002	GCF_056403495.1	T3PKS
GCF_056403495.1_region003	GCF_056403495.1	terpene
GCF_056405135.1_region001	GCF_056405135.1	terpene
GCF_056405135.1_region002	GCF_056405135.1	thioamitides
GCF_056405135.1_region003	GCF_056405135.1	T3PKS
GCF_057657195.1_region001	GCF_057657195.1	RRE-containing
GCF_057657195.1_region002	GCF_057657195.1	thioamitides
GCF_057657195.1_region003	GCF_057657195.1	redox-cofactor
GCF_057657195.1_region004	GCF_057657195.1	terpene
GCF_057657195.1_region005	GCF_057657195.1	thioamitides
GCF_058133495.1_region001	GCF_058133495.1	lassopeptide
GCF_058133495.1_region001	GCF_058133495.1	RRE-containing
GCF_058133495.1_region002	GCF_058133495.1	acyl_amino_acids
GCF_058133495.1_region003	GCF_058133495.1	terpene
GCF_058133495.1_region004	GCF_058133495.1	hserlactone
GCF_058133495.1_region005	GCF_058133495.1	terpene
GCF_058133665.1_region001	GCF_058133665.1	terpene
GCF_058133665.1_region002	GCF_058133665.1	hserlactone
GCF_058133665.1_region003	GCF_058133665.1	acyl_amino_acids
GCF_058133665.1_region004	GCF_058133665.1	terpene
GCF_058133665.1_region005	GCF_058133665.1	lassopeptide
GCF_058133665.1_region005	GCF_058133665.1	RRE-containing
GCF_059070485.1_region001	GCF_059070485.1	hserlactone
GCF_059070485.1_region002	GCF_059070485.1	betalactone
GCF_059070485.1_region003	GCF_059070485.1	terpene
GCF_059070485.1_region004	GCF_059070485.1	hserlactone
GCF_059724365.1_region001	GCF_059724365.1	hserlactone
GCF_059724365.1_region002	GCF_059724365.1	hserlactone
GCF_059724365.1_region003	GCF_059724365.1	betalactone
GCF_059724365.1_region004	GCF_059724365.1	terpene
GCF_059724365.1_region005	GCF_059724365.1	ectoine
GCF_059724365.1_region006	GCF_059724365.1	RiPP-like
GCF_059724365.1_region007	GCF_059724365.1	hserlactone
GCF_059726835.1_region001	GCF_059726835.1	hserlactone
GCF_059726835.1_region002	GCF_059726835.1	RiPP-like
GCF_059726835.1_region003	GCF_059726835.1	hydrogen-cyanide
GCF_059726835.1_region004	GCF_059726835.1	ectoine
GCF_059726835.1_region005	GCF_059726835.1	terpene
GCF_059726835.1_region006	GCF_059726835.1	betalactone
GCF_059726835.1_region007	GCF_059726835.1	hserlactone
GCF_060038265.1_region001	GCF_060038265.1	NRPS-like
GCF_060038265.1_region001	GCF_060038265.1	T1PKS
GCF_060038265.1_region002	GCF_060038265.1	terpene
GCF_060038265.1_region003	GCF_060038265.1	betalactone
GCF_060038265.1_region004	GCF_060038265.1	ectoine
GCF_060038265.1_region005	GCF_060038265.1	hserlactone
GCF_900110945.1_region001	GCF_900110945.1	betalactone
GCF_900110945.1_region002	GCF_900110945.1	hserlactone
GCF_900110945.1_region003	GCF_900110945.1	terpene
GCF_900112505.1_region001	GCF_900112505.1	hserlactone
GCF_900112505.1_region002	GCF_900112505.1	T3PKS
GCF_900112505.1_region003	GCF_900112505.1	T3PKS
GCF_900112505.1_region004	GCF_900112505.1	hserlactone
GCF_900112505.1_region005	GCF_900112505.1	hserlactone
GCF_900112505.1_region006	GCF_900112505.1	terpene
GCF_900112505.1_region007	GCF_900112505.1	betalactone
GCF_900112505.1_region008	GCF_900112505.1	T3PKS
GCF_900116545.1_region001	GCF_900116545.1	hserlactone
GCF_900116545.1_region002	GCF_900116545.1	terpene
GCF_900116545.1_region003	GCF_900116545.1	ectoine
GCF_900116545.1_region004	GCF_900116545.1	hserlactone
GCF_900116545.1_region005	GCF_900116545.1	betalactone
GCF_900116545.1_region006	GCF_900116545.1	terpene
GCF_900128975.1_region001	GCF_900128975.1	betalactone
GCF_900128975.1_region002	GCF_900128975.1	acyl_amino_acids
GCF_900128975.1_region002	GCF_900128975.1	hserlactone
GCF_900128975.1_region003	GCF_900128975.1	hserlactone
GCF_900128975.1_region004	GCF_900128975.1	terpene
GCF_900128975.1_region005	GCF_900128975.1	NRPS-like
GCF_900128975.1_region006	GCF_900128975.1	NRPS-like
GCF_900128975.1_region006	GCF_900128975.1	T1PKS
GCF_900128975.1_region007	GCF_900128975.1	hydrogen-cyanide
GCF_900128975.1_region008	GCF_900128975.1	ectoine
GCF_900128975.1_region009	GCF_900128975.1	hserlactone
GCF_900177655.1_region001	GCF_900177655.1	lanthipeptide-class-ii
GCF_900177655.1_region002	GCF_900177655.1	hserlactone
GCF_900177655.1_region003	GCF_900177655.1	NRPS-like
GCF_900177655.1_region004	GCF_900177655.1	ectoine
GCF_900177655.1_region005	GCF_900177655.1	terpene
GCF_900177655.1_region006	GCF_900177655.1	terpene
GCF_900177655.1_region007	GCF_900177655.1	betalactone
GCF_900177655.1_region008	GCF_900177655.1	hserlactone
GCF_900631955.1_region001	GCF_900631955.1	hserlactone
GCF_900631955.1_region002	GCF_900631955.1	thioamitides
GCF_900631955.1_region003	GCF_900631955.1	betalactone
GCF_900631955.1_region004	GCF_900631955.1	terpene
GCF_964252795.1_region001	GCF_964252795.1	RRE-containing
GCF_964252795.1_region002	GCF_964252795.1	T3PKS
GCF_964252795.1_region003	GCF_964252795.1	thioamitides
GCF_964252795.1_region004	GCF_964252795.1	terpene
GCF_964252795.1_region005	GCF_964252795.1	redox-cofactor
GCF_964252795.1_region006	GCF_964252795.1	thiopeptide
GCF_964252795.1_region006	GCF_964252795.1	thioamitides
GCF_964252865.1_region001	GCF_964252865.1	hserlactone
GCF_964252865.1_region002	GCF_964252865.1	betalactone
GCF_964252865.1_region003	GCF_964252865.1	terpene
GCF_964252865.1_region004	GCF_964252865.1	hserlactone
GCF_965229025.1_region001	GCF_965229025.1	thioamitides
GCF_965229025.1_region002	GCF_965229025.1	T3PKS
GCF_965229025.1_region003	GCF_965229025.1	terpene
GCF_965229025.1_region004	GCF_965229025.1	thioamitides
GCF_977014175.1_region001	GCF_977014175.1	hserlactone
GCF_977014175.1_region002	GCF_977014175.1	hserlactone
GCF_977014175.1_region003	GCF_977014175.1	betalactone
GCF_977014175.1_region004	GCF_977014175.1	terpene
GCF_977186645.1_region001	GCF_977186645.1	betalactone
GCF_977186645.1_region002	GCF_977186645.1	terpene
GCF_977186645.1_region003	GCF_977186645.1	ectoine
GCF_977186645.1_region004	GCF_977186645.1	RiPP-like
GCF_977243345.1_region001	GCF_977243345.1	RiPP-like
GCF_977243345.1_region002	GCF_977243345.1	terpene
GCF_977243345.1_region003	GCF_977243345.1	betalactone
GCF_977243345.1_region004	GCF_977243345.1	acyl_amino_acids
GCF_977243345.1_region005	GCF_977243345.1	ectoine
GCF_977256975.1_region001	GCF_977256975.1	acyl_amino_acids
GCF_977256975.1_region002	GCF_977256975.1	ectoine
GCF_977256975.1_region003	GCF_977256975.1	betalactone
GCF_977256975.1_region004	GCF_977256975.1	RiPP-like
GCF_977256975.1_region005	GCF_977256975.1	terpene
