bgc_id	genome_accession	contig_id	region_number	start	end	length	product_classes	n_products	is_hybrid	contig_edge	n_candidate_clusters	n_asdomains
GCA_041916695.1_region001	GCA_041916695.1	JAYRZA010000001.1	1	211339	233192	21853	thioamitides	1	False	False	1	0
GCA_041916695.1_region002	GCA_041916695.1	JAYRZA010000005.1	2	13537	46039	32502	betalactone	1	False	False	1	0
GCA_041916695.1_region003	GCA_041916695.1	JAYRZA010000008.1	3	86441	97515	11074	RiPP-like	1	False	False	1	0
GCA_041916695.1_region004	GCA_041916695.1	JAYRZA010000008.1	4	106187	129773	23586	terpene	1	False	False	1	0
GCA_041916695.1_region005	GCA_041916695.1	JAYRZA010000008.1	5	132911	153184	20273	RRE-containing	1	False	False	1	0
GCA_041916695.1_region006	GCA_041916695.1	JAYRZA010000010.1	6	72990	93410	20420	RRE-containing	1	False	False	1	0
GCA_041916695.1_region007	GCA_041916695.1	JAYRZA010000014.1	7	18445	39105	20660	hserlactone	1	False	False	1	0
GCA_041916695.1_region008	GCA_041916695.1	JAYRZA010000023.1	8	60937	77015	16078	thioamitides;thiopeptide	2	True	False	1	0
GCA_041916695.1_region009	GCA_041916695.1	JAYRZA010000027.1	9	11117	21978	10861	RiPP-like	1	False	False	1	0
GCA_041916695.1_region010	GCA_041916695.1	JAYRZA010000039.1	10	32535	45178	12643	RRE-containing	1	False	False	1	0
GCA_041916695.1_region011	GCA_041916695.1	JAYRZA010000040.1	11	0	16826	16826	terpene	1	False	True	1	0
GCA_041916695.1_region012	GCA_041916695.1	JAYRZA010000049.1	12	6134	19381	13247	hserlactone	1	False	False	1	0
GCA_943372435.1_region001	GCA_943372435.1	CALRYQ010000001.1	1	344324	365167	20843	terpene	1	False	False	1	0
GCA_943372435.1_region002	GCA_943372435.1	CALRYQ010000002.1	2	385159	414694	29535	betalactone	1	False	False	1	0
GCA_943372435.1_region003	GCA_943372435.1	CALRYQ010000004.1	3	284655	345444	60789	acyl_amino_acids	1	False	False	1	0
GCA_943372435.1_region004	GCA_943372435.1	CALRYQ010000005.1	4	63447	84098	20651	hserlactone	1	False	False	1	0
GCA_977190485.1_region001	GCA_977190485.1	CDSMMG010000002.1	1	7240	38095	30855	betalactone	1	False	False	1	0
GCA_977190485.1_region002	GCA_977190485.1	CDSMMG010000006.1	2	80481	141273	60792	acyl_amino_acids	1	False	False	1	0
GCA_977190485.1_region003	GCA_977190485.1	CDSMMG010000019.1	3	12281	22674	10393	ectoine	1	False	False	1	0
GCA_977190485.1_region004	GCA_977190485.1	CDSMMG010000021.1	4	44297	65143	20846	terpene	1	False	False	1	0
GCA_977190485.1_region005	GCA_977190485.1	CDSMMG010000034.1	5	21034	28554	7520	RiPP-like	1	False	False	1	0
GCA_977202345.1_region001	GCA_977202345.1	CDSOGA010000001.1	1	333451	343844	10393	ectoine	1	False	False	1	0
GCA_977202345.1_region002	GCA_977202345.1	CDSOGA010000002.1	2	213677	274460	60783	acyl_amino_acids	1	False	False	1	0
GCA_977202345.1_region003	GCA_977202345.1	CDSOGA010000003.1	3	150789	181644	30855	betalactone	1	False	False	1	0
GCA_977202345.1_region004	GCA_977202345.1	CDSOGA010000007.1	4	281921	289441	7520	RiPP-like	1	False	False	1	0
GCA_977202345.1_region005	GCA_977202345.1	CDSOGA010000009.1	5	54913	75759	20846	terpene	1	False	False	1	0
GCA_977206845.1_region001	GCA_977206845.1	CDSOXF010000001.1	1	291577	301970	10393	ectoine	1	False	False	1	0
GCA_977206845.1_region002	GCA_977206845.1	CDSOXF010000002.1	2	311672	372455	60783	acyl_amino_acids	1	False	False	1	0
GCA_977206845.1_region003	GCA_977206845.1	CDSOXF010000003.1	3	150772	181627	30855	betalactone	1	False	False	1	0
GCA_977206845.1_region004	GCA_977206845.1	CDSOXF010000006.1	4	0	7520	7520	RiPP-like	1	False	True	1	0
GCA_977206845.1_region005	GCA_977206845.1	CDSOXF010000009.1	5	100809	121655	20846	terpene	1	False	False	1	0
GCA_977242165.1_region001	GCA_977242165.1	CDSUDB010000001.1	1	425364	486147	60783	acyl_amino_acids	1	False	False	1	0
GCA_977242165.1_region002	GCA_977242165.1	CDSUDB010000002.1	2	291577	301970	10393	ectoine	1	False	False	1	0
GCA_977242165.1_region003	GCA_977242165.1	CDSUDB010000004.1	3	150770	181625	30855	betalactone	1	False	False	1	0
GCA_977242165.1_region004	GCA_977242165.1	CDSUDB010000007.1	4	281906	289426	7520	RiPP-like	1	False	False	1	0
GCA_977242165.1_region005	GCA_977242165.1	CDSUDB010000008.1	5	212280	232736	20456	hserlactone	1	False	False	1	0
GCA_977242165.1_region006	GCA_977242165.1	CDSUDB010000009.1	6	100809	121655	20846	terpene	1	False	False	1	0
GCA_977254065.1_region001	GCA_977254065.1	CDSVWT010000001.1	1	333451	343844	10393	ectoine	1	False	False	1	0
GCA_977254065.1_region002	GCA_977254065.1	CDSVWT010000003.1	2	150826	181681	30855	betalactone	1	False	False	1	0
GCA_977254065.1_region003	GCA_977254065.1	CDSVWT010000005.1	3	281921	289441	7520	RiPP-like	1	False	False	1	0
GCA_977254065.1_region004	GCA_977254065.1	CDSVWT010000007.1	4	34176	94959	60783	acyl_amino_acids	1	False	False	1	0
GCA_977254065.1_region005	GCA_977254065.1	CDSVWT010000010.1	5	54913	75759	20846	terpene	1	False	False	1	0
GCF_000735585.1_region001	GCF_000735585.1	NZ_JNNO01000008.1	1	101072	115033	13961	terpene	1	False	False	1	0
GCF_000735585.1_region002	GCF_000735585.1	NZ_JNNO01000016.1	2	7349	29606	22257	redox-cofactor	1	False	False	1	0
GCF_000735585.1_region003	GCF_000735585.1	NZ_JNNO01000023.1	3	116389	148083	31694	betalactone	1	False	False	1	0
GCF_000735585.1_region004	GCF_000735585.1	NZ_JNNO01000034.1	4	213003	236561	23558	RiPP-like;hydrogen-cyanide	2	True	False	3	0
GCF_000735585.1_region005	GCF_000735585.1	NZ_JNNO01000044.1	5	29188	49644	20456	hserlactone	1	False	False	1	0
GCF_000743575.1_region001	GCF_000743575.1	NZ_JQGC01000003.1	1	56287	76971	20684	hserlactone	1	False	False	1	0
GCF_000743575.1_region002	GCF_000743575.1	NZ_JQGC01000006.1	2	24886	45486	20600	hserlactone	1	False	False	1	0
GCF_000743575.1_region003	GCF_000743575.1	NZ_JQGC01000010.1	3	36958	57804	20846	terpene	1	False	False	1	0
GCF_000743575.1_region004	GCF_000743575.1	NZ_JQGC01000019.1	4	73272	93731	20459	hserlactone	1	False	False	1	0
GCF_000743575.1_region005	GCF_000743575.1	NZ_JQGC01000025.1	5	23921	43406	19485	hserlactone	1	False	False	1	0
GCF_000743575.1_region006	GCF_000743575.1	NZ_JQGC01000033.1	6	0	28888	28888	betalactone	1	False	True	1	0
GCF_000743575.1_region007	GCF_000743575.1	NZ_JQGC01000048.1	7	8516	20614	12098	hserlactone	1	False	False	1	0
GCF_000969445.1_region001	GCF_000969445.1	NZ_JZEY01000054.1	1	1158684	1179305	20621	hserlactone	1	False	False	1	0
GCF_000969445.1_region002	GCF_000969445.1	NZ_JZEY01000054.1	2	1201623	1222469	20846	terpene	1	False	False	1	0
GCF_000969445.1_region003	GCF_000969445.1	NZ_JZEY01000054.1	3	1855223	1887841	32618	betalactone	1	False	False	1	0
GCF_000969445.1_region004	GCF_000969445.1	NZ_JZEY01000061.1	4	266691	277084	10393	ectoine	1	False	False	1	0
GCF_000969445.1_region005	GCF_000969445.1	NZ_JZEY01000061.1	5	298624	319089	20465	hserlactone	1	False	False	1	0
GCF_000970435.1_region001	GCF_000970435.1	NZ_LAJF01000101.1	1	58438	120923	62485	T1PKS;NRPS-like	2	True	False	3	0
GCF_000970435.1_region002	GCF_000970435.1	NZ_LAJF01000036.1	2	117829	138267	20438	hserlactone	1	False	False	1	0
GCF_000970435.1_region003	GCF_000970435.1	NZ_LAJF01000040.1	3	20297	40915	20618	hserlactone	1	False	False	1	0
GCF_000970435.1_region004	GCF_000970435.1	NZ_LAJF01000054.1	4	0	23487	23487	acyl_amino_acids;hserlactone	2	True	True	1	0
GCF_000970435.1_region005	GCF_000970435.1	NZ_LAJF01000062.1	5	76934	109151	32217	betalactone	1	False	False	1	0
GCF_000970435.1_region006	GCF_000970435.1	NZ_LAJF01000076.1	6	36732	47125	10393	ectoine	1	False	False	1	0
GCF_000970435.1_region007	GCF_000970435.1	NZ_LAJF01000076.1	7	105942	118785	12843	hydrogen-cyanide	1	False	False	1	0
GCF_000970435.1_region008	GCF_000970435.1	NZ_LAJF01000089.1	8	127216	148062	20846	terpene	1	False	False	1	0
GCF_000970435.1_region009	GCF_000970435.1	NZ_LAJF01000091.1	9	115036	157487	42451	NRPS-like	1	False	False	1	0
GCF_000970455.1_region001	GCF_000970455.1	NZ_LAJG01000014.1	1	80525	101371	20846	terpene	1	False	False	1	0
GCF_000970455.1_region002	GCF_000970455.1	NZ_LAJG01000014.1	2	278710	309362	30652	betalactone	1	False	False	1	0
GCF_000970455.1_region003	GCF_000970455.1	NZ_LAJG01000014.1	3	751404	773271	21867	thioamitides	1	False	False	1	0
GCF_000970455.1_region004	GCF_000970455.1	NZ_LAJG01000022.1	4	26966	50555	23589	terpene	1	False	False	1	0
GCF_000970455.1_region005	GCF_000970455.1	NZ_LAJG01000048.1	5	268989	289448	20459	hserlactone	1	False	False	1	0
GCF_000971295.1_region001	GCF_000971295.1	NZ_LANJ01000011.1	1	287183	308029	20846	terpene	1	False	False	1	0
GCF_000971295.1_region002	GCF_000971295.1	NZ_LANJ01000004.1	2	67715	88228	20513	hserlactone	1	False	False	1	0
GCF_000971295.1_region003	GCF_000971295.1	NZ_LANJ01000045.1	3	76162	107479	31317	betalactone	1	False	False	1	0
GCF_001402915.1_region001	GCF_001402915.1	NZ_CP012945.1	1	1182416	1204227	21811	thioamitides	1	False	False	1	0
GCF_001402915.1_region002	GCF_001402915.1	NZ_CP012945.1	2	1424638	1446925	22287	redox-cofactor	1	False	False	1	0
GCF_001402915.1_region003	GCF_001402915.1	NZ_CP012945.1	3	3286188	3306458	20270	RRE-containing	1	False	False	1	0
GCF_001402915.1_region004	GCF_001402915.1	NZ_CP012945.1	4	4284736	4305576	20840	terpene	1	False	False	1	0
GCF_001402915.1_region005	GCF_001402915.1	NZ_CP012945.1	5	4826730	4848616	21886	thioamitides	1	False	False	1	0
GCF_001421945.1_region001	GCF_001421945.1	NZ_LMLO01000002.1	1	340056	360743	20687	hserlactone	1	False	False	1	0
GCF_001421945.1_region002	GCF_001421945.1	NZ_LMLO01000012.1	2	461317	481818	20501	hserlactone	1	False	False	1	0
GCF_001421945.1_region003	GCF_001421945.1	NZ_LMLO01000012.1	3	545928	567715	21787	thioamitides	1	False	False	1	0
GCF_001421945.1_region004	GCF_001421945.1	NZ_LMLO01000018.1	4	54772	75618	20846	terpene	1	False	False	1	0
GCF_001421945.1_region005	GCF_001421945.1	NZ_LMLO01000019.1	5	111328	172105	60777	acyl_amino_acids	1	False	False	1	0
GCF_001421945.1_region006	GCF_001421945.1	NZ_LMLO01000024.1	6	530082	556199	26117	betalactone	1	False	False	1	0
GCF_001424865.1_region001	GCF_001424865.1	NZ_LMCR01000015.1	1	1888	22728	20840	terpene	1	False	False	1	0
GCF_001424865.1_region002	GCF_001424865.1	NZ_LMCR01000016.1	2	302624	324513	21889	thioamitides	1	False	False	1	0
GCF_001424865.1_region003	GCF_001424865.1	NZ_LMCR01000017.1	3	67930	90217	22287	redox-cofactor	1	False	False	1	0
GCF_001424865.1_region004	GCF_001424865.1	NZ_LMCR01000017.1	4	339545	364912	25367	thiopeptide;thioamitides	2	True	False	1	0
GCF_001424865.1_region005	GCF_001424865.1	NZ_LMCR01000019.1	5	487657	528740	41083	T3PKS	1	False	False	1	0
GCF_001424865.1_region006	GCF_001424865.1	NZ_LMCR01000021.1	6	200513	220783	20270	RRE-containing	1	False	False	1	0
GCF_001425235.1_region001	GCF_001425235.1	NZ_LMEA01000010.1	1	91590	113877	22287	redox-cofactor	1	False	False	1	0
GCF_001425235.1_region002	GCF_001425235.1	NZ_LMEA01000010.1	2	364021	389388	25367	thiopeptide;thioamitides	2	True	False	1	0
GCF_001425235.1_region003	GCF_001425235.1	NZ_LMEA01000011.1	3	80660	102549	21889	thioamitides	1	False	False	1	0
GCF_001425235.1_region004	GCF_001425235.1	NZ_LMEA01000011.1	4	263121	283961	20840	terpene	1	False	False	1	0
GCF_001425235.1_region005	GCF_001425235.1	NZ_LMEA01000012.1	5	279378	299648	20270	RRE-containing	1	False	False	1	0
GCF_001425235.1_region006	GCF_001425235.1	NZ_LMEA01000012.1	6	479410	520493	41083	T3PKS	1	False	False	1	0
GCF_001425445.1_region001	GCF_001425445.1	NZ_LMQU01000003.1	1	55078	75924	20846	terpene	1	False	False	1	0
GCF_001425445.1_region002	GCF_001425445.1	NZ_LMQU01000010.1	2	387401	448178	60777	acyl_amino_acids	1	False	False	1	0
GCF_001425445.1_region003	GCF_001425445.1	NZ_LMQU01000011.1	3	117478	137979	20501	hserlactone	1	False	False	1	0
GCF_001425445.1_region004	GCF_001425445.1	NZ_LMQU01000011.1	4	215834	237621	21787	thioamitides	1	False	False	1	0
GCF_001425445.1_region005	GCF_001425445.1	NZ_LMQU01000013.1	5	152153	183475	31322	betalactone	1	False	False	1	0
GCF_001425445.1_region006	GCF_001425445.1	NZ_LMQU01000014.1	6	147756	168404	20648	hserlactone	1	False	False	1	0
GCF_001426345.1_region001	GCF_001426345.1	NZ_LMEM01000001.1	1	521788	542631	20843	terpene	1	False	False	1	0
GCF_001426345.1_region002	GCF_001426345.1	NZ_LMEM01000009.1	2	70681	102202	31521	betalactone	1	False	False	1	0
GCF_001426345.1_region003	GCF_001426345.1	NZ_LMEM01000010.1	3	328684	349437	20753	hserlactone	1	False	False	1	0
GCF_001426345.1_region004	GCF_001426345.1	NZ_LMEM01000013.1	4	127145	147799	20654	hserlactone	1	False	False	1	0
GCF_001426345.1_region005	GCF_001426345.1	NZ_LMEM01000015.1	5	30834	43523	12689	hydrogen-cyanide	1	False	False	1	0
GCF_001427605.1_region001	GCF_001427605.1	NZ_LMGZ01000004.1	1	53495	66184	12689	hydrogen-cyanide	1	False	False	1	0
GCF_001427605.1_region002	GCF_001427605.1	NZ_LMGZ01000018.1	2	43272	74643	31371	betalactone	1	False	False	1	0
GCF_001427605.1_region003	GCF_001427605.1	NZ_LMGZ01000019.1	3	333209	353965	20756	hserlactone	1	False	False	1	0
GCF_001427605.1_region004	GCF_001427605.1	NZ_LMGZ01000021.1	4	184720	205563	20843	terpene	1	False	False	1	0
GCF_001427605.1_region005	GCF_001427605.1	NZ_LMGZ01000022.1	5	233734	254388	20654	hserlactone	1	False	False	1	0
GCF_001427605.1_region006	GCF_001427605.1	NZ_LMGZ01000023.1	6	7687	28143	20456	hserlactone	1	False	False	1	0
GCF_001427875.1_region001	GCF_001427875.1	NZ_LMHK01000001.1	1	276286	307635	31349	betalactone	1	False	False	1	0
GCF_001427875.1_region002	GCF_001427875.1	NZ_LMHK01000001.1	2	480720	501566	20846	terpene	1	False	False	1	0
GCF_001427875.1_region003	GCF_001427875.1	NZ_LMHK01000002.1	3	963747	984206	20459	hserlactone	1	False	False	1	0
GCF_001427875.1_region004	GCF_001427875.1	NZ_LMHK01000003.1	4	411946	432591	20645	hserlactone	1	False	False	1	0
GCF_001650025.1_region001	GCF_001650025.1	NZ_LVVY01000070.1	1	3512	24355	20843	terpene	1	False	False	1	0
GCF_001650025.1_region002	GCF_001650025.1	NZ_LVVY01000098.1	2	0	20309	20309	hserlactone	1	False	True	1	0
GCF_001899045.1_region001	GCF_001899045.1	NZ_MKUY01000003.1	1	303164	324004	20840	terpene	1	False	False	1	0
GCF_001899045.1_region002	GCF_001899045.1	NZ_MKUY01000003.1	2	586435	618857	32422	betalactone	1	False	False	1	0
GCF_001899045.1_region003	GCF_001899045.1	NZ_MKUY01000004.1	3	185669	206128	20459	hserlactone	1	False	False	1	0
GCF_001899045.1_region004	GCF_001899045.1	NZ_MKUY01000005.1	4	538239	560119	21880	thioamitides	1	False	False	1	0
GCF_001899065.1_region001	GCF_001899065.1	NZ_MKUZ01000008.1	1	150735	171572	20837	terpene	1	False	False	1	0
GCF_001899065.1_region002	GCF_001899065.1	NZ_MKUZ01000013.1	2	97617	118079	20462	hserlactone	1	False	False	1	0
GCF_001899065.1_region003	GCF_001899065.1	NZ_MKUZ01000030.1	3	167304	189256	21952	thioamitides	1	False	False	1	0
GCF_001899075.1_region001	GCF_001899075.1	NZ_MKVA01000002.1	1	39594	60344	20750	hserlactone	1	False	False	1	0
GCF_001899075.1_region002	GCF_001899075.1	NZ_MKVA01000003.1	2	206341	219218	12877	hydrogen-cyanide	1	False	False	1	0
GCF_001899075.1_region003	GCF_001899075.1	NZ_MKVA01000003.1	3	334934	355600	20666	hserlactone	1	False	False	1	0
GCF_001899075.1_region004	GCF_001899075.1	NZ_MKVA01000005.1	4	393147	425393	32246	betalactone	1	False	False	1	0
GCF_001899075.1_region005	GCF_001899075.1	NZ_MKVA01000005.1	5	610230	631070	20840	terpene	1	False	False	1	0
GCF_001899075.1_region006	GCF_001899075.1	NZ_MKVA01000006.1	6	171329	184148	12819	hydrogen-cyanide	1	False	False	1	0
GCF_001899085.1_region001	GCF_001899085.1	NZ_MKVB01000001.1	1	15827	36667	20840	terpene	1	False	False	1	0
GCF_001899085.1_region002	GCF_001899085.1	NZ_MKVB01000001.1	2	549507	571393	21886	thioamitides	1	False	False	1	0
GCF_001899085.1_region003	GCF_001899085.1	NZ_MKVB01000002.1	3	75433	97720	22287	redox-cofactor	1	False	False	1	0
GCF_001899085.1_region004	GCF_001899085.1	NZ_MKVB01000002.1	4	340157	361968	21811	thioamitides	1	False	False	1	0
GCF_001899085.1_region005	GCF_001899085.1	NZ_MKVB01000003.1	5	105519	129139	23620	LAP	1	False	False	1	0
GCF_001899085.1_region006	GCF_001899085.1	NZ_MKVB01000006.1	6	1105086	1125356	20270	RRE-containing	1	False	False	1	0
GCF_002949085.1_region001	GCF_002949085.1	NZ_CP026747.1	1	910125	920983	10858	RiPP-like	1	False	False	1	0
GCF_002949085.1_region002	GCF_002949085.1	NZ_CP026747.1	2	1096093	1116744	20651	hserlactone	1	False	False	1	0
GCF_002949085.1_region003	GCF_002949085.1	NZ_CP026747.1	3	1898742	1919489	20747	hserlactone	1	False	False	1	0
GCF_002949085.1_region004	GCF_002949085.1	NZ_CP026747.1	4	3076148	3107146	30998	betalactone	1	False	False	1	0
GCF_002949085.1_region005	GCF_002949085.1	NZ_CP026747.1	5	3769090	3789936	20846	terpene	1	False	False	1	0
GCF_002949085.1_region006	GCF_002949085.1	NZ_CP026747.1	6	3970279	3980672	10393	ectoine	1	False	False	1	0
GCF_003056345.1_region001	GCF_003056345.1	NZ_PYWB01000001.1	1	66920	126677	59757	NRPS-like;T1PKS	2	True	False	3	0
GCF_003056345.1_region002	GCF_003056345.1	NZ_PYWB01000014.1	2	41858	62704	20846	terpene	1	False	False	1	0
GCF_003056345.1_region003	GCF_003056345.1	NZ_PYWB01000002.1	3	358147	381748	23601	terpene	1	False	False	1	0
GCF_003056345.1_region004	GCF_003056345.1	NZ_PYWB01000003.1	4	226883	257483	30600	betalactone	1	False	False	1	0
GCF_003056345.1_region005	GCF_003056345.1	NZ_PYWB01000008.1	5	15512	35968	20456	hserlactone	1	False	False	1	0
GCF_003056355.1_region001	GCF_003056355.1	NZ_PYVW01000001.1	1	422682	444978	22296	redox-cofactor	1	False	False	1	0
GCF_003056355.1_region002	GCF_003056355.1	NZ_PYVW01000012.1	2	26556	47312	20756	hserlactone	1	False	False	1	0
GCF_003056355.1_region003	GCF_003056355.1	NZ_PYVW01000018.1	3	33318	65232	31914	betalactone	1	False	False	1	0
GCF_003056355.1_region004	GCF_003056355.1	NZ_PYVW01000002.1	4	157753	178515	20762	hserlactone	1	False	False	1	0
GCF_003056355.1_region005	GCF_003056355.1	NZ_PYVW01000009.1	5	44556	65402	20846	terpene	1	False	False	1	0
GCF_003056405.1_region001	GCF_003056405.1	NZ_PYVZ01000001.1	1	0	14655	14655	hserlactone	1	False	True	1	0
GCF_003056405.1_region002	GCF_003056405.1	NZ_PYVZ01000013.1	2	115472	126330	10858	RiPP-like	1	False	False	1	0
GCF_003056405.1_region003	GCF_003056405.1	NZ_PYVZ01000019.1	3	0	26524	26524	betalactone	1	False	True	1	0
GCF_003056405.1_region004	GCF_003056405.1	NZ_PYVZ01000006.1	4	110793	131639	20846	terpene	1	False	False	1	0
GCF_003056405.1_region005	GCF_003056405.1	NZ_PYVZ01000007.1	5	66128	76521	10393	ectoine	1	False	False	1	0
GCF_003056405.1_region006	GCF_003056405.1	NZ_PYVZ01000009.1	6	13175	33922	20747	hserlactone	1	False	False	1	0
GCF_004005995.1_region001	GCF_004005995.1	NZ_CP034767.1	1	557793	580394	22601	RRE-containing;lassopeptide	2	True	False	1	0
GCF_004005995.1_region002	GCF_004005995.1	NZ_CP034767.1	2	1172753	1193617	20864	terpene	1	False	False	1	0
GCF_004005995.1_region003	GCF_004005995.1	NZ_CP034767.1	3	2688608	2709118	20510	hserlactone	1	False	False	1	0
GCF_004005995.1_region004	GCF_004005995.1	NZ_CP034767.1	4	2859400	2883133	23733	terpene	1	False	False	1	0
GCF_004005995.1_region005	GCF_004005995.1	NZ_CP034767.1	5	3657800	3718568	60768	acyl_amino_acids	1	False	False	1	0
GCF_004005995.1_region006	GCF_004005995.1	NZ_CP034767.1	6	3800032	3812948	12916	hydrogen-cyanide	1	False	False	1	0
GCF_005222805.1_region001	GCF_005222805.1	NZ_STGC01000005.1	1	42411	53281	10870	RiPP-like	1	False	False	1	0
GCF_005222805.1_region002	GCF_005222805.1	NZ_STGC01000005.1	2	421941	462994	41053	T3PKS	1	False	False	1	0
GCF_005222805.1_region003	GCF_005222805.1	NZ_STGC01000005.1	3	1009838	1030684	20846	terpene	1	False	False	1	0
GCF_005222805.1_region004	GCF_005222805.1	NZ_STGC01000005.1	4	1805731	1836626	30895	betalactone	1	False	False	1	0
GCF_005222805.1_region005	GCF_005222805.1	NZ_STGC01000005.1	5	2120937	2131807	10870	RiPP-like	1	False	False	1	0
GCF_005222805.1_region006	GCF_005222805.1	NZ_STGC01000005.1	6	2472524	2492980	20456	hserlactone	1	False	False	1	0
GCF_005222805.1_region007	GCF_005222805.1	NZ_STGC01000002.1	7	723815	744568	20753	hserlactone	1	False	False	1	0
GCF_007859655.1_region001	GCF_007859655.1	NZ_CP042304.1	1	534875	547555	12680	hydrogen-cyanide	1	False	False	1	0
GCF_007859655.1_region002	GCF_007859655.1	NZ_CP042304.1	2	920369	941212	20843	terpene	1	False	False	1	0
GCF_007859655.1_region003	GCF_007859655.1	NZ_CP042304.1	3	1767004	1800266	33262	betalactone	1	False	False	1	0
GCF_007859655.1_region004	GCF_007859655.1	NZ_CP042304.1	4	2337414	2357873	20459	hserlactone	1	False	False	1	0
GCF_007859655.1_region005	GCF_007859655.1	NZ_CP042304.1	5	3851472	3894913	43441	T1PKS	1	False	False	1	0
GCF_007859655.1_region006	GCF_007859655.1	NZ_CP042304.1	6	4355838	4376492	20654	hserlactone	1	False	False	1	0
GCF_009758415.1_region001	GCF_009758415.1	NZ_WQRF01000010.1	1	39799	50657	10858	RiPP-like	1	False	False	1	0
GCF_009758415.1_region002	GCF_009758415.1	NZ_WQRF01000001.1	2	6760	17630	10870	RiPP-like	1	False	False	1	0
GCF_009758415.1_region003	GCF_009758415.1	NZ_WQRF01000001.1	3	412304	422697	10393	ectoine	1	False	False	1	0
GCF_009758415.1_region004	GCF_009758415.1	NZ_WQRF01000001.1	4	670082	690928	20846	terpene	1	False	False	1	0
GCF_009758415.1_region005	GCF_009758415.1	NZ_WQRF01000001.1	5	1310005	1340014	30009	betalactone	1	False	False	1	0
GCF_009758415.1_region006	GCF_009758415.1	NZ_WQRF01000002.1	6	540245	560992	20747	hserlactone	1	False	False	1	0
GCF_009758415.1_region007	GCF_009758415.1	NZ_WQRF01000003.1	7	385532	405991	20459	hserlactone	1	False	False	1	0
GCF_009758415.1_region008	GCF_009758415.1	NZ_WQRF01000004.1	8	0	14663	14663	hserlactone	1	False	True	1	0
GCF_012847305.1_region001	GCF_012847305.1	NZ_JABBDZ010000019.1	1	34610	55030	20420	RRE-containing	1	False	False	1	0
GCF_012847305.1_region002	GCF_012847305.1	NZ_JABBDZ010000001.1	2	506901	527747	20846	terpene	1	False	False	1	0
GCF_012847305.1_region003	GCF_012847305.1	NZ_JABBDZ010000002.1	3	7889	28309	20420	RRE-containing	1	False	False	1	0
GCF_012847305.1_region004	GCF_012847305.1	NZ_JABBDZ010000002.1	4	311580	332330	20750	hserlactone	1	False	False	1	0
GCF_012847305.1_region005	GCF_012847305.1	NZ_JABBDZ010000004.1	5	100993	111986	10993	RiPP-like	1	False	False	1	0
GCF_012847305.1_region006	GCF_012847305.1	NZ_JABBDZ010000005.1	6	132218	163335	31117	betalactone	1	False	False	1	0
GCF_012847305.1_region007	GCF_012847305.1	NZ_JABBDZ010000006.1	7	84655	105111	20456	hserlactone	1	False	False	1	0
GCF_013185955.1_region001	GCF_013185955.1	NZ_JABAOM010000001.1	1	621516	642380	20864	terpene	1	False	False	1	0
GCF_013185955.1_region002	GCF_013185955.1	NZ_JABAOM010000002.1	2	679982	700444	20462	hserlactone	1	False	False	1	0
GCF_013185955.1_region003	GCF_013185955.1	NZ_JABAOM010000002.1	3	850622	874217	23595	terpene	1	False	False	1	0
GCF_013185955.1_region004	GCF_013185955.1	NZ_JABAOM010000003.1	4	161038	221806	60768	acyl_amino_acids	1	False	False	1	0
GCF_013185955.1_region005	GCF_013185955.1	NZ_JABAOM010000005.1	5	410002	432603	22601	RRE-containing;lassopeptide	2	True	False	1	0
GCF_013185965.1_region001	GCF_013185965.1	NZ_JABAOL010000001.1	1	0	40339	40339	acyl_amino_acids	1	False	True	1	0
GCF_013185965.1_region002	GCF_013185965.1	NZ_JABAOL010000001.1	2	1080647	1103248	22601	RRE-containing;lassopeptide	2	True	False	1	0
GCF_013185965.1_region003	GCF_013185965.1	NZ_JABAOL010000001.1	3	1748483	1769347	20864	terpene	1	False	False	1	0
GCF_013185965.1_region004	GCF_013185965.1	NZ_JABAOL010000001.1	4	3148882	3169362	20480	hserlactone	1	False	False	1	0
GCF_013185965.1_region005	GCF_013185965.1	NZ_JABAOL010000001.1	5	3319595	3343190	23595	terpene	1	False	False	1	0
GCF_014127105.1_region001	GCF_014127105.1	NZ_CP059902.1	1	63740	84160	20420	RRE-containing	1	False	False	1	0
GCF_014127105.1_region002	GCF_014127105.1	NZ_CP059902.1	2	1417867	1438713	20846	terpene	1	False	False	1	0
GCF_014127105.1_region003	GCF_014127105.1	NZ_CP059902.1	3	2389517	2420645	31128	betalactone	1	False	False	1	0
GCF_014127105.1_region004	GCF_014127105.1	NZ_CP059902.1	4	3008609	3029065	20456	hserlactone	1	False	False	1	0
GCF_014127105.1_region005	GCF_014127105.1	NZ_CP059902.1	5	3535904	3556654	20750	hserlactone	1	False	False	1	0
GCF_014197055.1_region001	GCF_014197055.1	NZ_JACIEW010000001.1	1	300909	321755	20846	terpene	1	False	False	1	0
GCF_014197055.1_region002	GCF_014197055.1	NZ_JACIEW010000001.1	2	480976	491369	10393	ectoine	1	False	False	1	0
GCF_014197055.1_region003	GCF_014197055.1	NZ_JACIEW010000005.1	3	236006	256384	20378	hserlactone	1	False	False	1	0
GCF_014197055.1_region004	GCF_014197055.1	NZ_JACIEW010000006.1	4	0	14152	14152	hserlactone	1	False	True	1	0
GCF_014197055.1_region005	GCF_014197055.1	NZ_JACIEW010000009.1	5	16334	64593	48259	T1PKS	1	False	False	1	0
GCF_014197055.1_region006	GCF_014197055.1	NZ_JACIEW010000012.1	6	45582	56440	10858	RiPP-like	1	False	False	1	0
GCF_014652635.1_region001	GCF_014652635.1	NZ_BMZE01000001.1	1	178890	199739	20849	terpene	1	False	False	1	0
GCF_014652635.1_region002	GCF_014652635.1	NZ_BMZE01000001.1	2	996555	1007425	10870	RiPP-like	1	False	False	1	0
GCF_014652635.1_region003	GCF_014652635.1	NZ_BMZE01000002.1	3	554556	575309	20753	hserlactone	1	False	False	1	0
GCF_014652635.1_region004	GCF_014652635.1	NZ_BMZE01000002.1	4	824555	865734	41179	T3PKS	1	False	False	1	0
GCF_014652635.1_region005	GCF_014652635.1	NZ_BMZE01000004.1	5	280744	291149	10405	ectoine	1	False	False	1	0
GCF_014837245.1_region001	GCF_014837245.1	NZ_JACYFU010000001.1	1	382988	414919	31931	betalactone	1	False	False	1	0
GCF_014837245.1_region002	GCF_014837245.1	NZ_JACYFU010000001.1	2	1015650	1036496	20846	terpene	1	False	False	1	0
GCF_014837245.1_region003	GCF_014837245.1	NZ_JACYFU010000003.1	3	436196	480294	44098	T3PKS;hserlactone	2	True	False	3	0
GCF_014837245.1_region004	GCF_014837245.1	NZ_JACYFU010000004.1	4	262785	273178	10393	ectoine	1	False	False	1	0
GCF_014837245.1_region005	GCF_014837245.1	NZ_JACYFU010000004.1	5	291148	311607	20459	hserlactone	1	False	False	1	0
GCF_014860165.1_region001	GCF_014860165.1	NZ_JACZKG010000062.1	1	92209	113055	20846	terpene	1	False	False	1	0
GCF_014860165.1_region002	GCF_014860165.1	NZ_JACZKG010000072.1	2	148211	159081	10870	RiPP-like	1	False	False	1	0
GCF_014860165.1_region003	GCF_014860165.1	NZ_JACZKG010000082.1	3	10791	31313	20522	hserlactone	1	False	False	1	0
GCF_014860165.1_region004	GCF_014860165.1	NZ_JACZKG010000015.1	4	110568	123287	12719	hydrogen-cyanide	1	False	False	1	0
GCF_014860165.1_region005	GCF_014860165.1	NZ_JACZKG010000037.1	5	10992	42203	31211	betalactone	1	False	False	1	0
GCF_014860165.1_region006	GCF_014860165.1	NZ_JACZKG010000038.1	6	34825	45526	10701	hserlactone	1	False	False	1	0
GCF_014860165.1_region007	GCF_014860165.1	NZ_JACZKG010000046.1	7	45189	65831	20642	hserlactone	1	False	False	1	0
GCF_014926585.1_region001	GCF_014926585.1	NZ_CP045422.1	1	307087	320048	12961	hydrogen-cyanide	1	False	False	1	0
GCF_014926585.1_region002	GCF_014926585.1	NZ_CP045422.1	2	1292867	1303737	10870	RiPP-like	1	False	False	1	0
GCF_014926585.1_region003	GCF_014926585.1	NZ_CP045422.1	3	2441836	2501126	59290	hserlactone;T3PKS	2	True	False	3	0
GCF_014926585.1_region004	GCF_014926585.1	NZ_CP045422.1	4	3088560	3119930	31370	betalactone	1	False	False	1	0
GCF_014926585.1_region005	GCF_014926585.1	NZ_CP045422.1	5	3333854	3344247	10393	ectoine	1	False	False	1	0
GCF_014926585.1_region006	GCF_014926585.1	NZ_CP045422.1	6	3392789	3433857	41068	T3PKS	1	False	False	1	0
GCF_014926585.1_region007	GCF_014926585.1	NZ_CP045422.1	7	3742604	3763450	20846	terpene	1	False	False	1	0
GCF_015158295.1_region001	GCF_015158295.1	NZ_JACDXV010000001.1	1	285026	305869	20843	terpene	1	False	False	1	0
GCF_015158295.1_region002	GCF_015158295.1	NZ_JACDXV010000002.1	2	81050	141812	60762	acyl_amino_acids	1	False	False	1	0
GCF_015158295.1_region003	GCF_015158295.1	NZ_JACDXV010000002.1	3	293923	345198	51275	T1PKS;NRPS-like	2	True	False	3	0
GCF_015158295.1_region004	GCF_015158295.1	NZ_JACDXV010000002.1	4	625790	646249	20459	hserlactone	1	False	False	1	0
GCF_015158295.1_region005	GCF_015158295.1	NZ_JACDXV010000007.1	5	138225	158870	20645	hserlactone	1	False	False	1	0
GCF_015234425.1_region001	GCF_015234425.1	NZ_JADGNE010000014.1	1	0	12188	12188	terpene	1	False	True	1	0
GCF_015234425.1_region002	GCF_015234425.1	NZ_JADGNE010000026.1	2	4231	24690	20459	hserlactone	1	False	False	1	0
GCF_015234425.1_region003	GCF_015234425.1	NZ_JADGNE010000033.1	3	44551	65760	21209	RRE-containing	1	False	False	1	0
GCF_015234425.1_region004	GCF_015234425.1	NZ_JADGNE010000044.1	4	123232	146821	23589	terpene	1	False	False	1	0
GCF_016411825.1_region001	GCF_016411825.1	NZ_JAEKMH010000002.1	1	1101584	1122430	20846	terpene	1	False	False	1	0
GCF_016411825.1_region002	GCF_016411825.1	NZ_JAEKMH010000003.1	2	533715	546602	12887	hserlactone	1	False	False	1	0
GCF_016411825.1_region003	GCF_016411825.1	NZ_JAEKMH010000004.1	3	351347	372100	20753	hserlactone	1	False	False	1	0
GCF_016457235.1_region001	GCF_016457235.1	NZ_JAEMEB010000015.1	1	77229	97979	20750	hserlactone	1	False	False	1	0
GCF_016457235.1_region002	GCF_016457235.1	NZ_JAEMEB010000016.1	2	6704	27160	20456	hserlactone	1	False	False	1	0
GCF_016457235.1_region003	GCF_016457235.1	NZ_JAEMEB010000003.1	3	87968	119096	31128	betalactone	1	False	False	1	0
GCF_016457235.1_region004	GCF_016457235.1	NZ_JAEMEB010000004.1	4	211737	232583	20846	terpene	1	False	False	1	0
GCF_016457235.1_region005	GCF_016457235.1	NZ_JAEMEB010000005.1	5	210064	230484	20420	RRE-containing	1	False	False	1	0
GCF_016461625.1_region001	GCF_016461625.1	NZ_JAEMNZ010000001.1	1	383154	404000	20846	terpene	1	False	False	1	0
GCF_016461625.1_region002	GCF_016461625.1	NZ_JAEMNZ010000020.1	2	0	11814	11814	hserlactone	1	False	True	1	0
GCF_016461625.1_region003	GCF_016461625.1	NZ_JAEMNZ010000002.1	3	233542	264660	31118	betalactone	1	False	False	1	0
GCF_016461625.1_region004	GCF_016461625.1	NZ_JAEMNZ010000003.1	4	293876	314296	20420	RRE-containing	1	False	False	1	0
GCF_016461625.1_region005	GCF_016461625.1	NZ_JAEMNZ010000007.1	5	25642	46098	20456	hserlactone	1	False	False	1	0
GCF_016595685.1_region001	GCF_016595685.1	NZ_JAENGO010000001.1	1	867877	898995	31118	betalactone	1	False	False	1	0
GCF_016595685.1_region002	GCF_016595685.1	NZ_JAENGO010000004.1	2	195426	215882	20456	hserlactone	1	False	False	1	0
GCF_016595685.1_region003	GCF_016595685.1	NZ_JAENGO010000005.1	3	4304	25054	20750	hserlactone	1	False	False	1	0
GCF_016595685.1_region004	GCF_016595685.1	NZ_JAENGO010000005.1	4	315514	335934	20420	RRE-containing	1	False	False	1	0
GCF_016595685.1_region005	GCF_016595685.1	NZ_JAENGO010000007.1	5	169229	190075	20846	terpene	1	False	False	1	0
GCF_016698645.1_region001	GCF_016698645.1	NZ_CP068047.1	1	1246684	1267140	20456	hserlactone	1	False	False	1	0
GCF_016698645.1_region002	GCF_016698645.1	NZ_CP068047.1	2	1871306	1903662	32356	betalactone	1	False	False	1	0
GCF_016698645.1_region003	GCF_016698645.1	NZ_CP068047.1	3	2534983	2555829	20846	terpene	1	False	False	1	0
GCF_016698665.1_region001	GCF_016698665.1	NZ_CP068046.1	1	204102	224561	20459	hserlactone	1	False	False	1	0
GCF_016698665.1_region002	GCF_016698665.1	NZ_CP068046.1	2	844746	876907	32161	betalactone	1	False	False	1	0
GCF_016698665.1_region003	GCF_016698665.1	NZ_CP068046.1	3	1481117	1501963	20846	terpene	1	False	False	1	0
GCF_016698665.1_region004	GCF_016698665.1	NZ_CP068046.1	4	2600781	2624370	23589	terpene	1	False	False	1	0
GCF_016698665.1_region005	GCF_016698665.1	NZ_CP068046.1	5	3209909	3230656	20747	hserlactone	1	False	False	1	0
GCF_017307475.1_region001	GCF_017307475.1	NZ_JAFKHC010000005.1	1	206424	219301	12877	hydrogen-cyanide	1	False	False	1	0
GCF_017307475.1_region002	GCF_017307475.1	NZ_JAFKHC010000005.1	2	335017	355683	20666	hserlactone	1	False	False	1	0
GCF_017307475.1_region003	GCF_017307475.1	NZ_JAFKHC010000003.1	3	350666	382912	32246	betalactone	1	False	False	1	0
GCF_017307475.1_region004	GCF_017307475.1	NZ_JAFKHC010000003.1	4	567749	588589	20840	terpene	1	False	False	1	0
GCF_017307475.1_region005	GCF_017307475.1	NZ_JAFKHC010000009.1	5	195545	208364	12819	hydrogen-cyanide	1	False	False	1	0
GCF_017307475.1_region006	GCF_017307475.1	NZ_JAFKHC010000010.1	6	39835	60585	20750	hserlactone	1	False	False	1	0
GCF_017307495.1_region001	GCF_017307495.1	NZ_JAFKHE010000027.1	1	43799	66089	22290	redox-cofactor	1	False	False	1	0
GCF_017307495.1_region002	GCF_017307495.1	NZ_JAFKHE010000031.1	2	5550	27451	21901	thioamitides	1	False	False	1	0
GCF_017307495.1_region003	GCF_017307495.1	NZ_JAFKHE010000012.1	3	507405	536101	28696	betalactone	1	False	False	1	0
GCF_017307495.1_region004	GCF_017307495.1	NZ_JAFKHE010000017.1	4	46390	67239	20849	terpene	1	False	False	1	0
GCF_017307535.1_region001	GCF_017307535.1	NZ_JAFKHA010000008.1	1	1106749	1127019	20270	RRE-containing	1	False	False	1	0
GCF_017307535.1_region002	GCF_017307535.1	NZ_JAFKHA010000010.1	2	507782	531402	23620	LAP	1	False	False	1	0
GCF_017307535.1_region003	GCF_017307535.1	NZ_JAFKHA010000012.1	3	75598	97885	22287	redox-cofactor	1	False	False	1	0
GCF_017307535.1_region004	GCF_017307535.1	NZ_JAFKHA010000012.1	4	340375	362186	21811	thioamitides	1	False	False	1	0
GCF_017307535.1_region005	GCF_017307535.1	NZ_JAFKHA010000009.1	5	107501	128341	20840	terpene	1	False	False	1	0
GCF_017307535.1_region006	GCF_017307535.1	NZ_JAFKHA010000009.1	6	641762	663648	21886	thioamitides	1	False	False	1	0
GCF_017744655.1_region001	GCF_017744655.1	NZ_JAGIAW010000012.1	1	55864	76602	20738	hserlactone	1	False	False	1	0
GCF_017744655.1_region002	GCF_017744655.1	NZ_JAGIAW010000001.1	2	558438	590263	31825	betalactone	1	False	False	1	0
GCF_017744655.1_region003	GCF_017744655.1	NZ_JAGIAW010000001.1	3	772144	792987	20843	terpene	1	False	False	1	0
GCF_017744655.1_region004	GCF_017744655.1	NZ_JAGIAW010000007.1	4	24102	44561	20459	hserlactone	1	False	False	1	0
GCF_017744655.1_region005	GCF_017744655.1	NZ_JAGIAW010000008.1	5	91072	111717	20645	hserlactone	1	False	False	1	0
GCF_018334155.1_region001	GCF_018334155.1	NZ_JAGXTP010000001.1	1	223322	243778	20456	hserlactone	1	False	False	1	0
GCF_018334155.1_region002	GCF_018334155.1	NZ_JAGXTP010000001.1	2	832553	863409	30856	betalactone	1	False	False	1	0
GCF_018334155.1_region003	GCF_018334155.1	NZ_JAGXTP010000001.1	3	1692382	1713228	20846	terpene	1	False	False	1	0
GCF_018334155.1_region004	GCF_018334155.1	NZ_JAGXTP010000001.1	4	2350722	2361115	10393	ectoine	1	False	False	1	0
GCF_018334155.1_region005	GCF_018334155.1	NZ_JAGXTP010000002.1	5	449032	456624	7592	RiPP-like	1	False	False	1	0
GCF_018334155.1_region006	GCF_018334155.1	NZ_JAGXTP010000003.1	6	265171	325954	60783	acyl_amino_acids	1	False	False	1	0
GCF_019504385.1_region001	GCF_019504385.1	NZ_CP080590.1	1	263087	283741	20654	hserlactone	1	False	False	1	0
GCF_019504385.1_region002	GCF_019504385.1	NZ_CP080590.1	2	461524	472382	10858	RiPP-like	1	False	False	1	0
GCF_019504385.1_region003	GCF_019504385.1	NZ_CP080590.1	3	900346	910739	10393	ectoine	1	False	False	1	0
GCF_019504385.1_region004	GCF_019504385.1	NZ_CP080590.1	4	1457061	1477907	20846	terpene	1	False	False	1	0
GCF_019504385.1_region005	GCF_019504385.1	NZ_CP080590.1	5	3213176	3261372	48196	T1PKS	1	False	False	1	0
GCF_019504385.1_region006	GCF_019504385.1	NZ_CP080590.1	6	3357028	3377487	20459	hserlactone	1	False	False	1	0
GCF_019504385.1_region007	GCF_019504385.1	NZ_CP080590.1	7	4007508	4028252	20744	hserlactone	1	False	False	1	0
GCF_021729885.1_region001	GCF_021729885.1	NZ_CP063401.1	1	277059	297905	20846	terpene	1	False	False	1	0
GCF_021729885.1_region002	GCF_021729885.1	NZ_CP063401.1	2	1679036	1699492	20456	hserlactone	1	False	False	1	0
GCF_021729885.1_region003	GCF_021729885.1	NZ_CP063401.1	3	1932300	1954910	22610	lassopeptide;RRE-containing	2	True	False	3	0
GCF_021729885.1_region004	GCF_021729885.1	NZ_CP063401.1	4	2522483	2583260	60777	acyl_amino_acids	1	False	False	1	0
GCF_021729885.1_region005	GCF_021729885.1	NZ_CP063401.1	5	2927071	2950672	23601	terpene	1	False	False	1	0
GCF_021729885.1_region006	GCF_021729885.1	NZ_CP063401.1	6	3420767	3442638	21871	thioamitides	1	False	False	1	0
GCF_022429625.1_region001	GCF_022429625.1	NZ_CP092483.1	1	554197	576804	22607	RRE-containing;lassopeptide	2	True	False	1	0
GCF_022429625.1_region002	GCF_022429625.1	NZ_CP092483.1	2	727943	748564	20621	hserlactone	1	False	False	1	0
GCF_022429625.1_region003	GCF_022429625.1	NZ_CP092483.1	3	1776964	1797810	20846	terpene	1	False	False	1	0
GCF_022429625.1_region004	GCF_022429625.1	NZ_CP092483.1	4	2654136	2686518	32382	betalactone	1	False	False	1	0
GCF_022429625.1_region005	GCF_022429625.1	NZ_CP092483.1	5	3284825	3305260	20435	hserlactone	1	False	False	1	0
GCF_024158985.1_region001	GCF_024158985.1	NZ_JAMYXP010000001.1	1	453838	464231	10393	ectoine	1	False	False	1	0
GCF_024158985.1_region002	GCF_024158985.1	NZ_JAMYXP010000001.1	2	623380	644226	20846	terpene	1	False	False	1	0
GCF_024158985.1_region003	GCF_024158985.1	NZ_JAMYXP010000013.1	3	16213	64472	48259	T1PKS	1	False	False	1	0
GCF_024158985.1_region004	GCF_024158985.1	NZ_JAMYXP010000014.1	4	6379	17237	10858	RiPP-like	1	False	False	1	0
GCF_024158985.1_region005	GCF_024158985.1	NZ_JAMYXP010000004.1	5	235956	256334	20378	hserlactone	1	False	False	1	0
GCF_024158985.1_region006	GCF_024158985.1	NZ_JAMYXP010000006.1	6	0	14102	14102	hserlactone	1	False	True	1	0
GCF_024273195.1_region001	GCF_024273195.1	NZ_JAMZCU010000001.1	1	252660	273503	20843	terpene	1	False	False	1	0
GCF_024273195.1_region002	GCF_024273195.1	NZ_JAMZCU010000002.1	2	168914	229700	60786	acyl_amino_acids	1	False	False	1	0
GCF_024273195.1_region003	GCF_024273195.1	NZ_JAMZCU010000002.1	3	567588	580346	12758	hydrogen-cyanide	1	False	False	1	0
GCF_024273195.1_region004	GCF_024273195.1	NZ_JAMZCU010000003.1	4	139901	171719	31818	betalactone	1	False	False	1	0
GCF_024273195.1_region005	GCF_024273195.1	NZ_JAMZCU010000005.1	5	116008	136467	20459	hserlactone	1	False	False	1	0
GCF_024273195.1_region006	GCF_024273195.1	NZ_JAMZCU010000006.1	6	220257	230650	10393	ectoine	1	False	False	1	0
GCF_024273195.1_region007	GCF_024273195.1	NZ_JAMZCU010000007.1	7	799	21459	20660	hserlactone	1	False	True	1	0
GCF_024273195.1_region008	GCF_024273195.1	NZ_JAMZCU010000008.1	8	0	10126	10126	RiPP-like	1	False	True	1	0
GCF_024273205.1_region001	GCF_024273205.1	NZ_JAMWDU010000001.1	1	526355	547198	20843	terpene	1	False	False	1	0
GCF_024273205.1_region002	GCF_024273205.1	NZ_JAMWDU010000002.1	2	186778	199536	12758	hydrogen-cyanide	1	False	False	1	0
GCF_024273205.1_region003	GCF_024273205.1	NZ_JAMWDU010000002.1	3	537362	598148	60786	acyl_amino_acids	1	False	False	1	0
GCF_024273205.1_region004	GCF_024273205.1	NZ_JAMWDU010000003.1	4	139957	171775	31818	betalactone	1	False	False	1	0
GCF_024273205.1_region005	GCF_024273205.1	NZ_JAMWDU010000005.1	5	116023	136482	20459	hserlactone	1	False	False	1	0
GCF_024273205.1_region006	GCF_024273205.1	NZ_JAMWDU010000006.1	6	218042	228900	10858	RiPP-like	1	False	False	1	0
GCF_024273205.1_region007	GCF_024273205.1	NZ_JAMWDU010000007.1	7	855	21515	20660	hserlactone	1	False	True	1	0
GCF_024273205.1_region008	GCF_024273205.1	NZ_JAMWDU010000009.1	8	43284	53677	10393	ectoine	1	False	False	1	0
GCF_024707105.1_region001	GCF_024707105.1	NZ_JANQAJ010000013.1	1	246354	278226	31872	betalactone	1	False	False	1	0
GCF_024707105.1_region002	GCF_024707105.1	NZ_JANQAJ010000011.1	2	424968	445811	20843	terpene	1	False	False	1	0
GCF_024707105.1_region003	GCF_024707105.1	NZ_JANQAJ010000011.1	3	774365	787052	12687	hydrogen-cyanide	1	False	False	1	0
GCF_024707105.1_region004	GCF_024707105.1	NZ_JANQAJ010000005.1	4	314162	334816	20654	hserlactone	1	False	False	1	0
GCF_024707105.1_region005	GCF_024707105.1	NZ_JANQAJ010000006.1	5	1035905	1056529	20624	hserlactone	1	False	False	1	0
GCF_025452235.1_region001	GCF_025452235.1	NZ_CP104965.1	1	1948720	1970977	22257	redox-cofactor	1	False	False	1	0
GCF_025452235.1_region002	GCF_025452235.1	NZ_CP104965.1	2	2115343	2135799	20456	hserlactone	1	False	False	1	0
GCF_025452235.1_region003	GCF_025452235.1	NZ_CP104965.1	3	2781270	2812941	31671	betalactone	1	False	False	1	0
GCF_025452235.1_region004	GCF_025452235.1	NZ_CP104965.1	4	3669677	3690520	20843	terpene	1	False	False	1	0
GCF_025452235.1_region005	GCF_025452235.1	NZ_CP104964.1	5	480398	501058	20660	hserlactone	1	False	False	1	0
GCF_025809055.1_region001	GCF_025809055.1	NZ_CP075529.1	1	463898	484747	20849	terpene	1	False	False	1	0
GCF_025809055.1_region002	GCF_025809055.1	NZ_CP075529.1	2	855611	892195	36584	phosphonate	1	False	False	1	0
GCF_025809055.1_region003	GCF_025809055.1	NZ_CP075529.1	3	1149058	1181569	32511	betalactone	1	False	False	1	0
GCF_025809055.1_region004	GCF_025809055.1	NZ_CP075529.1	4	1919791	1940250	20459	hserlactone	1	False	False	1	0
GCF_025809055.1_region005	GCF_025809055.1	NZ_CP075529.1	5	3128536	3149184	20648	hserlactone	1	False	False	1	0
GCF_027214225.1_region001	GCF_027214225.1	NZ_JAPWHK010000012.1	1	89566	110184	20618	hserlactone	1	False	False	1	0
GCF_027214225.1_region002	GCF_027214225.1	NZ_JAPWHK010000001.1	2	333491	343884	10393	ectoine	1	False	False	1	0
GCF_027214225.1_region003	GCF_027214225.1	NZ_JAPWHK010000003.1	3	290086	320941	30855	betalactone	1	False	False	1	0
GCF_027214225.1_region004	GCF_027214225.1	NZ_JAPWHK010000004.1	4	321037	341883	20846	terpene	1	False	False	1	0
GCF_027214225.1_region005	GCF_027214225.1	NZ_JAPWHK010000005.1	5	240748	261204	20456	hserlactone	1	False	False	1	0
GCF_027214225.1_region006	GCF_027214225.1	NZ_JAPWHK010000006.1	6	273961	281503	7542	RiPP-like	1	False	False	1	0
GCF_027214225.1_region007	GCF_027214225.1	NZ_JAPWHK010000008.1	7	34012	94795	60783	acyl_amino_acids	1	False	False	1	0
GCF_028290435.1_region001	GCF_028290435.1	NZ_JAQGJV010000082.1	1	63902	96746	32844	betalactone	1	False	False	1	0
GCF_028290435.1_region002	GCF_028290435.1	NZ_JAQGJV010000048.1	2	0	11139	11139	hserlactone	1	False	True	1	0
GCF_028290435.1_region003	GCF_028290435.1	NZ_JAQGJV010000042.1	3	8884	49970	41086	T3PKS	1	False	False	1	0
GCF_028290435.1_region004	GCF_028290435.1	NZ_JAQGJV010000024.1	4	60113	80554	20441	hserlactone	1	False	False	1	0
GCF_028290435.1_region005	GCF_028290435.1	NZ_JAQGJV010000003.1	5	67284	88127	20843	terpene	1	False	False	1	0
GCF_028290435.1_region006	GCF_028290435.1	NZ_JAQGJV010000035.1	6	0	16178	16178	hserlactone	1	False	True	1	0
GCF_028290625.1_region001	GCF_028290625.1	NZ_JAQGJM010000040.1	1	0	11189	11189	hserlactone	1	False	True	1	0
GCF_028290625.1_region002	GCF_028290625.1	NZ_JAQGJM010000009.1	2	126461	158668	32207	betalactone	1	False	False	1	0
GCF_028290625.1_region003	GCF_028290625.1	NZ_JAQGJM010000015.1	3	17904	34614	16710	hserlactone	1	False	False	1	0
GCF_028290625.1_region004	GCF_028290625.1	NZ_JAQGJM010000022.1	4	89452	130538	41086	T3PKS	1	False	False	1	0
GCF_028290625.1_region005	GCF_028290625.1	NZ_JAQGJM010000021.1	5	114390	135233	20843	terpene	1	False	False	1	0
GCF_028613635.1_region001	GCF_028613635.1	NZ_JAQRMY010000003.1	1	264947	286758	21811	thioamitides	1	False	False	1	0
GCF_028613635.1_region002	GCF_028613635.1	NZ_JAQRMY010000004.1	2	366271	387108	20837	terpene	1	False	False	1	0
GCF_028816435.1_region001	GCF_028816435.1	NZ_CP118245.1	1	376897	397353	20456	hserlactone	1	False	False	1	0
GCF_028816435.1_region002	GCF_028816435.1	NZ_CP118245.1	2	890657	951440	60783	acyl_amino_acids	1	False	False	1	0
GCF_028816435.1_region003	GCF_028816435.1	NZ_CP118245.1	3	1686089	1696953	10864	RiPP-like	1	False	False	1	0
GCF_028816435.1_region004	GCF_028816435.1	NZ_CP118245.1	4	2047009	2057402	10393	ectoine	1	False	False	1	0
GCF_028816435.1_region005	GCF_028816435.1	NZ_CP118245.1	5	2736744	2757590	20846	terpene	1	False	False	1	0
GCF_028816435.1_region006	GCF_028816435.1	NZ_CP118245.1	6	3566071	3596925	30854	betalactone	1	False	False	1	0
GCF_029201545.1_region001	GCF_029201545.1	NZ_CP104007.1	1	209918	230674	20756	hserlactone	1	False	False	1	0
GCF_029201545.1_region002	GCF_029201545.1	NZ_CP104007.1	2	1425067	1448623	23556	terpene	1	False	False	1	0
GCF_029201545.1_region003	GCF_029201545.1	NZ_CP104007.1	3	1987665	2008511	20846	terpene	1	False	False	1	0
GCF_029201545.1_region004	GCF_029201545.1	NZ_CP104007.1	4	3621526	3641985	20459	hserlactone	1	False	False	1	0
GCF_029201545.1_region005	GCF_029201545.1	NZ_CP104007.1	5	3974024	3994675	20651	hserlactone	1	False	False	1	0
GCF_029201565.1_region001	GCF_029201565.1	NZ_CP104002.1	1	1477068	1500657	23589	terpene	1	False	False	1	0
GCF_029201565.1_region002	GCF_029201565.1	NZ_CP104002.1	2	2081510	2102356	20846	terpene	1	False	False	1	0
GCF_029201565.1_region003	GCF_029201565.1	NZ_CP104002.1	3	3680386	3700845	20459	hserlactone	1	False	False	1	0
GCF_029201565.1_region004	GCF_029201565.1	NZ_CP104002.1	4	3992801	4013452	20651	hserlactone	1	False	False	1	0
GCF_030159855.1_region001	GCF_030159855.1	NZ_BSNG01000001.1	1	169531	189987	20456	hserlactone	1	False	False	1	0
GCF_030159855.1_region002	GCF_030159855.1	NZ_BSNG01000001.1	2	902972	934471	31499	betalactone	1	False	False	1	0
GCF_030159855.1_region003	GCF_030159855.1	NZ_BSNG01000001.1	3	1765519	1786362	20843	terpene	1	False	False	1	0
GCF_030159855.1_region004	GCF_030159855.1	NZ_BSNG01000003.1	4	53824	76102	22278	redox-cofactor	1	False	False	1	0
GCF_030160115.1_region001	GCF_030160115.1	NZ_BSNS01000002.1	1	261468	282122	20654	hserlactone	1	False	False	1	0
GCF_030160115.1_region002	GCF_030160115.1	NZ_BSNS01000007.1	2	146541	170167	23626	LAP	1	False	False	1	0
GCF_030160115.1_region003	GCF_030160115.1	NZ_BSNS01000007.1	3	612601	673384	60783	acyl_amino_acids	1	False	False	1	0
GCF_030160115.1_region004	GCF_030160115.1	NZ_BSNS01000008.1	4	43158	74255	31097	betalactone	1	False	False	1	0
GCF_030160115.1_region005	GCF_030160115.1	NZ_BSNS01000011.1	5	246407	257514	11107	RiPP-like	1	False	False	1	0
GCF_030160115.1_region006	GCF_030160115.1	NZ_BSNS01000020.1	6	375217	386144	10927	RiPP-like	1	False	False	1	0
GCF_030160115.1_region007	GCF_030160115.1	NZ_BSNS01000024.1	7	258688	279534	20846	terpene	1	False	False	1	0
GCF_030177755.1_region001	GCF_030177755.1	NZ_CP126539.1	1	989655	1010108	20453	hserlactone	1	False	False	1	0
GCF_030177755.1_region002	GCF_030177755.1	NZ_CP126539.1	2	2369713	2390562	20849	terpene	1	False	False	1	0
GCF_030177755.1_region003	GCF_030177755.1	NZ_CP126539.1	3	3004559	3014958	10399	ectoine	1	False	False	1	0
GCF_030177755.1_region004	GCF_030177755.1	NZ_CP126539.1	4	3218890	3279682	60792	acyl_amino_acids	1	False	False	1	0
GCF_030285925.1_region001	GCF_030285925.1	NZ_CP127251.1	1	1388169	1409012	20843	terpene	1	False	False	1	0
GCF_030285925.1_region002	GCF_030285925.1	NZ_CP127251.1	2	1878930	1909453	30523	betalactone	1	False	False	1	0
GCF_032907385.1_region001	GCF_032907385.1	NZ_JAIMBX010000001.1	1	753062	784384	31322	betalactone	1	False	False	1	0
GCF_032907385.1_region002	GCF_032907385.1	NZ_JAIMBX010000001.1	2	1110120	1130966	20846	terpene	1	False	False	1	0
GCF_032907385.1_region003	GCF_032907385.1	NZ_JAIMBX010000002.1	3	295635	356412	60777	acyl_amino_acids	1	False	False	1	0
GCF_032907385.1_region004	GCF_032907385.1	NZ_JAIMBX010000003.1	4	279266	301053	21787	thioamitides	1	False	False	1	0
GCF_032907385.1_region005	GCF_032907385.1	NZ_JAIMBX010000003.1	5	375617	396118	20501	hserlactone	1	False	False	1	0
GCF_032907385.1_region006	GCF_032907385.1	NZ_JAIMBX010000004.1	6	36182	56869	20687	hserlactone	1	False	False	1	0
GCF_036563435.1_region001	GCF_036563435.1	NZ_DATCMJ010000014.1	1	163065	183830	20765	hserlactone	1	False	False	1	0
GCF_036563435.1_region002	GCF_036563435.1	NZ_DATCMJ010000020.1	2	24752	45187	20435	hserlactone	1	False	False	1	0
GCF_036563435.1_region003	GCF_036563435.1	NZ_DATCMJ010000005.1	3	15026	35710	20684	hserlactone;RiPP-like	2	True	False	2	0
GCF_036563435.1_region004	GCF_036563435.1	NZ_DATCMJ010000018.1	4	71175	92024	20849	terpene	1	False	False	1	0
GCF_036563435.1_region005	GCF_036563435.1	NZ_DATCMJ010000001.1	5	44486	75843	31357	betalactone	1	False	False	1	0
GCF_037113415.1_region001	GCF_037113415.1	NZ_CP146608.1	1	291636	302029	10393	ectoine	1	False	False	1	0
GCF_037113415.1_region002	GCF_037113415.1	NZ_CP146608.1	2	370278	390929	20651	hserlactone	1	False	False	1	0
GCF_037113415.1_region003	GCF_037113415.1	NZ_CP146608.1	3	543619	554477	10858	RiPP-like	1	False	False	1	0
GCF_037113415.1_region004	GCF_037113415.1	NZ_CP146608.1	4	1518497	1539343	20846	terpene	1	False	False	1	0
GCF_037113415.1_region005	GCF_037113415.1	NZ_CP146608.1	5	2184159	2215975	31816	betalactone	1	False	False	1	0
GCF_037113415.1_region006	GCF_037113415.1	NZ_CP146608.1	6	2944230	2979062	34832	hserlactone;thioamitides	2	True	False	3	0
GCF_040223715.1_region001	GCF_040223715.1	NZ_JAVKFR010000006.1	1	75242	95989	20747	hserlactone	1	False	False	1	0
GCF_040223715.1_region002	GCF_040223715.1	NZ_JAVKFR010000010.1	2	0	14680	14680	hserlactone	1	False	True	1	0
GCF_040223715.1_region003	GCF_040223715.1	NZ_JAVKFR010000020.1	3	90075	110921	20846	terpene	1	False	False	1	0
GCF_040223715.1_region004	GCF_040223715.1	NZ_JAVKFR010000022.1	4	129424	139817	10393	ectoine	1	False	False	1	0
GCF_040223715.1_region005	GCF_040223715.1	NZ_JAVKFR010000024.1	5	93591	114032	20441	hserlactone	1	False	False	1	0
GCF_040223715.1_region006	GCF_040223715.1	NZ_JAVKFR010000033.1	6	0	10123	10123	hserlactone	1	False	True	1	0
GCF_040223715.1_region007	GCF_040223715.1	NZ_JAVKFR010000033.1	7	124494	135130	10636	hserlactone	1	False	False	1	0
GCF_040223715.1_region008	GCF_040223715.1	NZ_JAVKFR010000034.1	8	3286	14144	10858	RiPP-like	1	False	False	1	0
GCF_040546795.1_region001	GCF_040546795.1	NZ_JBEPOL010000001.1	1	129045	149888	20843	terpene	1	False	False	1	0
GCF_040546795.1_region002	GCF_040546795.1	NZ_JBEPOL010000002.1	2	450826	491912	41086	T3PKS	1	False	False	1	0
GCF_040546795.1_region003	GCF_040546795.1	NZ_JBEPOL010000003.1	3	78351	99110	20759	hserlactone	1	False	False	1	0
GCF_040546795.1_region004	GCF_040546795.1	NZ_JBEPOL010000004.1	4	440478	473445	32967	betalactone	1	False	False	1	0
GCF_040546795.1_region005	GCF_040546795.1	NZ_JBEPOL010000007.1	5	41049	61490	20441	hserlactone	1	False	False	1	0
GCF_040546795.1_region006	GCF_040546795.1	NZ_JBEPOL010000008.1	6	0	11062	11062	hserlactone	1	False	True	1	0
GCF_040546795.1_region007	GCF_040546795.1	NZ_JBEPOL010000009.1	7	88150	129236	41086	T3PKS	1	False	False	1	0
GCF_040546795.1_region008	GCF_040546795.1	NZ_JBEPOL010000012.1	8	48934	69594	20660	hserlactone	1	False	False	1	0
GCF_040546815.1_region001	GCF_040546815.1	NZ_JBEPOO010000001.1	1	255826	276282	20456	hserlactone	1	False	False	1	0
GCF_040546815.1_region002	GCF_040546815.1	NZ_JBEPOO010000001.1	2	1603915	1624764	20849	terpene	1	False	False	1	0
GCF_042181575.1_region001	GCF_042181575.1	NZ_CP170082.1	1	31110	51713	20603	hserlactone	1	False	False	1	0
GCF_042181575.1_region002	GCF_042181575.1	NZ_CP170082.1	2	770134	790881	20747	hserlactone	1	False	False	1	0
GCF_042181575.1_region003	GCF_042181575.1	NZ_CP170082.1	3	1074716	1095178	20462	hserlactone	1	False	False	1	0
GCF_042181575.1_region004	GCF_042181575.1	NZ_CP170082.1	4	2102307	2124851	22544	RRE-containing;lassopeptide	2	True	False	3	0
GCF_042181575.1_region005	GCF_042181575.1	NZ_CP170082.1	5	2571001	2591847	20846	terpene	1	False	False	1	0
GCF_042181575.1_region006	GCF_042181575.1	NZ_CP170082.1	6	2780922	2791315	10393	ectoine	1	False	False	1	0
GCF_042181575.1_region007	GCF_042181575.1	NZ_CP170082.1	7	3495691	3506549	10858	RiPP-like	1	False	False	1	0
GCF_042181575.1_region008	GCF_042181575.1	NZ_CP170084.1	8	70032	90362	20330	hserlactone	1	False	False	1	0
GCF_042181575.1_region009	GCF_042181575.1	NZ_CP170085.1	9	25831	46443	20612	hserlactone	1	False	False	1	0
GCF_042431865.1_region001	GCF_042431865.1	NZ_JBHLYO010000001.1	1	43163	74260	31097	betalactone	1	False	False	1	0
GCF_042431865.1_region002	GCF_042431865.1	NZ_JBHLYO010000004.1	2	295229	318873	23644	LAP	1	False	False	1	0
GCF_042431865.1_region003	GCF_042431865.1	NZ_JBHLYO010000010.1	3	570198	581305	11107	RiPP-like	1	False	False	1	0
GCF_042431865.1_region004	GCF_042431865.1	NZ_JBHLYO010000011.1	4	143204	163858	20654	hserlactone	1	False	False	1	0
GCF_042431865.1_region005	GCF_042431865.1	NZ_JBHLYO010000012.1	5	85012	145795	60783	acyl_amino_acids	1	False	False	1	0
GCF_042431865.1_region006	GCF_042431865.1	NZ_JBHLYO010000015.1	6	335369	356215	20846	terpene	1	False	False	1	0
GCF_042431865.1_region007	GCF_042431865.1	NZ_JBHLYO010000020.1	7	375222	386149	10927	RiPP-like	1	False	False	1	0
GCF_042648785.1_region001	GCF_042648785.1	NZ_JBHRYD010000001.1	1	79663	116876	37213	terpene;betalactone	2	True	False	3	0
GCF_042648785.1_region002	GCF_042648785.1	NZ_JBHRYD010000001.1	2	1006671	1067460	60789	acyl_amino_acids	1	False	False	1	0
GCF_042648785.1_region003	GCF_042648785.1	NZ_JBHRYD010000007.1	3	127118	147769	20651	hserlactone	1	False	False	1	0
GCF_042648785.1_region004	GCF_042648785.1	NZ_JBHRYD010000007.1	4	238070	286135	48065	NRP-metallophore;NRPS	2	True	False	1	0
GCF_042679405.1_region001	GCF_042679405.1	NZ_JBHTMH010000001.1	1	260842	293265	32423	betalactone	1	False	False	1	0
GCF_042679405.1_region002	GCF_042679405.1	NZ_JBHTMH010000001.1	2	626880	647720	20840	terpene	1	False	False	1	0
GCF_042679405.1_region003	GCF_042679405.1	NZ_JBHTMH010000001.1	3	2650458	2672338	21880	thioamitides	1	False	False	1	0
GCF_042679405.1_region004	GCF_042679405.1	NZ_JBHTMH010000003.1	4	170651	191110	20459	hserlactone	1	False	False	1	0
GCF_042685625.1_region001	GCF_042685625.1	NZ_JBHUNP010000001.1	1	920860	944422	23562	terpene	1	False	False	1	0
GCF_042685625.1_region002	GCF_042685625.1	NZ_JBHUNP010000001.1	2	1170706	1183571	12865	hydrogen-cyanide	1	False	False	1	0
GCF_042685625.1_region003	GCF_042685625.1	NZ_JBHUNP010000001.1	3	3683596	3704442	20846	terpene	1	False	False	1	0
GCF_044987315.1_region001	GCF_044987315.1	NZ_JBJDRE010000003.1	1	118646	150315	31669	betalactone	1	False	False	1	0
GCF_044987315.1_region002	GCF_044987315.1	NZ_JBJDRE010000009.1	2	116789	137632	20843	terpene	1	False	False	1	0
GCF_044987315.1_region003	GCF_044987315.1	NZ_JBJDRE010000010.1	3	109268	131546	22278	redox-cofactor	1	False	False	1	0
GCF_044987315.1_region004	GCF_044987315.1	NZ_JBJDRE010000012.1	4	83581	104037	20456	hserlactone	1	False	False	1	0
GCF_046614475.1_region001	GCF_046614475.1	NZ_JBKJHF010000001.1	1	911419	932151	20732	hserlactone	1	False	False	1	0
GCF_046614475.1_region002	GCF_046614475.1	NZ_JBKJHF010000001.1	2	1944992	1965838	20846	terpene	1	False	False	1	0
GCF_046614475.1_region003	GCF_046614475.1	NZ_JBKJHF010000001.1	3	2653873	2686049	32176	betalactone	1	False	False	1	0
GCF_046614475.1_region004	GCF_046614475.1	NZ_JBKJHF010000002.1	4	586093	606528	20435	hserlactone	1	False	False	1	0
GCF_046614475.1_region005	GCF_046614475.1	NZ_JBKJHF010000003.1	5	149139	169898	20759	hserlactone	1	False	False	1	0
GCF_048261455.1_region001	GCF_048261455.1	NZ_JBLXGA010000001.1	1	126702	150282	23580	terpene	1	False	False	1	0
GCF_048261455.1_region002	GCF_048261455.1	NZ_JBLXGA010000002.1	2	77784	90712	12928	hydrogen-cyanide	1	False	False	1	0
GCF_048261455.1_region003	GCF_048261455.1	NZ_JBLXGA010000003.1	3	233459	255381	21922	thioamitides	1	False	False	1	0
GCF_048261455.1_region004	GCF_048261455.1	NZ_JBLXGA010000004.1	4	200728	221565	20837	terpene	1	False	False	1	0
GCF_048261455.1_region005	GCF_048261455.1	NZ_JBLXGA010000009.1	5	83567	114087	30520	betalactone	1	False	False	1	0
GCF_048261455.1_region006	GCF_048261455.1	NZ_JBLXGA010000019.1	6	39109	49985	10876	RiPP-like	1	False	False	1	0
GCF_049354815.1_region001	GCF_049354815.1	NZ_CP186479.1	1	313900	334749	20849	terpene	1	False	False	1	0
GCF_049354815.1_region002	GCF_049354815.1	NZ_CP186479.1	2	1971655	1982468	10813	RiPP-like	1	False	False	1	0
GCF_049354815.1_region003	GCF_049354815.1	NZ_CP186479.1	3	4109326	4131224	21898	thioamitides	1	False	False	1	0
GCF_051302775.1_region001	GCF_051302775.1	NZ_JBNMEO010000001.1	1	88040	108496	20456	hserlactone	1	False	False	1	0
GCF_051302775.1_region002	GCF_051302775.1	NZ_JBNMEO010000006.1	2	36168	96951	60783	acyl_amino_acids	1	False	False	1	0
GCF_051302775.1_region003	GCF_051302775.1	NZ_JBNMEO010000008.1	3	75857	86250	10393	ectoine	1	False	False	1	0
GCF_051302775.1_region004	GCF_051302775.1	NZ_JBNMEO010000017.1	4	44765	52350	7585	RiPP-like	1	False	False	1	0
GCF_051302775.1_region005	GCF_051302775.1	NZ_JBNMEO010000091.1	5	0	10645	10645	terpene	1	False	True	1	0
GCF_051302775.1_region006	GCF_051302775.1	NZ_JBNMEO010000093.1	6	0	9989	9989	betalactone	1	False	True	1	0
GCF_051861085.1_region001	GCF_051861085.1	NZ_JBIMKS010000001.1	1	505823	529443	23620	LAP	1	False	False	1	0
GCF_051861085.1_region002	GCF_051861085.1	NZ_JBIMKS010000002.1	2	473697	494537	20840	terpene	1	False	False	1	0
GCF_051861085.1_region003	GCF_051861085.1	NZ_JBIMKS010000004.1	3	210614	232425	21811	thioamitides	1	False	False	1	0
GCF_051861085.1_region004	GCF_051861085.1	NZ_JBIMKS010000004.1	4	487919	510206	22287	redox-cofactor	1	False	False	1	0
GCF_051861085.1_region005	GCF_051861085.1	NZ_JBIMKS010000005.1	5	288233	310119	21886	thioamitides	1	False	False	1	0
GCF_051861085.1_region006	GCF_051861085.1	NZ_JBIMKS010000006.1	6	6887	27157	20270	RRE-containing	1	False	False	1	0
GCF_054482695.1_region001	GCF_054482695.1	NZ_JBTLRJ010000001.1	1	192421	212925	20504	hserlactone	1	False	False	1	0
GCF_054482695.1_region002	GCF_054482695.1	NZ_JBTLRJ010000001.1	2	915880	946770	30890	betalactone	1	False	False	1	0
GCF_054482695.1_region003	GCF_054482695.1	NZ_JBTLRJ010000001.1	3	1138977	1181854	42877	NRPS-like	1	False	False	1	0
GCF_054482695.1_region004	GCF_054482695.1	NZ_JBTLRJ010000002.1	4	265477	275870	10393	ectoine	1	False	False	1	0
GCF_054482695.1_region005	GCF_054482695.1	NZ_JBTLRJ010000002.1	5	654119	664977	10858	RiPP-like	1	False	False	1	0
GCF_054482695.1_region006	GCF_054482695.1	NZ_JBTLRJ010000003.1	6	259065	279911	20846	terpene	1	False	False	1	0
GCF_054482695.1_region007	GCF_054482695.1	NZ_JBTLRJ010000003.1	7	638265	650931	12666	hserlactone	1	False	False	1	0
GCF_054482695.1_region008	GCF_054482695.1	NZ_JBTLRJ010000005.1	8	213096	233750	20654	hserlactone	1	False	False	1	0
GCF_054489345.1_region001	GCF_054489345.1	NZ_JBTMWV010000001.1	1	491756	522764	31008	betalactone	1	False	False	1	0
GCF_054489345.1_region002	GCF_054489345.1	NZ_JBTMWV010000025.1	2	0	34958	34958	NRPS-like;T1PKS	2	True	True	2	0
GCF_054489345.1_region003	GCF_054489345.1	NZ_JBTMWV010000039.1	3	0	12666	12666	hserlactone	1	False	True	1	0
GCF_054489345.1_region004	GCF_054489345.1	NZ_JBTMWV010000004.1	4	13168	26026	12858	hydrogen-cyanide	1	False	False	1	0
GCF_054489345.1_region005	GCF_054489345.1	NZ_JBTMWV010000006.1	5	147310	168156	20846	terpene	1	False	False	1	0
GCF_054489345.1_region006	GCF_054489345.1	NZ_JBTMWV010000009.1	6	150976	171735	20759	hserlactone	1	False	False	1	0
GCF_054605195.1_region001	GCF_054605195.1	NZ_JBTSEP010000003.1	1	42072	64003	21931	thioamitides	1	False	False	1	0
GCF_054605195.1_region002	GCF_054605195.1	NZ_JBTSEP010000004.1	2	81475	102132	20657	hserlactone	1	False	False	1	0
GCF_054605195.1_region003	GCF_054605195.1	NZ_JBTSEP010000009.1	3	67162	78032	10870	RiPP-like	1	False	False	1	0
GCF_054605195.1_region004	GCF_054605195.1	NZ_JBTSEP010000011.1	4	41922	62768	20846	terpene	1	False	False	1	0
GCF_054605195.1_region005	GCF_054605195.1	NZ_JBTSEP010000065.1	5	0	10192	10192	T1PKS	1	False	True	1	0
GCF_055397495.1_region001	GCF_055397495.1	NZ_AP027921.1	1	1004656	1025415	20759	hserlactone	1	False	False	1	0
GCF_055397495.1_region002	GCF_055397495.1	NZ_AP027921.1	2	2264180	2284591	20411	RRE-containing	1	False	False	1	0
GCF_055397495.1_region003	GCF_055397495.1	NZ_AP027921.1	3	2962685	2983531	20846	terpene	1	False	False	1	0
GCF_055397495.1_region004	GCF_055397495.1	NZ_AP027921.1	4	3797512	3828623	31111	betalactone	1	False	False	1	0
GCF_055633315.1_region001	GCF_055633315.1	NZ_JBVKGV010000020.1	1	25583	36453	10870	RiPP-like	1	False	False	1	0
GCF_055633315.1_region002	GCF_055633315.1	NZ_JBVKGV010000026.1	2	0	33411	33411	T1PKS	1	False	True	1	0
GCF_055633315.1_region003	GCF_055633315.1	NZ_JBVKGV010000033.1	3	22976	35475	12499	thioamitides	1	False	False	1	0
GCF_055633315.1_region004	GCF_055633315.1	NZ_JBVKGV010000043.1	4	13473	25440	11967	hserlactone	1	False	False	1	0
GCF_055633315.1_region005	GCF_055633315.1	NZ_JBVKGV010000086.1	5	0	6402	6402	terpene	1	False	True	1	0
GCF_055808475.1_region001	GCF_055808475.1	NZ_CM147870.1	1	0	50374	50374	acyl_amino_acids	1	False	True	1	0
GCF_055808475.1_region002	GCF_055808475.1	NZ_CM147870.1	2	543680	564136	20456	hserlactone	1	False	False	1	0
GCF_055808475.1_region003	GCF_055808475.1	NZ_CM147870.1	3	1153928	1184782	30854	betalactone	1	False	False	1	0
GCF_055808475.1_region004	GCF_055808475.1	NZ_CM147870.1	4	1993268	2014114	20846	terpene	1	False	False	1	0
GCF_055808475.1_region005	GCF_055808475.1	NZ_CM147870.1	5	2693466	2703859	10393	ectoine	1	False	False	1	0
GCF_055808475.1_region006	GCF_055808475.1	NZ_CM147870.1	6	3053921	3064785	10864	RiPP-like	1	False	False	1	0
GCF_055808595.1_region001	GCF_055808595.1	NZ_CM147875.1	1	138061	149045	10984	RiPP-like	1	False	False	1	0
GCF_055808595.1_region002	GCF_055808595.1	NZ_CM147875.1	2	294938	316848	21910	thioamitides	1	False	False	1	0
GCF_055808595.1_region003	GCF_055808595.1	NZ_CM147875.1	3	541490	552363	10873	RiPP-like	1	False	False	1	0
GCF_055808595.1_region004	GCF_055808595.1	NZ_CM147875.1	4	2586883	2618034	31151	betalactone	1	False	False	1	0
GCF_055808595.1_region005	GCF_055808595.1	NZ_CM147875.1	5	2837526	2858357	20831	terpene	1	False	False	1	0
GCF_056341075.1_region001	GCF_056341075.1	NZ_CP094375.1	1	403469	424315	20846	terpene	1	False	False	1	0
GCF_056341075.1_region002	GCF_056341075.1	NZ_CP094375.1	2	2124853	2145312	20459	hserlactone	1	False	False	1	0
GCF_056341075.1_region003	GCF_056341075.1	NZ_CP094375.1	3	2569841	2590594	20753	hserlactone	1	False	False	1	0
GCF_056341075.1_region004	GCF_056341075.1	NZ_CP094375.1	4	3240549	3261203	20654	hserlactone	1	False	False	1	0
GCF_056402875.1_region001	GCF_056402875.1	NZ_JBFUGO010000004.1	1	117056	138870	21814	thioamitides	1	False	False	1	0
GCF_056402875.1_region002	GCF_056402875.1	NZ_JBFUGO010000008.1	2	76993	118076	41083	T3PKS	1	False	False	1	0
GCF_056402875.1_region003	GCF_056402875.1	NZ_JBFUGO010000010.1	3	338163	359000	20837	terpene	1	False	False	1	0
GCF_056403495.1_region001	GCF_056403495.1	NZ_JBFUFI010000005.1	1	52306	74132	21826	thioamitides	1	False	False	1	0
GCF_056403495.1_region002	GCF_056403495.1	NZ_JBFUFI010000008.1	2	105069	146152	41083	T3PKS	1	False	False	1	0
GCF_056403495.1_region003	GCF_056403495.1	NZ_JBFUFI010000016.1	3	31495	52332	20837	terpene	1	False	False	1	0
GCF_056405135.1_region001	GCF_056405135.1	NZ_JBFUCQ010000002.1	1	333736	354573	20837	terpene	1	False	False	1	0
GCF_056405135.1_region002	GCF_056405135.1	NZ_JBFUCQ010000005.1	2	52323	74149	21826	thioamitides	1	False	False	1	0
GCF_056405135.1_region003	GCF_056405135.1	NZ_JBFUCQ010000009.1	3	119962	153340	33378	T3PKS	1	False	False	1	0
GCF_057657195.1_region001	GCF_057657195.1	NZ_JBDGIY010000001.1	1	433631	453901	20270	RRE-containing	1	False	False	1	0
GCF_057657195.1_region002	GCF_057657195.1	NZ_JBDGIY010000001.1	2	530620	552512	21892	thioamitides	1	False	False	1	0
GCF_057657195.1_region003	GCF_057657195.1	NZ_JBDGIY010000001.1	3	594751	617044	22293	redox-cofactor	1	False	False	1	0
GCF_057657195.1_region004	GCF_057657195.1	NZ_JBDGIY010000001.1	4	1649457	1670291	20834	terpene	1	False	False	1	0
GCF_057657195.1_region005	GCF_057657195.1	NZ_JBDGIY010000001.1	5	3144752	3166659	21907	thioamitides	1	False	False	1	0
GCF_058133495.1_region001	GCF_058133495.1	NZ_JBYUNO010000001.1	1	165140	187741	22601	lassopeptide;RRE-containing	2	True	False	1	0
GCF_058133495.1_region002	GCF_058133495.1	NZ_JBYUNO010000001.1	2	1192251	1253019	60768	acyl_amino_acids	1	False	False	1	0
GCF_058133495.1_region003	GCF_058133495.1	NZ_JBYUNO010000002.1	3	575758	596622	20864	terpene	1	False	False	1	0
GCF_058133495.1_region004	GCF_058133495.1	NZ_JBYUNO010000003.1	4	423251	443731	20480	hserlactone	1	False	False	1	0
GCF_058133495.1_region005	GCF_058133495.1	NZ_JBYUNO010000003.1	5	594888	618483	23595	terpene	1	False	False	1	0
GCF_058133665.1_region001	GCF_058133665.1	NZ_JBYUNQ010000001.1	1	241325	264920	23595	terpene	1	False	False	1	0
GCF_058133665.1_region002	GCF_058133665.1	NZ_JBYUNQ010000001.1	2	415262	435721	20459	hserlactone	1	False	False	1	0
GCF_058133665.1_region003	GCF_058133665.1	NZ_JBYUNQ010000002.1	3	646850	707618	60768	acyl_amino_acids	1	False	False	1	0
GCF_058133665.1_region004	GCF_058133665.1	NZ_JBYUNQ010000004.1	4	417172	438036	20864	terpene	1	False	False	1	0
GCF_058133665.1_region005	GCF_058133665.1	NZ_JBYUNQ010000005.1	5	165523	188124	22601	lassopeptide;RRE-containing	2	True	False	1	0
GCF_059070485.1_region001	GCF_059070485.1	NZ_JCACVZ010000001.1	1	228769	249228	20459	hserlactone	1	False	False	1	0
GCF_059070485.1_region002	GCF_059070485.1	NZ_JCACVZ010000001.1	2	1097229	1127771	30542	betalactone	1	False	False	1	0
GCF_059070485.1_region003	GCF_059070485.1	NZ_JCACVZ010000001.1	3	1297443	1318289	20846	terpene	1	False	False	1	0
GCF_059070485.1_region004	GCF_059070485.1	NZ_JCACVZ010000001.1	4	2743068	2763716	20648	hserlactone	1	False	False	1	0
GCF_059724365.1_region001	GCF_059724365.1	NZ_AP045122.1	1	175919	196666	20747	hserlactone	1	False	False	1	0
GCF_059724365.1_region002	GCF_059724365.1	NZ_AP045122.1	2	474231	494672	20441	hserlactone	1	False	False	1	0
GCF_059724365.1_region003	GCF_059724365.1	NZ_AP045122.1	3	1310180	1340192	30012	betalactone	1	False	False	1	0
GCF_059724365.1_region004	GCF_059724365.1	NZ_AP045122.1	4	1933829	1954675	20846	terpene	1	False	False	1	0
GCF_059724365.1_region005	GCF_059724365.1	NZ_AP045122.1	5	2187589	2197982	10393	ectoine	1	False	False	1	0
GCF_059724365.1_region006	GCF_059724365.1	NZ_AP045122.1	6	2830774	2841632	10858	RiPP-like	1	False	False	1	0
GCF_059724365.1_region007	GCF_059724365.1	NZ_AP045122.1	7	3155770	3176421	20651	hserlactone	1	False	False	1	0
GCF_059726835.1_region001	GCF_059726835.1	NZ_AP041056.1	1	419177	439828	20651	hserlactone	1	False	False	1	0
GCF_059726835.1_region002	GCF_059726835.1	NZ_AP041056.1	2	682072	692930	10858	RiPP-like	1	False	False	1	0
GCF_059726835.1_region003	GCF_059726835.1	NZ_AP041056.1	3	699517	712355	12838	hydrogen-cyanide	1	False	False	1	0
GCF_059726835.1_region004	GCF_059726835.1	NZ_AP041056.1	4	1511829	1522222	10393	ectoine	1	False	False	1	0
GCF_059726835.1_region005	GCF_059726835.1	NZ_AP041056.1	5	1712228	1733074	20846	terpene	1	False	False	1	0
GCF_059726835.1_region006	GCF_059726835.1	NZ_AP041056.1	6	2535966	2566964	30998	betalactone	1	False	False	1	0
GCF_059726835.1_region007	GCF_059726835.1	NZ_AP041056.1	7	3682254	3703001	20747	hserlactone	1	False	False	1	0
GCF_060038265.1_region001	GCF_060038265.1	NZ_CM188917.1	1	342134	397140	55006	NRPS-like;T1PKS	2	True	False	3	0
GCF_060038265.1_region002	GCF_060038265.1	NZ_CM188917.1	2	1644795	1665641	20846	terpene	1	False	False	1	0
GCF_060038265.1_region003	GCF_060038265.1	NZ_CM188917.1	3	2541918	2574260	32342	betalactone	1	False	False	1	0
GCF_060038265.1_region004	GCF_060038265.1	NZ_CM188917.1	4	2805251	2815644	10393	ectoine	1	False	False	1	0
GCF_060038265.1_region005	GCF_060038265.1	NZ_CM188917.1	5	3147291	3167783	20492	hserlactone	1	False	False	1	0
GCF_900110945.1_region001	GCF_900110945.1	NZ_FOFL01000002.1	1	185928	218520	32592	betalactone	1	False	False	1	0
GCF_900110945.1_region002	GCF_900110945.1	NZ_FOFL01000002.1	2	786842	807298	20456	hserlactone	1	False	False	1	0
GCF_900110945.1_region003	GCF_900110945.1	NZ_FOFL01000007.1	3	109595	122791	13196	terpene	1	False	False	1	0
GCF_900112505.1_region001	GCF_900112505.1	NZ_FOMB01000021.1	1	0	19608	19608	hserlactone	1	False	True	1	0
GCF_900112505.1_region002	GCF_900112505.1	NZ_FOMB01000021.1	2	30172	71240	41068	T3PKS	1	False	False	1	0
GCF_900112505.1_region003	GCF_900112505.1	NZ_FOMB01000051.1	3	0	15503	15503	T3PKS	1	False	True	1	0
GCF_900112505.1_region004	GCF_900112505.1	NZ_FOMB01000022.1	4	14395	34851	20456	hserlactone	1	False	False	1	0
GCF_900112505.1_region005	GCF_900112505.1	NZ_FOMB01000001.1	5	74736	95507	20771	hserlactone	1	False	False	1	0
GCF_900112505.1_region006	GCF_900112505.1	NZ_FOMB01000002.1	6	289252	310098	20846	terpene	1	False	False	1	0
GCF_900112505.1_region007	GCF_900112505.1	NZ_FOMB01000007.1	7	0	27525	27525	betalactone	1	False	True	1	0
GCF_900112505.1_region008	GCF_900112505.1	NZ_FOMB01000025.1	8	15213	44635	29422	T3PKS	1	False	False	1	0
GCF_900116545.1_region001	GCF_900116545.1	NZ_FPCK01000004.1	1	31509	52151	20642	hserlactone	1	False	False	1	0
GCF_900116545.1_region002	GCF_900116545.1	NZ_FPCK01000004.1	2	187890	211503	23613	terpene	1	False	False	1	0
GCF_900116545.1_region003	GCF_900116545.1	NZ_FPCK01000003.1	3	210515	220908	10393	ectoine	1	False	False	1	0
GCF_900116545.1_region004	GCF_900116545.1	NZ_FPCK01000001.1	4	272867	293326	20459	hserlactone	1	False	False	1	0
GCF_900116545.1_region005	GCF_900116545.1	NZ_FPCK01000001.1	5	1125195	1155864	30669	betalactone	1	False	False	1	0
GCF_900116545.1_region006	GCF_900116545.1	NZ_FPCK01000001.1	6	1563862	1584708	20846	terpene	1	False	False	1	0
GCF_900128975.1_region001	GCF_900128975.1	NZ_FQVC01000004.1	1	225349	257566	32217	betalactone	1	False	False	1	0
GCF_900128975.1_region002	GCF_900128975.1	NZ_FQVC01000005.1	2	56204	116963	60759	acyl_amino_acids;hserlactone	2	True	False	1	0
GCF_900128975.1_region003	GCF_900128975.1	NZ_FQVC01000003.1	3	219347	239785	20438	hserlactone	1	False	False	1	0
GCF_900128975.1_region004	GCF_900128975.1	NZ_FQVC01000002.1	4	290362	311208	20846	terpene	1	False	False	1	0
GCF_900128975.1_region005	GCF_900128975.1	NZ_FQVC01000008.1	5	115475	157926	42451	NRPS-like	1	False	False	1	0
GCF_900128975.1_region006	GCF_900128975.1	NZ_FQVC01000001.1	6	574523	637008	62485	NRPS-like;T1PKS	2	True	False	3	0
GCF_900128975.1_region007	GCF_900128975.1	NZ_FQVC01000010.1	7	26640	39483	12843	hydrogen-cyanide	1	False	False	1	0
GCF_900128975.1_region008	GCF_900128975.1	NZ_FQVC01000010.1	8	98300	108693	10393	ectoine	1	False	False	1	0
GCF_900128975.1_region009	GCF_900128975.1	NZ_FQVC01000014.1	9	79469	93838	14369	hserlactone	1	False	False	1	0
GCF_900177655.1_region001	GCF_900177655.1	NZ_FXWK01000002.1	1	13833	36800	22967	lanthipeptide-class-ii	1	False	False	1	0
GCF_900177655.1_region002	GCF_900177655.1	NZ_FXWK01000002.1	2	856766	877522	20756	hserlactone	1	False	False	1	0
GCF_900177655.1_region003	GCF_900177655.1	NZ_FXWK01000002.1	3	1025113	1067642	42529	NRPS-like	1	False	False	1	0
GCF_900177655.1_region004	GCF_900177655.1	NZ_FXWK01000001.1	4	344977	355370	10393	ectoine	1	False	False	1	0
GCF_900177655.1_region005	GCF_900177655.1	NZ_FXWK01000001.1	5	907757	928603	20846	terpene	1	False	False	1	0
GCF_900177655.1_region006	GCF_900177655.1	NZ_FXWK01000001.1	6	1185349	1208938	23589	terpene	1	False	False	1	0
GCF_900177655.1_region007	GCF_900177655.1	NZ_FXWK01000001.1	7	1544565	1576609	32044	betalactone	1	False	False	1	0
GCF_900177655.1_region008	GCF_900177655.1	NZ_FXWK01000001.1	8	2320270	2340729	20459	hserlactone	1	False	False	1	0
GCF_900631955.1_region001	GCF_900631955.1	NZ_UZWD01000022.1	1	82178	102637	20459	hserlactone	1	False	False	1	0
GCF_900631955.1_region002	GCF_900631955.1	NZ_UZWD01000029.1	2	7581	28935	21354	thioamitides	1	False	False	1	0
GCF_900631955.1_region003	GCF_900631955.1	NZ_UZWD01000036.1	3	36724	63300	26576	betalactone	1	False	False	1	0
GCF_900631955.1_region004	GCF_900631955.1	NZ_UZWD01000040.1	4	25402	46242	20840	terpene	1	False	False	1	0
GCF_964252795.1_region001	GCF_964252795.1	NZ_CAXUPH020000001.1	1	105145	125415	20270	RRE-containing	1	False	False	1	0
GCF_964252795.1_region002	GCF_964252795.1	NZ_CAXUPH020000001.1	2	293161	334244	41083	T3PKS	1	False	False	1	0
GCF_964252795.1_region003	GCF_964252795.1	NZ_CAXUPH020000003.1	3	203498	225387	21889	thioamitides	1	False	False	1	0
GCF_964252795.1_region004	GCF_964252795.1	NZ_CAXUPH020000003.1	4	385782	406622	20840	terpene	1	False	False	1	0
GCF_964252795.1_region005	GCF_964252795.1	NZ_CAXUPH020000005.1	5	256647	278934	22287	redox-cofactor	1	False	False	1	0
GCF_964252795.1_region006	GCF_964252795.1	NZ_CAXUPH020000005.1	6	529190	554553	25363	thiopeptide;thioamitides	2	True	False	1	0
GCF_964252865.1_region001	GCF_964252865.1	NZ_CAXUPK020000002.1	1	302470	322929	20459	hserlactone	1	False	False	1	0
GCF_964252865.1_region002	GCF_964252865.1	NZ_CAXUPK020000005.1	2	46578	78997	32419	betalactone	1	False	False	1	0
GCF_964252865.1_region003	GCF_964252865.1	NZ_CAXUPK020000005.1	3	285551	306397	20846	terpene	1	False	False	1	0
GCF_964252865.1_region004	GCF_964252865.1	NZ_CAXUPK020000007.1	4	86262	106907	20645	hserlactone	1	False	False	1	0
GCF_965229025.1_region001	GCF_965229025.1	NZ_OZ245853.1	1	261176	283065	21889	thioamitides	1	False	False	1	0
GCF_965229025.1_region002	GCF_965229025.1	NZ_OZ245853.1	2	1421885	1462950	41065	T3PKS	1	False	False	1	0
GCF_965229025.1_region003	GCF_965229025.1	NZ_OZ245853.1	3	1527658	1548498	20840	terpene	1	False	False	1	0
GCF_965229025.1_region004	GCF_965229025.1	NZ_OZ245853.1	4	3295998	3317902	21904	thioamitides	1	False	False	1	0
GCF_977014175.1_region001	GCF_977014175.1	NZ_CDRNJH010000001.1	1	65334	85979	20645	hserlactone	1	False	False	1	0
GCF_977014175.1_region002	GCF_977014175.1	NZ_CDRNJH010000001.1	2	1407309	1427768	20459	hserlactone	1	False	False	1	0
GCF_977014175.1_region003	GCF_977014175.1	NZ_CDRNJH010000001.1	3	2603178	2635035	31857	betalactone	1	False	False	1	0
GCF_977014175.1_region004	GCF_977014175.1	NZ_CDRNJH010000001.1	4	2942897	2963743	20846	terpene	1	False	False	1	0
GCF_977186645.1_region001	GCF_977186645.1	NZ_CDSLXM010000001.1	1	59635	90490	30855	betalactone	1	False	False	1	0
GCF_977186645.1_region002	GCF_977186645.1	NZ_CDSLXM010000013.1	2	0	18794	18794	terpene	1	False	True	1	0
GCF_977186645.1_region003	GCF_977186645.1	NZ_CDSLXM010000053.1	3	0	6305	6305	ectoine	1	False	True	1	0
GCF_977186645.1_region004	GCF_977186645.1	NZ_CDSLXM010000138.1	4	0	3424	3424	RiPP-like	1	False	True	1	0
GCF_977243345.1_region001	GCF_977243345.1	NZ_CDSUHQ010000006.1	1	119637	127157	7520	RiPP-like	1	False	False	1	0
GCF_977243345.1_region002	GCF_977243345.1	NZ_CDSUHQ010000009.1	2	17285	38131	20846	terpene	1	False	False	1	0
GCF_977243345.1_region003	GCF_977243345.1	NZ_CDSUHQ010000026.1	3	7449	38304	30855	betalactone	1	False	False	1	0
GCF_977243345.1_region004	GCF_977243345.1	NZ_CDSUHQ010000028.1	4	0	42131	42131	acyl_amino_acids	1	False	True	1	0
GCF_977243345.1_region005	GCF_977243345.1	NZ_CDSUHQ010000041.1	5	3455	13752	10297	ectoine	1	False	False	1	0
GCF_977256975.1_region001	GCF_977256975.1	NZ_CDSWHV010000001.1	1	251890	312673	60783	acyl_amino_acids	1	False	False	1	0
GCF_977256975.1_region002	GCF_977256975.1	NZ_CDSWHV010000002.1	2	291577	301970	10393	ectoine	1	False	False	1	0
GCF_977256975.1_region003	GCF_977256975.1	NZ_CDSWHV010000004.1	3	290104	320959	30855	betalactone	1	False	False	1	0
GCF_977256975.1_region004	GCF_977256975.1	NZ_CDSWHV010000007.1	4	281921	289441	7520	RiPP-like	1	False	False	1	0
GCF_977256975.1_region005	GCF_977256975.1	NZ_CDSWHV010000009.1	5	54710	75556	20846	terpene	1	False	False	1	0
