bgc_id	genome_accession	product_classes	n_products
GCA_041916695.1_region008	GCA_041916695.1	thioamitides;thiopeptide	2
GCF_000735585.1_region004	GCF_000735585.1	RiPP-like;hydrogen-cyanide	2
GCF_000970435.1_region001	GCF_000970435.1	T1PKS;NRPS-like	2
GCF_000970435.1_region004	GCF_000970435.1	acyl_amino_acids;hserlactone	2
GCF_001424865.1_region004	GCF_001424865.1	thiopeptide;thioamitides	2
GCF_001425235.1_region002	GCF_001425235.1	thiopeptide;thioamitides	2
GCF_003056345.1_region001	GCF_003056345.1	NRPS-like;T1PKS	2
GCF_004005995.1_region001	GCF_004005995.1	RRE-containing;lassopeptide	2
GCF_013185955.1_region005	GCF_013185955.1	RRE-containing;lassopeptide	2
GCF_013185965.1_region002	GCF_013185965.1	RRE-containing;lassopeptide	2
GCF_014837245.1_region003	GCF_014837245.1	T3PKS;hserlactone	2
GCF_014926585.1_region003	GCF_014926585.1	hserlactone;T3PKS	2
GCF_015158295.1_region003	GCF_015158295.1	T1PKS;NRPS-like	2
GCF_021729885.1_region003	GCF_021729885.1	lassopeptide;RRE-containing	2
GCF_022429625.1_region001	GCF_022429625.1	RRE-containing;lassopeptide	2
GCF_036563435.1_region003	GCF_036563435.1	hserlactone;RiPP-like	2
GCF_037113415.1_region006	GCF_037113415.1	hserlactone;thioamitides	2
GCF_042181575.1_region004	GCF_042181575.1	RRE-containing;lassopeptide	2
GCF_042648785.1_region001	GCF_042648785.1	terpene;betalactone	2
GCF_042648785.1_region004	GCF_042648785.1	NRP-metallophore;NRPS	2
GCF_054489345.1_region002	GCF_054489345.1	NRPS-like;T1PKS	2
GCF_058133495.1_region001	GCF_058133495.1	lassopeptide;RRE-containing	2
GCF_058133665.1_region005	GCF_058133665.1	lassopeptide;RRE-containing	2
GCF_060038265.1_region001	GCF_060038265.1	NRPS-like;T1PKS	2
GCF_900128975.1_region002	GCF_900128975.1	acyl_amino_acids;hserlactone	2
GCF_900128975.1_region006	GCF_900128975.1	NRPS-like;T1PKS	2
GCF_964252795.1_region006	GCF_964252795.1	thiopeptide;thioamitides	2
