accession	taxonomy	genus	status
GCA_000689495.1	d__Bacteria;p__Pseudomonadota;c__Alphaproteobacteria;o__Rhizobiales;f__Devosiaceae;g__Paradevosia;s__Paradevosia shaoguanensis	Paradevosia	Excluded
GCA_000743515.1	d__Bacteria;p__Pseudomonadota;c__Alphaproteobacteria;o__Rhizobiales;f__Devosiaceae;g__Paradevosia;s__Paradevosia shaoguanensis	Paradevosia	Excluded
GCA_001185205.1	d__Bacteria;p__Pseudomonadota;c__Alphaproteobacteria;o__Rhizobiales;f__Devosiaceae;g__Paradevosia;s__Paradevosia tibetensis	Paradevosia	Excluded
GCA_014083885.1	d__Bacteria;p__Pseudomonadota;c__Alphaproteobacteria;o__Rhizobiales;f__Devosiaceae;g__Paradevosia;s__Paradevosia shaoguanensis	Paradevosia	Excluded
GCA_041916695.1	d__Bacteria;p__Pseudomonadota;c__Alphaproteobacteria;o__Rhizobiales;f__Devosiaceae;g__Devosia_A;s__Devosia_A sp041916695	Devosia_A	Devosia_A
GCA_047616975.1	d__Bacteria;p__Pseudomonadota;c__Alphaproteobacteria;o__Sphingomonadales;f__Sphingomonadaceae;g__Qipengyuania;s__Qipengyuania profunda	Qipengyuania	Excluded
GCA_051016205.1	d__Bacteria;p__Pseudomonadota;c__Alphaproteobacteria;o__Rhizobiales;f__Amorphaceae;g__Acuticoccus;s__Acuticoccus sp051016205	Acuticoccus	Excluded
GCA_060610975.1	d__Bacteria;p__Pseudomonadota;c__Alphaproteobacteria;o__Rhizobiales;f__Devosiaceae;g__JAEZBF01;s__	JAEZBF01	Excluded
GCA_943372435.1	d__Bacteria;p__Pseudomonadota;c__Alphaproteobacteria;o__Rhizobiales;f__Devosiaceae;g__Devosia;s__Devosia equisanguinis_A	Devosia	Devosia
GCA_977190485.1	d__Bacteria;p__Pseudomonadota;c__Alphaproteobacteria;o__Rhizobiales;f__Devosiaceae;g__Devosia;s__Devosia litorisediminis	Devosia	Devosia
GCA_977202345.1	d__Bacteria;p__Pseudomonadota;c__Alphaproteobacteria;o__Rhizobiales;f__Devosiaceae;g__Devosia;s__Devosia litorisediminis	Devosia	Devosia
GCA_977206845.1	d__Bacteria;p__Pseudomonadota;c__Alphaproteobacteria;o__Rhizobiales;f__Devosiaceae;g__Devosia;s__Devosia litorisediminis	Devosia	Devosia
GCA_977242165.1	d__Bacteria;p__Pseudomonadota;c__Alphaproteobacteria;o__Rhizobiales;f__Devosiaceae;g__Devosia;s__Devosia litorisediminis	Devosia	Devosia
GCA_977254065.1	d__Bacteria;p__Pseudomonadota;c__Alphaproteobacteria;o__Rhizobiales;f__Devosiaceae;g__Devosia;s__Devosia litorisediminis	Devosia	Devosia
GCF_000735585.1	d__Bacteria;p__Pseudomonadota;c__Alphaproteobacteria;o__Rhizobiales;f__Devosiaceae;g__Devosia;s__Devosia sp000735585	Devosia	Devosia
GCF_000743575.1	d__Bacteria;p__Pseudomonadota;c__Alphaproteobacteria;o__Rhizobiales;f__Devosiaceae;g__Devosia;s__Devosia riboflavina	Devosia	Devosia
GCF_000969445.1	d__Bacteria;p__Pseudomonadota;c__Alphaproteobacteria;o__Rhizobiales;f__Devosiaceae;g__Devosia;s__Devosia chinhatensis	Devosia	Devosia
GCF_000970435.1	d__Bacteria;p__Pseudomonadota;c__Alphaproteobacteria;o__Rhizobiales;f__Devosiaceae;g__Devosia;s__Devosia limi	Devosia	Devosia
GCF_000970455.1	d__Bacteria;p__Pseudomonadota;c__Alphaproteobacteria;o__Rhizobiales;f__Devosiaceae;g__Devosia;s__Devosia soli	Devosia	Devosia
GCF_000971295.1	d__Bacteria;p__Pseudomonadota;c__Alphaproteobacteria;o__Rhizobiales;f__Devosiaceae;g__Devosia;s__Devosia epidermidihirudinis	Devosia	Devosia
GCF_001402915.1	d__Bacteria;p__Pseudomonadota;c__Alphaproteobacteria;o__Rhizobiales;f__Devosiaceae;g__Devosia_A;s__Devosia_A sp001402915	Devosia_A	Devosia_A
GCF_001421945.1	d__Bacteria;p__Pseudomonadota;c__Alphaproteobacteria;o__Rhizobiales;f__Devosiaceae;g__Devosia;s__Devosia sp001425445	Devosia	Devosia
GCF_001424865.1	d__Bacteria;p__Pseudomonadota;c__Alphaproteobacteria;o__Rhizobiales;f__Devosiaceae;g__Devosia_A;s__Devosia_A sp001425235	Devosia_A	Devosia_A
GCF_001425235.1	d__Bacteria;p__Pseudomonadota;c__Alphaproteobacteria;o__Rhizobiales;f__Devosiaceae;g__Devosia_A;s__Devosia_A sp001425235	Devosia_A	Devosia_A
GCF_001425445.1	d__Bacteria;p__Pseudomonadota;c__Alphaproteobacteria;o__Rhizobiales;f__Devosiaceae;g__Devosia;s__Devosia sp001425445	Devosia	Devosia
GCF_001426345.1	d__Bacteria;p__Pseudomonadota;c__Alphaproteobacteria;o__Rhizobiales;f__Devosiaceae;g__Devosia;s__Devosia sp001426345	Devosia	Devosia
GCF_001427605.1	d__Bacteria;p__Pseudomonadota;c__Alphaproteobacteria;o__Rhizobiales;f__Devosiaceae;g__Devosia;s__Devosia sp001427605	Devosia	Devosia
GCF_001427875.1	d__Bacteria;p__Pseudomonadota;c__Alphaproteobacteria;o__Rhizobiales;f__Devosiaceae;g__Devosia;s__Devosia sp001427875	Devosia	Devosia
GCF_001650025.1	d__Bacteria;p__Pseudomonadota;c__Alphaproteobacteria;o__Rhizobiales;f__Devosiaceae;g__Devosia;s__Devosia elaeis	Devosia	Devosia
GCF_001899045.1	d__Bacteria;p__Pseudomonadota;c__Alphaproteobacteria;o__Rhizobiales;f__Devosiaceae;g__Devosia;s__Devosia equisanguinis	Devosia	Devosia
GCF_001899065.1	d__Bacteria;p__Pseudomonadota;c__Alphaproteobacteria;o__Rhizobiales;f__Devosiaceae;g__Devosia_A;s__Devosia_A sp001899065	Devosia_A	Devosia_A
GCF_001899075.1	d__Bacteria;p__Pseudomonadota;c__Alphaproteobacteria;o__Rhizobiales;f__Devosiaceae;g__Devosia_A;s__Devosia_A sp001899075	Devosia_A	Devosia_A
GCF_001899085.1	d__Bacteria;p__Pseudomonadota;c__Alphaproteobacteria;o__Rhizobiales;f__Devosiaceae;g__Devosia_A;s__Devosia_A sp001899085	Devosia_A	Devosia_A
GCF_002949085.1	d__Bacteria;p__Pseudomonadota;c__Alphaproteobacteria;o__Rhizobiales;f__Devosiaceae;g__Devosia;s__Devosia indica	Devosia	Devosia
GCF_003056345.1	d__Bacteria;p__Pseudomonadota;c__Alphaproteobacteria;o__Rhizobiales;f__Devosiaceae;g__Devosia;s__Devosia submarina	Devosia	Devosia
GCF_003056355.1	d__Bacteria;p__Pseudomonadota;c__Alphaproteobacteria;o__Rhizobiales;f__Devosiaceae;g__Devosia;s__Devosia naphthalenivorans	Devosia	Devosia
GCF_003056405.1	d__Bacteria;p__Pseudomonadota;c__Alphaproteobacteria;o__Rhizobiales;f__Devosiaceae;g__Devosia;s__Devosia indica	Devosia	Devosia
GCF_004005995.1	d__Bacteria;p__Pseudomonadota;c__Alphaproteobacteria;o__Rhizobiales;f__Devosiaceae;g__Devosia;s__Devosia sp004005995	Devosia	Devosia
GCF_005222805.1	d__Bacteria;p__Pseudomonadota;c__Alphaproteobacteria;o__Rhizobiales;f__Devosiaceae;g__Devosia;s__Devosia sp005222805	Devosia	Devosia
GCF_007859655.1	d__Bacteria;p__Pseudomonadota;c__Alphaproteobacteria;o__Rhizobiales;f__Devosiaceae;g__Devosia;s__Devosia ginsengisoli	Devosia	Devosia
GCF_009758415.1	d__Bacteria;p__Pseudomonadota;c__Alphaproteobacteria;o__Rhizobiales;f__Devosiaceae;g__Devosia;s__Devosia marina	Devosia	Devosia
GCF_012847305.1	d__Bacteria;p__Pseudomonadota;c__Alphaproteobacteria;o__Rhizobiales;f__Devosiaceae;g__Devosia;s__Devosia sp014127105	Devosia	Devosia
GCF_013185955.1	d__Bacteria;p__Pseudomonadota;c__Alphaproteobacteria;o__Rhizobiales;f__Devosiaceae;g__Devosia;s__Devosia sp004005995	Devosia	Devosia
GCF_013185965.1	d__Bacteria;p__Pseudomonadota;c__Alphaproteobacteria;o__Rhizobiales;f__Devosiaceae;g__Devosia;s__Devosia sp004005995	Devosia	Devosia
GCF_014127105.1	d__Bacteria;p__Pseudomonadota;c__Alphaproteobacteria;o__Rhizobiales;f__Devosiaceae;g__Devosia;s__Devosia sp014127105	Devosia	Devosia
GCF_014197055.1	d__Bacteria;p__Pseudomonadota;c__Alphaproteobacteria;o__Rhizobiales;f__Devosiaceae;g__Devosia;s__Devosia subaequoris	Devosia	Devosia
GCF_014652635.1	d__Bacteria;p__Pseudomonadota;c__Alphaproteobacteria;o__Rhizobiales;f__Devosiaceae;g__Devosia;s__Devosia pacifica	Devosia	Devosia
GCF_014837245.1	d__Bacteria;p__Pseudomonadota;c__Alphaproteobacteria;o__Rhizobiales;f__Devosiaceae;g__Devosia;s__Devosia oryzisoli	Devosia	Devosia
GCF_014860165.1	d__Bacteria;p__Pseudomonadota;c__Alphaproteobacteria;o__Rhizobiales;f__Devosiaceae;g__Devosia;s__Devosia sp014860165	Devosia	Devosia
GCF_014926585.1	d__Bacteria;p__Pseudomonadota;c__Alphaproteobacteria;o__Rhizobiales;f__Devosiaceae;g__Devosia;s__Devosia beringensis	Devosia	Devosia
GCF_015158295.1	d__Bacteria;p__Pseudomonadota;c__Alphaproteobacteria;o__Rhizobiales;f__Devosiaceae;g__Devosia;s__Devosia faecipullorum	Devosia	Devosia
GCF_015234425.1	d__Bacteria;p__Pseudomonadota;c__Alphaproteobacteria;o__Rhizobiales;f__Devosiaceae;g__Devosia;s__Devosia sp015234425	Devosia	Devosia
GCF_016411825.1	d__Bacteria;p__Pseudomonadota;c__Alphaproteobacteria;o__Rhizobiales;f__Devosiaceae;g__Devosia;s__Devosia sediminis	Devosia	Devosia
GCF_016457235.1	d__Bacteria;p__Pseudomonadota;c__Alphaproteobacteria;o__Rhizobiales;f__Devosiaceae;g__Devosia;s__Devosia sp014127105	Devosia	Devosia
GCF_016461625.1	d__Bacteria;p__Pseudomonadota;c__Alphaproteobacteria;o__Rhizobiales;f__Devosiaceae;g__Devosia;s__Devosia sp014127105	Devosia	Devosia
GCF_016595685.1	d__Bacteria;p__Pseudomonadota;c__Alphaproteobacteria;o__Rhizobiales;f__Devosiaceae;g__Devosia;s__Devosia sp014127105	Devosia	Devosia
GCF_016698645.1	d__Bacteria;p__Pseudomonadota;c__Alphaproteobacteria;o__Rhizobiales;f__Devosiaceae;g__Devosia;s__Devosia oryziradicis	Devosia	Devosia
GCF_016698665.1	d__Bacteria;p__Pseudomonadota;c__Alphaproteobacteria;o__Rhizobiales;f__Devosiaceae;g__Devosia;s__Devosia rhizoryzae	Devosia	Devosia
GCF_017307475.1	d__Bacteria;p__Pseudomonadota;c__Alphaproteobacteria;o__Rhizobiales;f__Devosiaceae;g__Devosia_A;s__Devosia_A sp001899075	Devosia_A	Devosia_A
GCF_017307495.1	d__Bacteria;p__Pseudomonadota;c__Alphaproteobacteria;o__Rhizobiales;f__Devosiaceae;g__Devosia_A;s__Devosia_A sp017307495	Devosia_A	Devosia_A
GCF_017307535.1	d__Bacteria;p__Pseudomonadota;c__Alphaproteobacteria;o__Rhizobiales;f__Devosiaceae;g__Devosia_A;s__Devosia_A sp001899085	Devosia_A	Devosia_A
GCF_017744655.1	d__Bacteria;p__Pseudomonadota;c__Alphaproteobacteria;o__Rhizobiales;f__Devosiaceae;g__Devosia;s__Devosia sp017744655	Devosia	Devosia
GCF_018334155.1	d__Bacteria;p__Pseudomonadota;c__Alphaproteobacteria;o__Rhizobiales;f__Devosiaceae;g__Devosia;s__Devosia litorisediminis	Devosia	Devosia
GCF_019504385.1	d__Bacteria;p__Pseudomonadota;c__Alphaproteobacteria;o__Rhizobiales;f__Devosiaceae;g__Devosia;s__Devosia salina	Devosia	Devosia
GCF_021729885.1	d__Bacteria;p__Pseudomonadota;c__Alphaproteobacteria;o__Rhizobiales;f__Devosiaceae;g__Devosia;s__Devosia sp021729885	Devosia	Devosia
GCF_022429625.1	d__Bacteria;p__Pseudomonadota;c__Alphaproteobacteria;o__Rhizobiales;f__Devosiaceae;g__Devosia;s__Devosia lacusdianchii	Devosia	Devosia
GCF_024158985.1	d__Bacteria;p__Pseudomonadota;c__Alphaproteobacteria;o__Rhizobiales;f__Devosiaceae;g__Devosia;s__Devosia subaequoris	Devosia	Devosia
GCF_024273195.1	d__Bacteria;p__Pseudomonadota;c__Alphaproteobacteria;o__Rhizobiales;f__Devosiaceae;g__Devosia;s__Devosia ureilytica	Devosia	Devosia
GCF_024273205.1	d__Bacteria;p__Pseudomonadota;c__Alphaproteobacteria;o__Rhizobiales;f__Devosiaceae;g__Devosia;s__Devosia ureilytica	Devosia	Devosia
GCF_024707105.1	d__Bacteria;p__Pseudomonadota;c__Alphaproteobacteria;o__Rhizobiales;f__Devosiaceae;g__Devosia;s__Devosia ginsengisoli_A	Devosia	Devosia
GCF_025452235.1	d__Bacteria;p__Pseudomonadota;c__Alphaproteobacteria;o__Rhizobiales;f__Devosiaceae;g__Devosia;s__Devosia sp900470445	Devosia	Devosia
GCF_025809055.1	d__Bacteria;p__Pseudomonadota;c__Alphaproteobacteria;o__Rhizobiales;f__Devosiaceae;g__Devosia;s__Devosia sp025809055	Devosia	Devosia
GCF_027214225.1	d__Bacteria;p__Pseudomonadota;c__Alphaproteobacteria;o__Rhizobiales;f__Devosiaceae;g__Devosia;s__Devosia litorisediminis	Devosia	Devosia
GCF_028290435.1	d__Bacteria;p__Pseudomonadota;c__Alphaproteobacteria;o__Rhizobiales;f__Devosiaceae;g__Devosia;s__Devosia sp028290435	Devosia	Devosia
GCF_028290625.1	d__Bacteria;p__Pseudomonadota;c__Alphaproteobacteria;o__Rhizobiales;f__Devosiaceae;g__Devosia;s__Devosia sp028290625	Devosia	Devosia
GCF_028613635.1	d__Bacteria;p__Pseudomonadota;c__Alphaproteobacteria;o__Rhizobiales;f__Devosiaceae;g__Devosia_A;s__Devosia_A sp028613635	Devosia_A	Devosia_A
GCF_028816435.1	d__Bacteria;p__Pseudomonadota;c__Alphaproteobacteria;o__Rhizobiales;f__Devosiaceae;g__Devosia;s__Devosia litorisediminis	Devosia	Devosia
GCF_029201545.1	d__Bacteria;p__Pseudomonadota;c__Alphaproteobacteria;o__Rhizobiales;f__Devosiaceae;g__Devosia;s__Devosia sp029201545	Devosia	Devosia
GCF_029201565.1	d__Bacteria;p__Pseudomonadota;c__Alphaproteobacteria;o__Rhizobiales;f__Devosiaceae;g__Devosia;s__Devosia sp015234425	Devosia	Devosia
GCF_030159855.1	d__Bacteria;p__Pseudomonadota;c__Alphaproteobacteria;o__Rhizobiales;f__Devosiaceae;g__Devosia;s__Devosia yakushimensis	Devosia	Devosia
GCF_030160115.1	d__Bacteria;p__Pseudomonadota;c__Alphaproteobacteria;o__Rhizobiales;f__Devosiaceae;g__Devosia;s__Devosia nitrariae	Devosia	Devosia
GCF_030177755.1	d__Bacteria;p__Pseudomonadota;c__Alphaproteobacteria;o__Rhizobiales;f__Devosiaceae;g__Devosia;s__Devosia rhizosphaerae	Devosia	Devosia
GCF_030285925.1	d__Bacteria;p__Pseudomonadota;c__Alphaproteobacteria;o__Rhizobiales;f__Devosiaceae;g__Devosia;s__Devosia sp030285925	Devosia	Devosia
GCF_032907385.1	d__Bacteria;p__Pseudomonadota;c__Alphaproteobacteria;o__Rhizobiales;f__Devosiaceae;g__Devosia;s__Devosia sp001425445	Devosia	Devosia
GCF_036563435.1	d__Bacteria;p__Pseudomonadota;c__Alphaproteobacteria;o__Rhizobiales;f__Devosiaceae;g__Devosia;s__Devosia sp036563435	Devosia	Devosia
GCF_037113415.1	d__Bacteria;p__Pseudomonadota;c__Alphaproteobacteria;o__Rhizobiales;f__Devosiaceae;g__Devosia;s__Devosia sp037113415	Devosia	Devosia
GCF_040223715.1	d__Bacteria;p__Pseudomonadota;c__Alphaproteobacteria;o__Rhizobiales;f__Devosiaceae;g__Devosia;s__Devosia marina	Devosia	Devosia
GCF_040546795.1	d__Bacteria;p__Pseudomonadota;c__Alphaproteobacteria;o__Rhizobiales;f__Devosiaceae;g__Devosia;s__Devosia sp040546795	Devosia	Devosia
GCF_040546815.1	d__Bacteria;p__Pseudomonadota;c__Alphaproteobacteria;o__Rhizobiales;f__Devosiaceae;g__Devosia;s__Devosia sp040546815	Devosia	Devosia
GCF_042181575.1	d__Bacteria;p__Pseudomonadota;c__Alphaproteobacteria;o__Rhizobiales;f__Devosiaceae;g__Devosia;s__Devosia polycyclovorans	Devosia	Devosia
GCF_042431865.1	d__Bacteria;p__Pseudomonadota;c__Alphaproteobacteria;o__Rhizobiales;f__Devosiaceae;g__Devosia;s__Devosia nitrariae	Devosia	Devosia
GCF_042648785.1	d__Bacteria;p__Pseudomonadota;c__Alphaproteobacteria;o__Rhizobiales;f__Devosiaceae;g__Devosia;s__Devosia honganensis	Devosia	Devosia
GCF_042679405.1	d__Bacteria;p__Pseudomonadota;c__Alphaproteobacteria;o__Rhizobiales;f__Devosiaceae;g__Devosia;s__Devosia equisanguinis	Devosia	Devosia
GCF_042685625.1	d__Bacteria;p__Pseudomonadota;c__Alphaproteobacteria;o__Rhizobiales;f__Devosiaceae;g__Devosia;s__Devosia albogilva	Devosia	Devosia
GCF_044987315.1	d__Bacteria;p__Pseudomonadota;c__Alphaproteobacteria;o__Rhizobiales;f__Devosiaceae;g__Devosia;s__Devosia sp900470445	Devosia	Devosia
GCF_046614475.1	d__Bacteria;p__Pseudomonadota;c__Alphaproteobacteria;o__Rhizobiales;f__Devosiaceae;g__Devosia;s__Devosia sp018828145	Devosia	Devosia
GCF_048261455.1	d__Bacteria;p__Pseudomonadota;c__Alphaproteobacteria;o__Rhizobiales;f__Devosiaceae;g__Devosia_A;s__Devosia_A sp048261455	Devosia_A	Devosia_A
GCF_049354815.1	d__Bacteria;p__Pseudomonadota;c__Alphaproteobacteria;o__Rhizobiales;f__Devosiaceae;g__Devosia_A;s__Devosia_A sp049354815	Devosia_A	Devosia_A
GCF_051302775.1	d__Bacteria;p__Pseudomonadota;c__Alphaproteobacteria;o__Rhizobiales;f__Devosiaceae;g__Devosia;s__Devosia litorisediminis	Devosia	Devosia
GCF_051861085.1	d__Bacteria;p__Pseudomonadota;c__Alphaproteobacteria;o__Rhizobiales;f__Devosiaceae;g__Devosia_A;s__Devosia_A sp001899085	Devosia_A	Devosia_A
GCF_054482695.1	d__Bacteria;p__Pseudomonadota;c__Alphaproteobacteria;o__Rhizobiales;f__Devosiaceae;g__Devosia;s__	Devosia	Devosia
GCF_054489345.1	d__Bacteria;p__Pseudomonadota;c__Alphaproteobacteria;o__Rhizobiales;f__Devosiaceae;g__Devosia;s__	Devosia	Devosia
GCF_054605195.1	d__Bacteria;p__Pseudomonadota;c__Alphaproteobacteria;o__Rhizobiales;f__Devosiaceae;g__Devosia_A;s__	Devosia_A	Devosia_A
GCF_055397495.1	d__Bacteria;p__Pseudomonadota;c__Alphaproteobacteria;o__Rhizobiales;f__Devosiaceae;g__Devosia;s__	Devosia	Devosia
GCF_055633315.1	d__Bacteria;p__Pseudomonadota;c__Alphaproteobacteria;o__Rhizobiales;f__Devosiaceae;g__Devosia_A;s__	Devosia_A	Devosia_A
GCF_055808475.1	d__Bacteria;p__Pseudomonadota;c__Alphaproteobacteria;o__Rhizobiales;f__Devosiaceae;g__Devosia;s__Devosia litorisediminis	Devosia	Devosia
GCF_055808595.1	d__Bacteria;p__Pseudomonadota;c__Alphaproteobacteria;o__Rhizobiales;f__Devosiaceae;g__Devosia_A;s__	Devosia_A	Devosia_A
GCF_056341075.1	d__Bacteria;p__Pseudomonadota;c__Alphaproteobacteria;o__Rhizobiales;f__Devosiaceae;g__Devosia;s__	Devosia	Devosia
GCF_056402875.1	d__Bacteria;p__Pseudomonadota;c__Alphaproteobacteria;o__Rhizobiales;f__Devosiaceae;g__Devosia_A;s__	Devosia_A	Devosia_A
GCF_056403495.1	d__Bacteria;p__Pseudomonadota;c__Alphaproteobacteria;o__Rhizobiales;f__Devosiaceae;g__Devosia_A;s__	Devosia_A	Devosia_A
GCF_056405135.1	d__Bacteria;p__Pseudomonadota;c__Alphaproteobacteria;o__Rhizobiales;f__Devosiaceae;g__Devosia_A;s__	Devosia_A	Devosia_A
GCF_057657195.1	d__Bacteria;p__Pseudomonadota;c__Alphaproteobacteria;o__Rhizobiales;f__Devosiaceae;g__Devosia_A;s__	Devosia_A	Devosia_A
GCF_058133495.1	d__Bacteria;p__Pseudomonadota;c__Alphaproteobacteria;o__Rhizobiales;f__Devosiaceae;g__Devosia;s__Devosia sp004005995	Devosia	Devosia
GCF_058133665.1	d__Bacteria;p__Pseudomonadota;c__Alphaproteobacteria;o__Rhizobiales;f__Devosiaceae;g__Devosia;s__Devosia sp004005995	Devosia	Devosia
GCF_059070485.1	d__Bacteria;p__Pseudomonadota;c__Alphaproteobacteria;o__Rhizobiales;f__Devosiaceae;g__Devosia;s__	Devosia	Devosia
GCF_059724365.1	d__Bacteria;p__Pseudomonadota;c__Alphaproteobacteria;o__Rhizobiales;f__Devosiaceae;g__Devosia;s__Devosia marina	Devosia	Devosia
GCF_059726835.1	d__Bacteria;p__Pseudomonadota;c__Alphaproteobacteria;o__Rhizobiales;f__Devosiaceae;g__Devosia;s__Devosia indica	Devosia	Devosia
GCF_060038265.1	d__Bacteria;p__Pseudomonadota;c__Alphaproteobacteria;o__Rhizobiales;f__Devosiaceae;g__Devosia;s__Devosia sp963517015	Devosia	Devosia
GCF_900110945.1	d__Bacteria;p__Pseudomonadota;c__Alphaproteobacteria;o__Rhizobiales;f__Devosiaceae;g__Devosia;s__Devosia sp900110945	Devosia	Devosia
GCF_900112505.1	d__Bacteria;p__Pseudomonadota;c__Alphaproteobacteria;o__Rhizobiales;f__Devosiaceae;g__Devosia;s__Devosia psychrophila	Devosia	Devosia
GCF_900116545.1	d__Bacteria;p__Pseudomonadota;c__Alphaproteobacteria;o__Rhizobiales;f__Devosiaceae;g__Devosia;s__Devosia crocina	Devosia	Devosia
GCF_900119845.1	d__Bacteria;p__Pseudomonadota;c__Alphaproteobacteria;o__Rhizobiales;f__Devosiaceae;g__FPKU01;s__FPKU01 sp900119845	FPKU01	Excluded
GCF_900128975.1	d__Bacteria;p__Pseudomonadota;c__Alphaproteobacteria;o__Rhizobiales;f__Devosiaceae;g__Devosia;s__Devosia limi	Devosia	Devosia
GCF_900177655.1	d__Bacteria;p__Pseudomonadota;c__Alphaproteobacteria;o__Rhizobiales;f__Devosiaceae;g__Devosia;s__Devosia lucknowensis	Devosia	Devosia
GCF_900631955.1	d__Bacteria;p__Pseudomonadota;c__Alphaproteobacteria;o__Rhizobiales;f__Devosiaceae;g__Devosia;s__Devosia equisanguinis	Devosia	Devosia
GCF_964252795.1	d__Bacteria;p__Pseudomonadota;c__Alphaproteobacteria;o__Rhizobiales;f__Devosiaceae;g__Devosia_A;s__Devosia_A sp001425235	Devosia_A	Devosia_A
GCF_964252865.1	d__Bacteria;p__Pseudomonadota;c__Alphaproteobacteria;o__Rhizobiales;f__Devosiaceae;g__Devosia;s__Devosia sp024707125	Devosia	Devosia
GCF_965229025.1	d__Bacteria;p__Pseudomonadota;c__Alphaproteobacteria;o__Rhizobiales;f__Devosiaceae;g__Devosia_A;s__Devosia_A sp965229025	Devosia_A	Devosia_A
GCF_977014175.1	d__Bacteria;p__Pseudomonadota;c__Alphaproteobacteria;o__Rhizobiales;f__Devosiaceae;g__Devosia;s__Devosia sp040509215	Devosia	Devosia
GCF_977186645.1	d__Bacteria;p__Pseudomonadota;c__Alphaproteobacteria;o__Rhizobiales;f__Devosiaceae;g__Devosia;s__Devosia litorisediminis	Devosia	Devosia
GCF_977243345.1	d__Bacteria;p__Pseudomonadota;c__Alphaproteobacteria;o__Rhizobiales;f__Devosiaceae;g__Devosia;s__Devosia litorisediminis	Devosia	Devosia
GCF_977256975.1	d__Bacteria;p__Pseudomonadota;c__Alphaproteobacteria;o__Rhizobiales;f__Devosiaceae;g__Devosia;s__Devosia litorisediminis	Devosia	Devosia
