gcf	niche	a	b	c	d	odds_ratio	p_value	fdr
FAM_00395	aquatic	19	8	13	84	15.346	2.3928e-08	1.3519e-05
FAM_00162	aquatic	11	1	21	91	47.667	7.5958e-07	2.1458e-04
FAM_00160	aquatic	17	9	15	83	10.452	1.3594e-06	2.5603e-04
FAM_00156	aquatic	12	6	20	86	8.600	8.7454e-05	1.2353e-02
FAM_00391	contaminated	3	2	4	115	43.125	1.0732e-03	1.2127e-01
FAM_00053	plant	3	0	15	106	inf	2.6312e-03	2.1238e-01
FAM_00057	plant	3	0	15	106	inf	2.6312e-03	2.1238e-01
FAM_00160	soil	0	26	23	75	0.000	3.5948e-03	2.4247e-01
FAM_00428	soil	4	1	19	100	21.053	4.1217e-03	2.4247e-01
FAM_00193	industrial	2	0	7	115	inf	4.7207e-03	2.4247e-01
FAM_00197	industrial	2	0	7	115	inf	4.7207e-03	2.4247e-01
FAM_00142	aquatic	0	17	32	75	0.000	6.0215e-03	2.8351e-01
FAM_00166	plant	4	3	14	103	9.810	8.5023e-03	3.4980e-01
FAM_00392	plant	3	1	15	105	21.000	9.5463e-03	3.4980e-01
FAM_00422	plant	3	1	15	105	21.000	9.5463e-03	3.4980e-01
FAM_00395	plant	0	27	18	79	0.000	1.2132e-02	3.4980e-01
FAM_00163	aquatic	5	2	27	90	8.333	1.2351e-02	3.4980e-01
FAM_00388	industrial	3	5	6	110	11.000	1.2530e-02	3.4980e-01
FAM_00153	industrial	2	1	7	114	32.571	1.3620e-02	3.4980e-01
FAM_00194	industrial	2	1	7	114	32.571	1.3620e-02	3.4980e-01
FAM_00421	industrial	2	1	7	114	32.571	1.3620e-02	3.4980e-01
FAM_00423	industrial	2	1	7	114	32.571	1.3620e-02	3.4980e-01
FAM_00428	aquatic	4	1	28	91	13.000	1.5588e-02	3.8293e-01
FAM_00142	plant	6	11	12	95	4.318	1.8346e-02	4.3190e-01
FAM_00167	soil	4	3	19	98	6.877	2.2000e-02	4.9720e-01
FAM_00156	soil	0	18	23	83	0.000	2.3729e-02	5.1564e-01
FAM_00017	soil	2	0	21	101	inf	3.3176e-02	6.4636e-01
FAM_00198	soil	2	0	21	101	inf	3.3176e-02	6.4636e-01
FAM_00424	soil	2	0	21	101	inf	3.3176e-02	6.4636e-01
FAM_00158	aquatic	4	2	28	90	6.429	3.8061e-02	6.5780e-01
FAM_00175	aquatic	7	6	25	86	4.013	3.8173e-02	6.5780e-01
FAM_00149	soil	4	4	19	97	5.105	3.8420e-02	6.5780e-01
FAM_00155	soil	4	4	19	97	5.105	3.8420e-02	6.5780e-01
FAM_00391	industrial	2	3	7	112	10.667	4.1989e-02	6.9776e-01
FAM_00420	plant	2	1	16	105	13.125	5.4926e-02	7.7793e-01
FAM_00206	contaminated	1	0	6	117	inf	5.6452e-02	7.7793e-01
FAM_00432	contaminated	1	0	6	117	inf	5.6452e-02	7.7793e-01
FAM_00438	contaminated	1	0	6	117	inf	5.6452e-02	7.7793e-01
FAM_00439	contaminated	1	0	6	117	inf	5.6452e-02	7.7793e-01
FAM_00440	contaminated	1	0	6	117	inf	5.6452e-02	7.7793e-01
FAM_00444	contaminated	1	0	6	117	inf	5.6452e-02	7.7793e-01
FAM_00169	industrial	2	4	7	111	7.929	6.0567e-02	7.8862e-01
FAM_00426	plant	3	4	15	102	5.100	6.2353e-02	7.8862e-01
FAM_00427	plant	3	4	15	102	5.100	6.2353e-02	7.8862e-01
FAM_00388	contaminated	2	6	5	111	7.400	6.5227e-02	7.8862e-01
FAM_00167	aquatic	4	3	28	89	4.238	7.2342e-02	7.8862e-01
FAM_00202	industrial	1	0	8	115	inf	7.2581e-02	7.8862e-01
FAM_00432	industrial	1	0	8	115	inf	7.2581e-02	7.8862e-01
FAM_00434	industrial	1	0	8	115	inf	7.2581e-02	7.8862e-01
FAM_00438	industrial	1	0	8	115	inf	7.2581e-02	7.8862e-01
FAM_00439	industrial	1	0	8	115	inf	7.2581e-02	7.8862e-01
FAM_00440	industrial	1	0	8	115	inf	7.2581e-02	7.8862e-01
FAM_00396	aquatic	6	6	26	86	3.308	7.5840e-02	8.0197e-01
FAM_00152	soil	6	10	17	91	3.212	7.6648e-02	8.0197e-01
FAM_00426	industrial	2	5	7	110	6.286	8.1538e-02	8.2266e-01
FAM_00427	industrial	2	5	7	110	6.286	8.1538e-02	8.2266e-01
FAM_00142	soil	6	11	17	90	2.888	8.6783e-02	8.5828e-01
FAM_00161	soil	2	1	21	100	9.524	8.8107e-02	8.5828e-01
FAM_00388	plant	3	5	15	101	4.040	9.0521e-02	8.6686e-01
FAM_00133	contaminated	1	1	6	116	19.333	1.1015e-01	9.9778e-01
FAM_00193	contaminated	1	1	6	116	19.333	1.1015e-01	9.9778e-01
FAM_00197	contaminated	1	1	6	116	19.333	1.1015e-01	9.9778e-01
FAM_00388	aquatic	0	8	32	84	0.000	1.1126e-01	9.9778e-01
FAM_00160	plant	1	25	17	81	0.191	1.1738e-01	1.0000e+00
FAM_00166	soil	3	4	20	97	3.638	1.1806e-01	1.0000e+00
FAM_00162	soil	0	12	23	89	0.000	1.2059e-01	1.0000e+00
FAM_00396	soil	0	12	23	89	0.000	1.2059e-01	1.0000e+00
FAM_00145	aquatic	5	5	27	87	3.222	1.2327e-01	1.0000e+00
FAM_00159	aquatic	5	5	27	87	3.222	1.2327e-01	1.0000e+00
FAM_00175	soil	0	13	23	88	0.000	1.2428e-01	1.0000e+00
FAM_00437	plant	1	0	17	106	inf	1.4516e-01	1.0000e+00
FAM_00441	plant	1	0	17	106	inf	1.4516e-01	1.0000e+00
FAM_00586	plant	1	0	17	106	inf	1.4516e-01	1.0000e+00
FAM_00165	soil	2	2	21	99	4.714	1.5620e-01	1.0000e+00
FAM_00153	contaminated	1	2	6	115	9.583	1.6121e-01	1.0000e+00
FAM_00194	contaminated	1	2	6	115	9.583	1.6121e-01	1.0000e+00
FAM_00195	contaminated	1	2	6	115	9.583	1.6121e-01	1.0000e+00
FAM_00421	contaminated	1	2	6	115	9.583	1.6121e-01	1.0000e+00
FAM_00423	contaminated	1	2	6	115	9.583	1.6121e-01	1.0000e+00
FAM_00056	soil	1	0	22	101	inf	1.8548e-01	1.0000e+00
FAM_00020	soil	1	0	22	101	inf	1.8548e-01	1.0000e+00
FAM_00199	soil	1	0	22	101	inf	1.8548e-01	1.0000e+00
FAM_00203	soil	1	0	22	101	inf	1.8548e-01	1.0000e+00
FAM_00204	soil	1	0	22	101	inf	1.8548e-01	1.0000e+00
FAM_00205	soil	1	0	22	101	inf	1.8548e-01	1.0000e+00
FAM_00430	soil	1	0	22	101	inf	1.8548e-01	1.0000e+00
FAM_00431	soil	1	0	22	101	inf	1.8548e-01	1.0000e+00
FAM_00437	soil	1	0	22	101	inf	1.8548e-01	1.0000e+00
FAM_00444	soil	1	0	22	101	inf	1.8548e-01	1.0000e+00
FAM_00447	soil	1	0	22	101	inf	1.8548e-01	1.0000e+00
FAM_00594	soil	1	0	22	101	inf	1.8548e-01	1.0000e+00
FAM_00426	aquatic	0	7	32	85	0.000	1.8872e-01	1.0000e+00
FAM_00427	aquatic	0	7	32	85	0.000	1.8872e-01	1.0000e+00
FAM_00160	industrial	0	26	9	89	0.000	2.0190e-01	1.0000e+00
FAM_00149	aquatic	4	4	28	88	3.143	2.0253e-01	1.0000e+00
FAM_00155	aquatic	4	4	28	88	3.143	2.0253e-01	1.0000e+00
FAM_00150	industrial	1	2	8	113	7.062	2.0385e-01	1.0000e+00
FAM_00425	industrial	1	2	8	113	7.062	2.0385e-01	1.0000e+00
FAM_00159	soil	0	10	23	91	0.000	2.0564e-01	1.0000e+00
FAM_00169	plant	2	4	16	102	3.188	2.0948e-01	1.0000e+00
FAM_00174	plant	2	4	16	102	3.188	2.0948e-01	1.0000e+00
FAM_00177	plant	2	4	16	102	3.188	2.0948e-01	1.0000e+00
FAM_00002	contaminated	1	3	6	114	6.333	2.0973e-01	1.0000e+00
FAM_00419	contaminated	1	3	6	114	6.333	2.0973e-01	1.0000e+00
FAM_00162	plant	0	12	18	94	0.000	2.1147e-01	1.0000e+00
FAM_00396	plant	0	12	18	94	0.000	2.1147e-01	1.0000e+00
FAM_00148	plant	0	13	18	93	0.000	2.1179e-01	1.0000e+00
FAM_00175	plant	0	13	18	93	0.000	2.1179e-01	1.0000e+00
FAM_00152	plant	4	12	14	94	2.238	2.4868e-01	1.0000e+00
FAM_00185	aquatic	1	0	31	92	inf	2.5806e-01	1.0000e+00
FAM_00202	aquatic	1	0	31	92	inf	2.5806e-01	1.0000e+00
FAM_00207	aquatic	1	0	31	92	inf	2.5806e-01	1.0000e+00
FAM_00430	aquatic	1	0	31	92	inf	2.5806e-01	1.0000e+00
FAM_00435	aquatic	1	0	31	92	inf	2.5806e-01	1.0000e+00
FAM_00445	aquatic	1	0	31	92	inf	2.5806e-01	1.0000e+00
FAM_00446	aquatic	1	0	31	92	inf	2.5806e-01	1.0000e+00
FAM_00447	aquatic	1	0	31	92	inf	2.5806e-01	1.0000e+00
FAM_00587	aquatic	1	0	31	92	inf	2.5806e-01	1.0000e+00
FAM_00593	aquatic	1	0	31	92	inf	2.5806e-01	1.0000e+00
FAM_00419	industrial	1	3	8	112	4.667	2.6307e-01	1.0000e+00
FAM_00196	plant	2	5	16	101	2.525	2.6833e-01	1.0000e+00
FAM_00151	contaminated	2	17	5	100	2.353	2.9142e-01	1.0000e+00
FAM_00169	contaminated	1	5	6	112	3.733	2.9961e-01	1.0000e+00
FAM_00189	contaminated	1	5	6	112	3.733	2.9961e-01	1.0000e+00
FAM_00146	soil	2	4	21	97	2.310	3.0822e-01	1.0000e+00
FAM_00174	soil	2	4	21	97	2.310	3.0822e-01	1.0000e+00
FAM_00177	soil	2	4	21	97	2.310	3.0822e-01	1.0000e+00
FAM_00189	soil	2	4	21	97	2.310	3.0822e-01	1.0000e+00
FAM_00558	aquatic	0	5	32	87	0.000	3.2622e-01	1.0000e+00
FAM_00155	plant	2	6	16	100	2.083	3.2760e-01	1.0000e+00
FAM_00143	aquatic	0	6	32	86	0.000	3.3723e-01	1.0000e+00
FAM_00146	aquatic	0	6	32	86	0.000	3.3723e-01	1.0000e+00
FAM_00169	aquatic	0	6	32	86	0.000	3.3723e-01	1.0000e+00
FAM_00170	aquatic	0	6	32	86	0.000	3.3723e-01	1.0000e+00
FAM_00174	aquatic	0	6	32	86	0.000	3.3723e-01	1.0000e+00
FAM_00177	aquatic	0	6	32	86	0.000	3.3723e-01	1.0000e+00
FAM_00189	aquatic	0	6	32	86	0.000	3.3723e-01	1.0000e+00
FAM_00404	aquatic	0	6	32	86	0.000	3.3723e-01	1.0000e+00
FAM_00001	soil	1	1	22	100	4.545	3.3779e-01	1.0000e+00
FAM_00171	soil	1	1	22	100	4.545	3.3779e-01	1.0000e+00
FAM_00154	contaminated	1	6	6	111	3.083	3.4115e-01	1.0000e+00
FAM_00167	contaminated	1	6	6	111	3.083	3.4115e-01	1.0000e+00
FAM_00188	contaminated	1	6	6	111	3.083	3.4115e-01	1.0000e+00
FAM_00426	contaminated	1	6	6	111	3.083	3.4115e-01	1.0000e+00
FAM_00427	contaminated	1	6	6	111	3.083	3.4115e-01	1.0000e+00
FAM_00163	soil	0	7	23	94	0.000	3.4655e-01	1.0000e+00
FAM_00159	plant	0	10	18	96	0.000	3.5499e-01	1.0000e+00
FAM_00144	soil	3	6	20	95	2.375	3.6574e-01	1.0000e+00
FAM_00189	industrial	1	5	8	110	2.750	3.6989e-01	1.0000e+00
FAM_00188	aquatic	3	4	29	88	2.276	3.7283e-01	1.0000e+00
FAM_00151	aquatic	3	16	29	76	0.491	3.9591e-01	1.0000e+00
FAM_00395	soil	3	24	20	77	0.481	4.0140e-01	1.0000e+00
FAM_00144	contaminated	1	8	6	109	2.271	4.1795e-01	1.0000e+00
FAM_00154	industrial	1	6	8	109	2.271	4.1795e-01	1.0000e+00
FAM_00166	industrial	1	6	8	109	2.271	4.1795e-01	1.0000e+00
FAM_00188	industrial	1	6	8	109	2.271	4.1795e-01	1.0000e+00
FAM_00196	industrial	1	6	8	109	2.271	4.1795e-01	1.0000e+00
FAM_00144	aquatic	1	8	31	84	0.339	4.4451e-01	1.0000e+00
FAM_00111	aquatic	1	1	31	91	2.935	4.5109e-01	1.0000e+00
FAM_00171	aquatic	1	1	31	91	2.935	4.5109e-01	1.0000e+00
FAM_00148	soil	1	12	22	89	0.337	4.5890e-01	1.0000e+00
FAM_00164	soil	1	11	22	90	0.372	4.6252e-01	1.0000e+00
FAM_00173	soil	1	11	22	90	0.372	4.6252e-01	1.0000e+00
FAM_00556	soil	1	11	22	90	0.372	4.6252e-01	1.0000e+00
FAM_00195	soil	1	2	22	99	2.250	4.6263e-01	1.0000e+00
FAM_00420	soil	1	2	22	99	2.250	4.6263e-01	1.0000e+00
FAM_00421	soil	1	2	22	99	2.250	4.6263e-01	1.0000e+00
FAM_00423	soil	1	2	22	99	2.250	4.6263e-01	1.0000e+00
FAM_00156	plant	1	17	17	89	0.308	4.6730e-01	1.0000e+00
FAM_00390	plant	1	3	17	103	2.020	4.7047e-01	1.0000e+00
FAM_00173	contaminated	1	11	6	106	1.606	5.1873e-01	1.0000e+00
FAM_00556	contaminated	1	11	6	106	1.606	5.1873e-01	1.0000e+00
FAM_00147	plant	1	4	17	102	1.500	5.4990e-01	1.0000e+00
FAM_00053	aquatic	0	3	32	89	0.000	5.6807e-01	1.0000e+00
FAM_00057	aquatic	0	3	32	89	0.000	5.6807e-01	1.0000e+00
FAM_00150	aquatic	0	3	32	89	0.000	5.6807e-01	1.0000e+00
FAM_00161	aquatic	0	3	32	89	0.000	5.6807e-01	1.0000e+00
FAM_00194	aquatic	0	3	32	89	0.000	5.6807e-01	1.0000e+00
FAM_00195	aquatic	0	3	32	89	0.000	5.6807e-01	1.0000e+00
FAM_00420	aquatic	0	3	32	89	0.000	5.6807e-01	1.0000e+00
FAM_00421	aquatic	0	3	32	89	0.000	5.6807e-01	1.0000e+00
FAM_00423	aquatic	0	3	32	89	0.000	5.6807e-01	1.0000e+00
FAM_00425	aquatic	0	3	32	89	0.000	5.6807e-01	1.0000e+00
FAM_00165	aquatic	0	4	32	88	0.000	5.7164e-01	1.0000e+00
FAM_00390	aquatic	0	4	32	88	0.000	5.7164e-01	1.0000e+00
FAM_00392	aquatic	0	4	32	88	0.000	5.7164e-01	1.0000e+00
FAM_00422	aquatic	0	4	32	88	0.000	5.7164e-01	1.0000e+00
FAM_00147	soil	0	5	23	96	0.000	5.8291e-01	1.0000e+00
FAM_00558	soil	0	5	23	96	0.000	5.8291e-01	1.0000e+00
FAM_00143	plant	0	6	18	100	0.000	5.9150e-01	1.0000e+00
FAM_00146	plant	0	6	18	100	0.000	5.9150e-01	1.0000e+00
FAM_00158	plant	0	6	18	100	0.000	5.9150e-01	1.0000e+00
FAM_00170	plant	0	6	18	100	0.000	5.9150e-01	1.0000e+00
FAM_00143	soil	0	6	23	95	0.000	5.9203e-01	1.0000e+00
FAM_00158	soil	0	6	23	95	0.000	5.9203e-01	1.0000e+00
FAM_00170	soil	0	6	23	95	0.000	5.9203e-01	1.0000e+00
FAM_00404	soil	0	6	23	95	0.000	5.9203e-01	1.0000e+00
FAM_00046	plant	0	7	18	99	0.000	5.9208e-01	1.0000e+00
FAM_00154	plant	0	7	18	99	0.000	5.9208e-01	1.0000e+00
FAM_00163	plant	0	7	18	99	0.000	5.9208e-01	1.0000e+00
FAM_00167	plant	0	7	18	99	0.000	5.9208e-01	1.0000e+00
FAM_00188	plant	0	7	18	99	0.000	5.9208e-01	1.0000e+00
FAM_00152	contaminated	0	16	7	101	0.000	5.9327e-01	1.0000e+00
FAM_00148	industrial	0	13	9	102	0.000	5.9548e-01	1.0000e+00
FAM_00175	industrial	0	13	9	102	0.000	5.9548e-01	1.0000e+00
FAM_00162	industrial	0	12	9	103	0.000	5.9788e-01	1.0000e+00
FAM_00164	industrial	0	12	9	103	0.000	5.9788e-01	1.0000e+00
FAM_00173	industrial	0	12	9	103	0.000	5.9788e-01	1.0000e+00
FAM_00396	industrial	0	12	9	103	0.000	5.9788e-01	1.0000e+00
FAM_00149	plant	0	8	18	98	0.000	6.0154e-01	1.0000e+00
FAM_00152	industrial	0	16	9	99	0.000	6.0305e-01	1.0000e+00
FAM_00046	soil	2	5	21	96	1.829	6.1277e-01	1.0000e+00
FAM_00151	industrial	2	17	7	98	1.647	6.2665e-01	1.0000e+00
FAM_00145	plant	2	8	16	98	1.531	6.3776e-01	1.0000e+00
FAM_00157	soil	2	6	21	95	1.508	6.4067e-01	1.0000e+00
FAM_00154	aquatic	1	6	31	86	0.462	6.7596e-01	1.0000e+00
FAM_00166	aquatic	1	6	31	86	0.462	6.7596e-01	1.0000e+00
FAM_00196	aquatic	1	6	31	86	0.462	6.7596e-01	1.0000e+00
FAM_00173	plant	2	10	16	96	1.200	6.8578e-01	1.0000e+00
FAM_00556	plant	2	10	16	96	1.200	6.8578e-01	1.0000e+00
FAM_00145	soil	1	9	22	92	0.465	6.8666e-01	1.0000e+00
FAM_00164	aquatic	2	10	30	82	0.547	7.2941e-01	1.0000e+00
FAM_00556	aquatic	2	10	30	82	0.547	7.2941e-01	1.0000e+00
FAM_00148	aquatic	4	9	28	83	1.317	7.3932e-01	1.0000e+00
FAM_00151	soil	4	15	19	86	1.207	7.5264e-01	1.0000e+00
FAM_00152	aquatic	3	13	29	79	0.629	7.5991e-01	1.0000e+00
FAM_00550	soil	23	100	0	1	inf	1.0000e+00	1.0000e+00
FAM_00550	plant	18	105	0	1	inf	1.0000e+00	1.0000e+00
FAM_00550	aquatic	32	91	0	1	inf	1.0000e+00	1.0000e+00
FAM_00550	contaminated	7	116	0	1	inf	1.0000e+00	1.0000e+00
FAM_00550	industrial	9	114	0	1	inf	1.0000e+00	1.0000e+00
FAM_00395	contaminated	1	26	6	91	0.583	1.0000e+00	1.0000e+00
FAM_00395	industrial	2	25	7	90	1.029	1.0000e+00	1.0000e+00
FAM_00160	contaminated	1	25	6	92	0.613	1.0000e+00	1.0000e+00
FAM_00151	plant	3	16	15	90	1.125	1.0000e+00	1.0000e+00
FAM_00156	contaminated	1	17	6	100	0.980	1.0000e+00	1.0000e+00
FAM_00156	industrial	1	17	8	98	0.721	1.0000e+00	1.0000e+00
FAM_00142	contaminated	1	16	6	101	1.052	1.0000e+00	1.0000e+00
FAM_00142	industrial	1	16	8	99	0.773	1.0000e+00	1.0000e+00
FAM_00148	contaminated	0	13	7	104	0.000	1.0000e+00	1.0000e+00
FAM_00175	contaminated	0	13	7	104	0.000	1.0000e+00	1.0000e+00
FAM_00162	contaminated	0	12	7	105	0.000	1.0000e+00	1.0000e+00
FAM_00164	plant	1	11	17	95	0.508	1.0000e+00	1.0000e+00
FAM_00164	contaminated	0	12	7	105	0.000	1.0000e+00	1.0000e+00
FAM_00173	aquatic	3	9	29	83	0.954	1.0000e+00	1.0000e+00
FAM_00396	contaminated	0	12	7	105	0.000	1.0000e+00	1.0000e+00
FAM_00556	industrial	1	11	8	104	1.182	1.0000e+00	1.0000e+00
FAM_00145	contaminated	0	10	7	107	0.000	1.0000e+00	1.0000e+00
FAM_00145	industrial	0	10	9	105	0.000	1.0000e+00	1.0000e+00
FAM_00159	contaminated	0	10	7	107	0.000	1.0000e+00	1.0000e+00
FAM_00159	industrial	0	10	9	105	0.000	1.0000e+00	1.0000e+00
FAM_00144	plant	1	8	17	98	0.721	1.0000e+00	1.0000e+00
FAM_00144	industrial	0	9	9	106	0.000	1.0000e+00	1.0000e+00
FAM_00149	contaminated	0	8	7	109	0.000	1.0000e+00	1.0000e+00
FAM_00149	industrial	0	8	9	107	0.000	1.0000e+00	1.0000e+00
FAM_00155	contaminated	0	8	7	109	0.000	1.0000e+00	1.0000e+00
FAM_00155	industrial	0	8	9	107	0.000	1.0000e+00	1.0000e+00
FAM_00157	plant	1	7	17	99	0.832	1.0000e+00	1.0000e+00
FAM_00157	aquatic	2	6	30	86	0.956	1.0000e+00	1.0000e+00
FAM_00157	contaminated	0	8	7	109	0.000	1.0000e+00	1.0000e+00
FAM_00157	industrial	0	8	9	107	0.000	1.0000e+00	1.0000e+00
FAM_00388	soil	1	7	22	94	0.610	1.0000e+00	1.0000e+00
FAM_00046	aquatic	2	5	30	87	1.160	1.0000e+00	1.0000e+00
FAM_00046	contaminated	0	7	7	110	0.000	1.0000e+00	1.0000e+00
FAM_00046	industrial	0	7	9	108	0.000	1.0000e+00	1.0000e+00
FAM_00154	soil	1	6	22	95	0.720	1.0000e+00	1.0000e+00
FAM_00163	contaminated	0	7	7	110	0.000	1.0000e+00	1.0000e+00
FAM_00163	industrial	0	7	9	108	0.000	1.0000e+00	1.0000e+00
FAM_00166	contaminated	0	7	7	110	0.000	1.0000e+00	1.0000e+00
FAM_00167	industrial	0	7	9	108	0.000	1.0000e+00	1.0000e+00
FAM_00188	soil	1	6	22	95	0.720	1.0000e+00	1.0000e+00
FAM_00196	soil	1	6	22	95	0.720	1.0000e+00	1.0000e+00
FAM_00196	contaminated	0	7	7	110	0.000	1.0000e+00	1.0000e+00
FAM_00426	soil	1	6	22	95	0.720	1.0000e+00	1.0000e+00
FAM_00427	soil	1	6	22	95	0.720	1.0000e+00	1.0000e+00
FAM_00143	contaminated	0	6	7	111	0.000	1.0000e+00	1.0000e+00
FAM_00143	industrial	0	6	9	109	0.000	1.0000e+00	1.0000e+00
FAM_00146	contaminated	0	6	7	111	0.000	1.0000e+00	1.0000e+00
FAM_00146	industrial	0	6	9	109	0.000	1.0000e+00	1.0000e+00
FAM_00158	contaminated	0	6	7	111	0.000	1.0000e+00	1.0000e+00
FAM_00158	industrial	0	6	9	109	0.000	1.0000e+00	1.0000e+00
FAM_00169	soil	1	5	22	96	0.873	1.0000e+00	1.0000e+00
FAM_00170	contaminated	0	6	7	111	0.000	1.0000e+00	1.0000e+00
FAM_00170	industrial	0	6	9	109	0.000	1.0000e+00	1.0000e+00
FAM_00174	contaminated	0	6	7	111	0.000	1.0000e+00	1.0000e+00
FAM_00174	industrial	0	6	9	109	0.000	1.0000e+00	1.0000e+00
FAM_00177	contaminated	0	6	7	111	0.000	1.0000e+00	1.0000e+00
FAM_00177	industrial	0	6	9	109	0.000	1.0000e+00	1.0000e+00
FAM_00189	plant	1	5	17	101	1.188	1.0000e+00	1.0000e+00
FAM_00404	plant	1	5	17	101	1.188	1.0000e+00	1.0000e+00
FAM_00404	contaminated	0	6	7	111	0.000	1.0000e+00	1.0000e+00
FAM_00404	industrial	0	6	9	109	0.000	1.0000e+00	1.0000e+00
FAM_00147	aquatic	1	4	31	88	0.710	1.0000e+00	1.0000e+00
FAM_00147	contaminated	0	5	7	112	0.000	1.0000e+00	1.0000e+00
FAM_00147	industrial	0	5	9	110	0.000	1.0000e+00	1.0000e+00
FAM_00391	soil	1	4	22	97	1.102	1.0000e+00	1.0000e+00
FAM_00391	plant	0	5	18	101	0.000	1.0000e+00	1.0000e+00
FAM_00391	aquatic	1	4	31	88	0.710	1.0000e+00	1.0000e+00
FAM_00428	plant	0	5	18	101	0.000	1.0000e+00	1.0000e+00
FAM_00428	contaminated	0	5	7	112	0.000	1.0000e+00	1.0000e+00
FAM_00428	industrial	0	5	9	110	0.000	1.0000e+00	1.0000e+00
FAM_00558	plant	0	5	18	101	0.000	1.0000e+00	1.0000e+00
FAM_00558	contaminated	0	5	7	112	0.000	1.0000e+00	1.0000e+00
FAM_00558	industrial	0	5	9	110	0.000	1.0000e+00	1.0000e+00
FAM_00002	soil	0	4	23	97	0.000	1.0000e+00	1.0000e+00
FAM_00002	plant	0	4	18	102	0.000	1.0000e+00	1.0000e+00
FAM_00002	aquatic	1	3	31	89	0.957	1.0000e+00	1.0000e+00
FAM_00002	industrial	0	4	9	111	0.000	1.0000e+00	1.0000e+00
FAM_00165	plant	0	4	18	102	0.000	1.0000e+00	1.0000e+00
FAM_00165	contaminated	0	4	7	113	0.000	1.0000e+00	1.0000e+00
FAM_00165	industrial	0	4	9	111	0.000	1.0000e+00	1.0000e+00
FAM_00390	soil	0	4	23	97	0.000	1.0000e+00	1.0000e+00
FAM_00390	contaminated	0	4	7	113	0.000	1.0000e+00	1.0000e+00
FAM_00390	industrial	0	4	9	111	0.000	1.0000e+00	1.0000e+00
FAM_00392	soil	0	4	23	97	0.000	1.0000e+00	1.0000e+00
FAM_00392	contaminated	0	4	7	113	0.000	1.0000e+00	1.0000e+00
FAM_00392	industrial	0	4	9	111	0.000	1.0000e+00	1.0000e+00
FAM_00419	soil	0	4	23	97	0.000	1.0000e+00	1.0000e+00
FAM_00419	plant	0	4	18	102	0.000	1.0000e+00	1.0000e+00
FAM_00419	aquatic	1	3	31	89	0.957	1.0000e+00	1.0000e+00
FAM_00422	soil	0	4	23	97	0.000	1.0000e+00	1.0000e+00
FAM_00422	contaminated	0	4	7	113	0.000	1.0000e+00	1.0000e+00
FAM_00422	industrial	0	4	9	111	0.000	1.0000e+00	1.0000e+00
FAM_00053	soil	0	3	23	98	0.000	1.0000e+00	1.0000e+00
FAM_00053	contaminated	0	3	7	114	0.000	1.0000e+00	1.0000e+00
FAM_00053	industrial	0	3	9	112	0.000	1.0000e+00	1.0000e+00
FAM_00057	soil	0	3	23	98	0.000	1.0000e+00	1.0000e+00
FAM_00057	contaminated	0	3	7	114	0.000	1.0000e+00	1.0000e+00
FAM_00057	industrial	0	3	9	112	0.000	1.0000e+00	1.0000e+00
FAM_00058	soil	0	3	23	98	0.000	1.0000e+00	1.0000e+00
FAM_00058	plant	0	3	18	103	0.000	1.0000e+00	1.0000e+00
FAM_00058	aquatic	1	2	31	90	1.452	1.0000e+00	1.0000e+00
FAM_00058	contaminated	0	3	7	114	0.000	1.0000e+00	1.0000e+00
FAM_00058	industrial	0	3	9	112	0.000	1.0000e+00	1.0000e+00
FAM_00150	soil	0	3	23	98	0.000	1.0000e+00	1.0000e+00
FAM_00150	plant	0	3	18	103	0.000	1.0000e+00	1.0000e+00
FAM_00150	contaminated	0	3	7	114	0.000	1.0000e+00	1.0000e+00
FAM_00153	soil	0	3	23	98	0.000	1.0000e+00	1.0000e+00
FAM_00153	plant	0	3	18	103	0.000	1.0000e+00	1.0000e+00
FAM_00153	aquatic	1	2	31	90	1.452	1.0000e+00	1.0000e+00
FAM_00161	plant	0	3	18	103	0.000	1.0000e+00	1.0000e+00
FAM_00161	contaminated	0	3	7	114	0.000	1.0000e+00	1.0000e+00
FAM_00161	industrial	0	3	9	112	0.000	1.0000e+00	1.0000e+00
FAM_00168	soil	0	3	23	98	0.000	1.0000e+00	1.0000e+00
FAM_00168	plant	0	3	18	103	0.000	1.0000e+00	1.0000e+00
FAM_00168	aquatic	1	2	31	90	1.452	1.0000e+00	1.0000e+00
FAM_00168	contaminated	0	3	7	114	0.000	1.0000e+00	1.0000e+00
FAM_00168	industrial	0	3	9	112	0.000	1.0000e+00	1.0000e+00
FAM_00194	soil	0	3	23	98	0.000	1.0000e+00	1.0000e+00
FAM_00194	plant	0	3	18	103	0.000	1.0000e+00	1.0000e+00
FAM_00195	plant	0	3	18	103	0.000	1.0000e+00	1.0000e+00
FAM_00195	industrial	0	3	9	112	0.000	1.0000e+00	1.0000e+00
FAM_00420	contaminated	0	3	7	114	0.000	1.0000e+00	1.0000e+00
FAM_00420	industrial	0	3	9	112	0.000	1.0000e+00	1.0000e+00
FAM_00421	plant	0	3	18	103	0.000	1.0000e+00	1.0000e+00
FAM_00423	plant	0	3	18	103	0.000	1.0000e+00	1.0000e+00
FAM_00425	soil	0	3	23	98	0.000	1.0000e+00	1.0000e+00
FAM_00425	plant	0	3	18	103	0.000	1.0000e+00	1.0000e+00
FAM_00425	contaminated	0	3	7	114	0.000	1.0000e+00	1.0000e+00
FAM_00001	plant	0	2	18	104	0.000	1.0000e+00	1.0000e+00
FAM_00001	aquatic	0	2	32	90	0.000	1.0000e+00	1.0000e+00
FAM_00001	contaminated	0	2	7	115	0.000	1.0000e+00	1.0000e+00
FAM_00001	industrial	0	2	9	113	0.000	1.0000e+00	1.0000e+00
FAM_00017	plant	0	2	18	104	0.000	1.0000e+00	1.0000e+00
FAM_00017	aquatic	0	2	32	90	0.000	1.0000e+00	1.0000e+00
FAM_00017	contaminated	0	2	7	115	0.000	1.0000e+00	1.0000e+00
FAM_00017	industrial	0	2	9	113	0.000	1.0000e+00	1.0000e+00
FAM_00111	soil	0	2	23	99	0.000	1.0000e+00	1.0000e+00
FAM_00111	plant	0	2	18	104	0.000	1.0000e+00	1.0000e+00
FAM_00111	contaminated	0	2	7	115	0.000	1.0000e+00	1.0000e+00
FAM_00111	industrial	0	2	9	113	0.000	1.0000e+00	1.0000e+00
FAM_00133	soil	0	2	23	99	0.000	1.0000e+00	1.0000e+00
FAM_00133	plant	0	2	18	104	0.000	1.0000e+00	1.0000e+00
FAM_00133	aquatic	0	2	32	90	0.000	1.0000e+00	1.0000e+00
FAM_00133	industrial	0	2	9	113	0.000	1.0000e+00	1.0000e+00
FAM_00187	soil	0	2	23	99	0.000	1.0000e+00	1.0000e+00
FAM_00187	plant	0	2	18	104	0.000	1.0000e+00	1.0000e+00
FAM_00187	aquatic	0	2	32	90	0.000	1.0000e+00	1.0000e+00
FAM_00187	contaminated	0	2	7	115	0.000	1.0000e+00	1.0000e+00
FAM_00187	industrial	0	2	9	113	0.000	1.0000e+00	1.0000e+00
FAM_00171	plant	0	2	18	104	0.000	1.0000e+00	1.0000e+00
FAM_00171	contaminated	0	2	7	115	0.000	1.0000e+00	1.0000e+00
FAM_00171	industrial	0	2	9	113	0.000	1.0000e+00	1.0000e+00
FAM_00193	soil	0	2	23	99	0.000	1.0000e+00	1.0000e+00
FAM_00193	plant	0	2	18	104	0.000	1.0000e+00	1.0000e+00
FAM_00193	aquatic	0	2	32	90	0.000	1.0000e+00	1.0000e+00
FAM_00197	soil	0	2	23	99	0.000	1.0000e+00	1.0000e+00
FAM_00197	plant	0	2	18	104	0.000	1.0000e+00	1.0000e+00
FAM_00197	aquatic	0	2	32	90	0.000	1.0000e+00	1.0000e+00
FAM_00198	plant	0	2	18	104	0.000	1.0000e+00	1.0000e+00
FAM_00198	aquatic	0	2	32	90	0.000	1.0000e+00	1.0000e+00
FAM_00198	contaminated	0	2	7	115	0.000	1.0000e+00	1.0000e+00
FAM_00198	industrial	0	2	9	113	0.000	1.0000e+00	1.0000e+00
FAM_00389	soil	0	2	23	99	0.000	1.0000e+00	1.0000e+00
FAM_00389	plant	0	2	18	104	0.000	1.0000e+00	1.0000e+00
FAM_00389	aquatic	0	2	32	90	0.000	1.0000e+00	1.0000e+00
FAM_00389	contaminated	0	2	7	115	0.000	1.0000e+00	1.0000e+00
FAM_00389	industrial	0	2	9	113	0.000	1.0000e+00	1.0000e+00
FAM_00399	soil	0	2	23	99	0.000	1.0000e+00	1.0000e+00
FAM_00399	plant	0	2	18	104	0.000	1.0000e+00	1.0000e+00
FAM_00399	aquatic	0	2	32	90	0.000	1.0000e+00	1.0000e+00
FAM_00399	contaminated	0	2	7	115	0.000	1.0000e+00	1.0000e+00
FAM_00399	industrial	0	2	9	113	0.000	1.0000e+00	1.0000e+00
FAM_00424	plant	0	2	18	104	0.000	1.0000e+00	1.0000e+00
FAM_00424	aquatic	0	2	32	90	0.000	1.0000e+00	1.0000e+00
FAM_00424	contaminated	0	2	7	115	0.000	1.0000e+00	1.0000e+00
FAM_00424	industrial	0	2	9	113	0.000	1.0000e+00	1.0000e+00
FAM_00429	soil	0	2	23	99	0.000	1.0000e+00	1.0000e+00
FAM_00429	plant	0	2	18	104	0.000	1.0000e+00	1.0000e+00
FAM_00429	aquatic	0	2	32	90	0.000	1.0000e+00	1.0000e+00
FAM_00429	contaminated	0	2	7	115	0.000	1.0000e+00	1.0000e+00
FAM_00429	industrial	0	2	9	113	0.000	1.0000e+00	1.0000e+00
FAM_00056	plant	0	1	18	105	0.000	1.0000e+00	1.0000e+00
FAM_00056	aquatic	0	1	32	91	0.000	1.0000e+00	1.0000e+00
FAM_00056	contaminated	0	1	7	116	0.000	1.0000e+00	1.0000e+00
FAM_00056	industrial	0	1	9	114	0.000	1.0000e+00	1.0000e+00
FAM_00020	plant	0	1	18	105	0.000	1.0000e+00	1.0000e+00
FAM_00020	aquatic	0	1	32	91	0.000	1.0000e+00	1.0000e+00
FAM_00020	contaminated	0	1	7	116	0.000	1.0000e+00	1.0000e+00
FAM_00020	industrial	0	1	9	114	0.000	1.0000e+00	1.0000e+00
FAM_00127	soil	0	1	23	100	0.000	1.0000e+00	1.0000e+00
FAM_00127	plant	0	1	18	105	0.000	1.0000e+00	1.0000e+00
FAM_00127	aquatic	0	1	32	91	0.000	1.0000e+00	1.0000e+00
FAM_00127	contaminated	0	1	7	116	0.000	1.0000e+00	1.0000e+00
FAM_00127	industrial	0	1	9	114	0.000	1.0000e+00	1.0000e+00
FAM_00185	soil	0	1	23	100	0.000	1.0000e+00	1.0000e+00
FAM_00185	plant	0	1	18	105	0.000	1.0000e+00	1.0000e+00
FAM_00185	contaminated	0	1	7	116	0.000	1.0000e+00	1.0000e+00
FAM_00185	industrial	0	1	9	114	0.000	1.0000e+00	1.0000e+00
FAM_00199	plant	0	1	18	105	0.000	1.0000e+00	1.0000e+00
FAM_00199	aquatic	0	1	32	91	0.000	1.0000e+00	1.0000e+00
FAM_00199	contaminated	0	1	7	116	0.000	1.0000e+00	1.0000e+00
FAM_00199	industrial	0	1	9	114	0.000	1.0000e+00	1.0000e+00
FAM_00200	soil	0	1	23	100	0.000	1.0000e+00	1.0000e+00
FAM_00200	plant	0	1	18	105	0.000	1.0000e+00	1.0000e+00
FAM_00200	aquatic	0	1	32	91	0.000	1.0000e+00	1.0000e+00
FAM_00200	contaminated	0	1	7	116	0.000	1.0000e+00	1.0000e+00
FAM_00200	industrial	0	1	9	114	0.000	1.0000e+00	1.0000e+00
FAM_00201	soil	0	1	23	100	0.000	1.0000e+00	1.0000e+00
FAM_00201	plant	0	1	18	105	0.000	1.0000e+00	1.0000e+00
FAM_00201	aquatic	0	1	32	91	0.000	1.0000e+00	1.0000e+00
FAM_00201	contaminated	0	1	7	116	0.000	1.0000e+00	1.0000e+00
FAM_00201	industrial	0	1	9	114	0.000	1.0000e+00	1.0000e+00
FAM_00202	soil	0	1	23	100	0.000	1.0000e+00	1.0000e+00
FAM_00202	plant	0	1	18	105	0.000	1.0000e+00	1.0000e+00
FAM_00202	contaminated	0	1	7	116	0.000	1.0000e+00	1.0000e+00
FAM_00203	plant	0	1	18	105	0.000	1.0000e+00	1.0000e+00
FAM_00203	aquatic	0	1	32	91	0.000	1.0000e+00	1.0000e+00
FAM_00203	contaminated	0	1	7	116	0.000	1.0000e+00	1.0000e+00
FAM_00203	industrial	0	1	9	114	0.000	1.0000e+00	1.0000e+00
FAM_00204	plant	0	1	18	105	0.000	1.0000e+00	1.0000e+00
FAM_00204	aquatic	0	1	32	91	0.000	1.0000e+00	1.0000e+00
FAM_00204	contaminated	0	1	7	116	0.000	1.0000e+00	1.0000e+00
FAM_00204	industrial	0	1	9	114	0.000	1.0000e+00	1.0000e+00
FAM_00205	plant	0	1	18	105	0.000	1.0000e+00	1.0000e+00
FAM_00205	aquatic	0	1	32	91	0.000	1.0000e+00	1.0000e+00
FAM_00205	contaminated	0	1	7	116	0.000	1.0000e+00	1.0000e+00
FAM_00205	industrial	0	1	9	114	0.000	1.0000e+00	1.0000e+00
FAM_00206	soil	0	1	23	100	0.000	1.0000e+00	1.0000e+00
FAM_00206	plant	0	1	18	105	0.000	1.0000e+00	1.0000e+00
FAM_00206	aquatic	0	1	32	91	0.000	1.0000e+00	1.0000e+00
FAM_00206	industrial	0	1	9	114	0.000	1.0000e+00	1.0000e+00
FAM_00207	soil	0	1	23	100	0.000	1.0000e+00	1.0000e+00
FAM_00207	plant	0	1	18	105	0.000	1.0000e+00	1.0000e+00
FAM_00207	contaminated	0	1	7	116	0.000	1.0000e+00	1.0000e+00
FAM_00207	industrial	0	1	9	114	0.000	1.0000e+00	1.0000e+00
FAM_00208	soil	0	1	23	100	0.000	1.0000e+00	1.0000e+00
FAM_00208	plant	0	1	18	105	0.000	1.0000e+00	1.0000e+00
FAM_00208	aquatic	0	1	32	91	0.000	1.0000e+00	1.0000e+00
FAM_00208	contaminated	0	1	7	116	0.000	1.0000e+00	1.0000e+00
FAM_00208	industrial	0	1	9	114	0.000	1.0000e+00	1.0000e+00
FAM_00430	plant	0	1	18	105	0.000	1.0000e+00	1.0000e+00
FAM_00430	contaminated	0	1	7	116	0.000	1.0000e+00	1.0000e+00
FAM_00430	industrial	0	1	9	114	0.000	1.0000e+00	1.0000e+00
FAM_00431	plant	0	1	18	105	0.000	1.0000e+00	1.0000e+00
FAM_00431	aquatic	0	1	32	91	0.000	1.0000e+00	1.0000e+00
FAM_00431	contaminated	0	1	7	116	0.000	1.0000e+00	1.0000e+00
FAM_00431	industrial	0	1	9	114	0.000	1.0000e+00	1.0000e+00
FAM_00432	soil	0	1	23	100	0.000	1.0000e+00	1.0000e+00
FAM_00432	plant	0	1	18	105	0.000	1.0000e+00	1.0000e+00
FAM_00432	aquatic	0	1	32	91	0.000	1.0000e+00	1.0000e+00
FAM_00433	soil	0	1	23	100	0.000	1.0000e+00	1.0000e+00
FAM_00433	plant	0	1	18	105	0.000	1.0000e+00	1.0000e+00
FAM_00433	aquatic	0	1	32	91	0.000	1.0000e+00	1.0000e+00
FAM_00433	contaminated	0	1	7	116	0.000	1.0000e+00	1.0000e+00
FAM_00433	industrial	0	1	9	114	0.000	1.0000e+00	1.0000e+00
FAM_00434	soil	0	1	23	100	0.000	1.0000e+00	1.0000e+00
FAM_00434	plant	0	1	18	105	0.000	1.0000e+00	1.0000e+00
FAM_00434	aquatic	0	1	32	91	0.000	1.0000e+00	1.0000e+00
FAM_00434	contaminated	0	1	7	116	0.000	1.0000e+00	1.0000e+00
FAM_00435	soil	0	1	23	100	0.000	1.0000e+00	1.0000e+00
FAM_00435	plant	0	1	18	105	0.000	1.0000e+00	1.0000e+00
FAM_00435	contaminated	0	1	7	116	0.000	1.0000e+00	1.0000e+00
FAM_00435	industrial	0	1	9	114	0.000	1.0000e+00	1.0000e+00
FAM_00436	soil	0	1	23	100	0.000	1.0000e+00	1.0000e+00
FAM_00436	plant	0	1	18	105	0.000	1.0000e+00	1.0000e+00
FAM_00436	aquatic	0	1	32	91	0.000	1.0000e+00	1.0000e+00
FAM_00436	contaminated	0	1	7	116	0.000	1.0000e+00	1.0000e+00
FAM_00436	industrial	0	1	9	114	0.000	1.0000e+00	1.0000e+00
FAM_00437	aquatic	0	1	32	91	0.000	1.0000e+00	1.0000e+00
FAM_00437	contaminated	0	1	7	116	0.000	1.0000e+00	1.0000e+00
FAM_00437	industrial	0	1	9	114	0.000	1.0000e+00	1.0000e+00
FAM_00438	soil	0	1	23	100	0.000	1.0000e+00	1.0000e+00
FAM_00438	plant	0	1	18	105	0.000	1.0000e+00	1.0000e+00
FAM_00438	aquatic	0	1	32	91	0.000	1.0000e+00	1.0000e+00
FAM_00439	soil	0	1	23	100	0.000	1.0000e+00	1.0000e+00
FAM_00439	plant	0	1	18	105	0.000	1.0000e+00	1.0000e+00
FAM_00439	aquatic	0	1	32	91	0.000	1.0000e+00	1.0000e+00
FAM_00440	soil	0	1	23	100	0.000	1.0000e+00	1.0000e+00
FAM_00440	plant	0	1	18	105	0.000	1.0000e+00	1.0000e+00
FAM_00440	aquatic	0	1	32	91	0.000	1.0000e+00	1.0000e+00
FAM_00441	soil	0	1	23	100	0.000	1.0000e+00	1.0000e+00
FAM_00441	aquatic	0	1	32	91	0.000	1.0000e+00	1.0000e+00
FAM_00441	contaminated	0	1	7	116	0.000	1.0000e+00	1.0000e+00
FAM_00441	industrial	0	1	9	114	0.000	1.0000e+00	1.0000e+00
FAM_00442	soil	0	1	23	100	0.000	1.0000e+00	1.0000e+00
FAM_00442	plant	0	1	18	105	0.000	1.0000e+00	1.0000e+00
FAM_00442	aquatic	0	1	32	91	0.000	1.0000e+00	1.0000e+00
FAM_00442	contaminated	0	1	7	116	0.000	1.0000e+00	1.0000e+00
FAM_00442	industrial	0	1	9	114	0.000	1.0000e+00	1.0000e+00
FAM_00443	soil	0	1	23	100	0.000	1.0000e+00	1.0000e+00
FAM_00443	plant	0	1	18	105	0.000	1.0000e+00	1.0000e+00
FAM_00443	aquatic	0	1	32	91	0.000	1.0000e+00	1.0000e+00
FAM_00443	contaminated	0	1	7	116	0.000	1.0000e+00	1.0000e+00
FAM_00443	industrial	0	1	9	114	0.000	1.0000e+00	1.0000e+00
FAM_00444	plant	0	1	18	105	0.000	1.0000e+00	1.0000e+00
FAM_00444	aquatic	0	1	32	91	0.000	1.0000e+00	1.0000e+00
FAM_00444	industrial	0	1	9	114	0.000	1.0000e+00	1.0000e+00
FAM_00445	soil	0	1	23	100	0.000	1.0000e+00	1.0000e+00
FAM_00445	plant	0	1	18	105	0.000	1.0000e+00	1.0000e+00
FAM_00445	contaminated	0	1	7	116	0.000	1.0000e+00	1.0000e+00
FAM_00445	industrial	0	1	9	114	0.000	1.0000e+00	1.0000e+00
FAM_00446	soil	0	1	23	100	0.000	1.0000e+00	1.0000e+00
FAM_00446	plant	0	1	18	105	0.000	1.0000e+00	1.0000e+00
FAM_00446	contaminated	0	1	7	116	0.000	1.0000e+00	1.0000e+00
FAM_00446	industrial	0	1	9	114	0.000	1.0000e+00	1.0000e+00
FAM_00447	plant	0	1	18	105	0.000	1.0000e+00	1.0000e+00
FAM_00447	contaminated	0	1	7	116	0.000	1.0000e+00	1.0000e+00
FAM_00447	industrial	0	1	9	114	0.000	1.0000e+00	1.0000e+00
FAM_00586	soil	0	1	23	100	0.000	1.0000e+00	1.0000e+00
FAM_00586	aquatic	0	1	32	91	0.000	1.0000e+00	1.0000e+00
FAM_00586	contaminated	0	1	7	116	0.000	1.0000e+00	1.0000e+00
FAM_00586	industrial	0	1	9	114	0.000	1.0000e+00	1.0000e+00
FAM_00587	soil	0	1	23	100	0.000	1.0000e+00	1.0000e+00
FAM_00587	plant	0	1	18	105	0.000	1.0000e+00	1.0000e+00
FAM_00587	contaminated	0	1	7	116	0.000	1.0000e+00	1.0000e+00
FAM_00587	industrial	0	1	9	114	0.000	1.0000e+00	1.0000e+00
FAM_00592	soil	0	1	23	100	0.000	1.0000e+00	1.0000e+00
FAM_00592	plant	0	1	18	105	0.000	1.0000e+00	1.0000e+00
FAM_00592	aquatic	0	1	32	91	0.000	1.0000e+00	1.0000e+00
FAM_00592	contaminated	0	1	7	116	0.000	1.0000e+00	1.0000e+00
FAM_00592	industrial	0	1	9	114	0.000	1.0000e+00	1.0000e+00
FAM_00593	soil	0	1	23	100	0.000	1.0000e+00	1.0000e+00
FAM_00593	plant	0	1	18	105	0.000	1.0000e+00	1.0000e+00
FAM_00593	contaminated	0	1	7	116	0.000	1.0000e+00	1.0000e+00
FAM_00593	industrial	0	1	9	114	0.000	1.0000e+00	1.0000e+00
FAM_00594	plant	0	1	18	105	0.000	1.0000e+00	1.0000e+00
FAM_00594	aquatic	0	1	32	91	0.000	1.0000e+00	1.0000e+00
FAM_00594	contaminated	0	1	7	116	0.000	1.0000e+00	1.0000e+00
FAM_00594	industrial	0	1	9	114	0.000	1.0000e+00	1.0000e+00
FAM_00601	soil	0	1	23	100	0.000	1.0000e+00	1.0000e+00
FAM_00601	plant	0	1	18	105	0.000	1.0000e+00	1.0000e+00
FAM_00601	aquatic	0	1	32	91	0.000	1.0000e+00	1.0000e+00
FAM_00601	contaminated	0	1	7	116	0.000	1.0000e+00	1.0000e+00
FAM_00601	industrial	0	1	9	114	0.000	1.0000e+00	1.0000e+00
