class	niche	a	b	c	d	odds_ratio	p_value	fdr
RiPP-like	aquatic	25	17	7	75	15.756	2.2366e-09	2.2366e-07
ectoine	aquatic	21	16	11	76	9.068	8.7228e-07	4.3614e-05
RiPP-like	plant	0	42	18	64	0.000	3.3471e-04	1.1157e-02
T3PKS	plant	7	8	11	98	7.795	1.3478e-03	3.3695e-02
betalactone	aquatic	29	56	3	36	6.214	1.6863e-03	3.3725e-02
thioamitides	industrial	6	24	3	91	7.583	6.2762e-03	1.0460e-01
thiopeptide	plant	3	1	15	105	21.000	9.5463e-03	1.3638e-01
ectoine	soil	2	35	21	66	0.180	1.2546e-02	1.3744e-01
ectoine	plant	1	36	17	70	0.114	1.2818e-02	1.3744e-01
thioamitides	plant	9	21	9	85	4.048	1.3744e-02	1.3744e-01
redox-cofactor	aquatic	0	14	32	78	0.000	1.9927e-02	1.8116e-01
LAP	industrial	2	3	7	112	10.667	4.1989e-02	3.4991e-01
phosphonate	contaminated	1	0	6	117	inf	5.6452e-02	3.7832e-01
ectoine	industrial	0	37	9	78	0.000	5.6474e-02	3.7832e-01
thioamitides	contaminated	4	26	3	91	4.667	5.7844e-02	3.7832e-01
acyl_amino_acids	soil	2	29	21	72	0.236	6.0531e-02	3.7832e-01
redox-cofactor	industrial	3	11	6	104	4.727	6.4441e-02	3.7906e-01
thioamitides	aquatic	4	26	28	66	0.363	9.4192e-02	5.0103e-01
acyl_amino_acids	aquatic	12	19	20	73	2.305	9.5196e-02	5.0103e-01
acyl_amino_acids	industrial	0	31	9	84	0.000	1.1033e-01	5.2980e-01
lassopeptide	aquatic	0	8	32	84	0.000	1.1126e-01	5.2980e-01
redox-cofactor	plant	4	10	14	96	2.743	1.2141e-01	5.3575e-01
hydrogen-cyanide	industrial	3	15	6	100	3.333	1.2322e-01	5.3575e-01
hserlactone	aquatic	22	76	10	16	0.463	1.2958e-01	5.3992e-01
hserlactone	soil	21	77	2	24	3.273	1.5643e-01	6.1322e-01
hserlactone	contaminated	4	94	3	23	0.326	1.5944e-01	6.1322e-01
redox-cofactor	contaminated	2	12	5	105	3.500	1.7891e-01	6.6263e-01
hserlactone	plant	12	86	6	20	0.465	2.0851e-01	7.0489e-01
thiopeptide	contaminated	1	3	6	114	6.333	2.0973e-01	7.0489e-01
T1PKS	plant	0	12	18	94	0.000	2.1147e-01	7.0489e-01
T1PKS	soil	4	8	19	93	2.447	2.3296e-01	7.5149e-01
LAP	contaminated	1	4	6	113	4.708	2.5583e-01	7.8921e-01
thiopeptide	industrial	1	3	8	112	4.667	2.6307e-01	7.8921e-01
hydrogen-cyanide	contaminated	2	16	5	101	2.525	2.6833e-01	7.8921e-01
RRE-containing	aquatic	4	20	28	72	0.514	3.0839e-01	8.8112e-01
LAP	aquatic	0	5	32	87	0.000	3.2622e-01	8.9758e-01
RRE-containing	plant	5	19	13	87	1.761	3.4037e-01	8.9758e-01
lassopeptide	soil	0	8	23	93	0.000	3.4942e-01	8.9758e-01
T3PKS	aquatic	2	13	30	79	0.405	3.5006e-01	8.9758e-01
RRE-containing	industrial	3	21	6	94	2.238	3.7388e-01	9.1809e-01
NRPS-like	contaminated	1	7	6	110	2.619	3.8057e-01	9.1809e-01
RRE-containing	soil	6	18	17	83	1.627	3.8609e-01	9.1809e-01
hserlactone	industrial	6	92	3	23	0.500	3.9478e-01	9.1809e-01
redox-cofactor	soil	1	13	22	88	0.308	4.6398e-01	1.0000e+00
RiPP-like	soil	6	36	17	65	0.637	4.6887e-01	1.0000e+00
T1PKS	contaminated	1	11	6	106	1.606	5.1873e-01	1.0000e+00
hydrogen-cyanide	soil	2	16	21	85	0.506	5.2192e-01	1.0000e+00
acyl_amino_acids	plant	3	28	15	78	0.557	5.5770e-01	1.0000e+00
thiopeptide	aquatic	0	4	32	88	0.000	5.7164e-01	1.0000e+00
betalactone	plant	11	74	7	32	0.680	5.8357e-01	1.0000e+00
T3PKS	contaminated	0	15	7	102	0.000	5.9648e-01	1.0000e+00
T1PKS	industrial	0	12	9	103	0.000	5.9788e-01	1.0000e+00
T3PKS	industrial	0	15	9	100	0.000	5.9839e-01	1.0000e+00
NRPS-like	plant	0	8	18	98	0.000	6.0154e-01	1.0000e+00
RRE-containing	contaminated	2	22	5	95	1.727	6.1994e-01	1.0000e+00
betalactone	soil	17	68	6	33	1.375	6.2518e-01	1.0000e+00
ectoine	contaminated	1	36	6	81	0.375	6.7308e-01	1.0000e+00
acyl_amino_acids	contaminated	1	30	6	87	0.483	6.7896e-01	1.0000e+00
RiPP-like	industrial	2	40	7	75	0.536	7.1670e-01	1.0000e+00
T1PKS	aquatic	2	10	30	82	0.547	7.2941e-01	1.0000e+00
thioamitides	soil	6	24	17	77	1.132	7.9232e-01	1.0000e+00
betalactone	contaminated	5	80	2	37	1.156	1.0000e+00	1.0000e+00
betalactone	industrial	6	79	3	36	0.911	1.0000e+00	1.0000e+00
RiPP-like	contaminated	2	40	5	77	0.770	1.0000e+00	1.0000e+00
terpene	soil	23	101	0	0	nan	1.0000e+00	1.0000e+00
terpene	plant	18	106	0	0	nan	1.0000e+00	1.0000e+00
terpene	aquatic	32	92	0	0	nan	1.0000e+00	1.0000e+00
terpene	contaminated	7	117	0	0	nan	1.0000e+00	1.0000e+00
terpene	industrial	9	115	0	0	nan	1.0000e+00	1.0000e+00
thiopeptide	soil	0	4	23	97	0.000	1.0000e+00	1.0000e+00
hydrogen-cyanide	plant	2	16	16	90	0.703	1.0000e+00	1.0000e+00
hydrogen-cyanide	aquatic	4	14	28	78	0.796	1.0000e+00	1.0000e+00
NRPS-like	soil	1	7	22	94	0.610	1.0000e+00	1.0000e+00
NRPS-like	aquatic	2	6	30	86	0.956	1.0000e+00	1.0000e+00
NRPS-like	industrial	0	8	9	107	0.000	1.0000e+00	1.0000e+00
T3PKS	soil	3	12	20	89	1.113	1.0000e+00	1.0000e+00
LAP	soil	1	4	22	97	1.102	1.0000e+00	1.0000e+00
LAP	plant	0	5	18	101	0.000	1.0000e+00	1.0000e+00
lassopeptide	plant	1	7	17	99	0.832	1.0000e+00	1.0000e+00
lassopeptide	contaminated	0	8	7	109	0.000	1.0000e+00	1.0000e+00
lassopeptide	industrial	0	8	9	107	0.000	1.0000e+00	1.0000e+00
phosphonate	soil	0	1	23	100	0.000	1.0000e+00	1.0000e+00
phosphonate	plant	0	1	18	105	0.000	1.0000e+00	1.0000e+00
phosphonate	aquatic	0	1	32	91	0.000	1.0000e+00	1.0000e+00
phosphonate	industrial	0	1	9	114	0.000	1.0000e+00	1.0000e+00
NRP-metallophore	soil	0	1	23	100	0.000	1.0000e+00	1.0000e+00
NRP-metallophore	plant	0	1	18	105	0.000	1.0000e+00	1.0000e+00
NRP-metallophore	aquatic	0	1	32	91	0.000	1.0000e+00	1.0000e+00
NRP-metallophore	contaminated	0	1	7	116	0.000	1.0000e+00	1.0000e+00
NRP-metallophore	industrial	0	1	9	114	0.000	1.0000e+00	1.0000e+00
NRPS	soil	0	1	23	100	0.000	1.0000e+00	1.0000e+00
NRPS	plant	0	1	18	105	0.000	1.0000e+00	1.0000e+00
NRPS	aquatic	0	1	32	91	0.000	1.0000e+00	1.0000e+00
NRPS	contaminated	0	1	7	116	0.000	1.0000e+00	1.0000e+00
NRPS	industrial	0	1	9	114	0.000	1.0000e+00	1.0000e+00
lanthipeptide-class-ii	soil	0	1	23	100	0.000	1.0000e+00	1.0000e+00
lanthipeptide-class-ii	plant	0	1	18	105	0.000	1.0000e+00	1.0000e+00
lanthipeptide-class-ii	aquatic	0	1	32	91	0.000	1.0000e+00	1.0000e+00
lanthipeptide-class-ii	contaminated	0	1	7	116	0.000	1.0000e+00	1.0000e+00
lanthipeptide-class-ii	industrial	0	1	9	114	0.000	1.0000e+00	1.0000e+00
