accession	niches
GCA_943372435.1	aquatic
GCA_977190485.1	aquatic
GCA_977202345.1	aquatic
GCA_977206845.1	aquatic
GCA_977242165.1	aquatic
GCA_977254065.1	aquatic
GCF_000735585.1	
GCF_000743575.1	soil
GCF_000969445.1	soil
GCF_000970435.1	contaminated
GCF_000970455.1	soil
GCF_000971295.1	
GCF_001421945.1	plant
GCF_001425445.1	plant
GCF_001426345.1	plant
GCF_001427605.1	plant
GCF_001427875.1	plant
GCF_001650025.1	soil
GCF_001899045.1	industrial
GCF_002949085.1	aquatic
GCF_003056345.1	aquatic
GCF_003056355.1	
GCF_003056405.1	aquatic
GCF_004005995.1	
GCF_005222805.1	soil
GCF_007859655.1	soil
GCF_009758415.1	aquatic
GCF_012847305.1	aquatic,soil
GCF_013185955.1	
GCF_013185965.1	
GCF_014127105.1	aquatic,soil
GCF_014197055.1	
GCF_014652635.1	
GCF_014837245.1	plant
GCF_014860165.1	aquatic,industrial
GCF_014926585.1	aquatic
GCF_015158295.1	
GCF_015234425.1	
GCF_016411825.1	
GCF_016457235.1	aquatic,soil
GCF_016461625.1	aquatic,soil
GCF_016595685.1	
GCF_016698645.1	plant
GCF_016698665.1	plant
GCF_017744655.1	soil
GCF_018334155.1	
GCF_019504385.1	aquatic
GCF_021729885.1	plant
GCF_022429625.1	
GCF_024158985.1	
GCF_024273195.1	
GCF_024273205.1	
GCF_024707105.1	
GCF_025452235.1	host_associated,plant
GCF_025809055.1	contaminated
GCF_027214225.1	aquatic
GCF_028290435.1	soil
GCF_028290625.1	soil
GCF_028816435.1	aquatic
GCF_029201545.1	
GCF_029201565.1	
GCF_030159855.1	
GCF_030160115.1	
GCF_030177755.1	soil
GCF_030285925.1	
GCF_032907385.1	soil
GCF_036563435.1	soil
GCF_037113415.1	aquatic
GCF_040223715.1	aquatic
GCF_040546795.1	
GCF_040546815.1	
GCF_042181575.1	
GCF_042431865.1	
GCF_042648785.1	
GCF_042679405.1	
GCF_042685625.1	
GCF_044987315.1	
GCF_046614475.1	aquatic
GCF_051302775.1	aquatic
GCF_054482695.1	aquatic
GCF_054489345.1	soil
GCF_055397495.1	plant,soil
GCF_055808475.1	aquatic
GCF_056341075.1	
GCF_058133495.1	
GCF_058133665.1	
GCF_059070485.1	soil
GCF_059724365.1	
GCF_059726835.1	aquatic
GCF_060038265.1	
GCF_900110945.1	
GCF_900112505.1	
GCF_900116545.1	
GCF_900128975.1	
GCF_900177655.1	
GCF_900631955.1	
GCF_964252865.1	plant
GCF_977014175.1	
GCF_977186645.1	aquatic
GCF_977243345.1	aquatic
GCF_977256975.1	aquatic
GCA_041916695.1	contaminated,industrial
GCF_001402915.1	
GCF_001424865.1	plant
GCF_001425235.1	plant
GCF_001899065.1	industrial
GCF_001899075.1	industrial
GCF_001899085.1	industrial
GCF_017307475.1	contaminated,industrial
GCF_017307495.1	contaminated,industrial
GCF_017307535.1	contaminated,industrial
GCF_028613635.1	
GCF_048261455.1	aquatic
GCF_049354815.1	contaminated,soil
GCF_051861085.1	soil
GCF_054605195.1	soil
GCF_055633315.1	soil
GCF_055808595.1	aquatic
GCF_056402875.1	plant
GCF_056403495.1	plant
GCF_056405135.1	plant
GCF_057657195.1	
GCF_964252795.1	plant
GCF_965229025.1	aquatic
