accession	completeness	contamination	status
GCA_000689495.1	100.00	0.26	standard
GCA_000743515.1	99.99	0.18	standard
GCA_001185205.1	100.00	0.23	standard
GCA_003231995.1	25.83	0.04	excluded
GCA_014083885.1	100.00	0.10	standard
GCA_016213505.1	92.29	0.88	excluded
GCA_016713105.1	94.78	1.13	excluded
GCA_017794705.1	92.60	0.41	excluded
GCA_025452255.1	80.68	2.25	excluded
GCA_028290665.1	60.42	0.29	excluded
GCA_035549855.1	89.27	2.83	excluded
GCA_035998575.1	64.37	0.11	excluded
GCA_039916605.1	89.17	1.39	excluded
GCA_039918675.1	89.67	1.19	excluded
GCA_039920085.1	94.92	1.22	excluded
GCA_039934955.1	87.80	0.47	excluded
GCA_040081595.1	93.05	0.30	excluded
GCA_040218355.1	87.49	0.17	excluded
GCA_041916675.1	92.47	0.00	excluded
GCA_041916695.1	99.93	1.33	standard
GCA_044224395.1	81.34	0.02	excluded
GCA_047616975.1	100.00	0.01	standard
GCA_051016205.1	97.10	2.81	standard
GCA_053550655.1	59.97	1.94	excluded
GCA_057175685.1	62.93	0.62	excluded
GCA_057356985.1	89.20	1.63	excluded
GCA_057358705.1	80.67	0.33	excluded
GCA_057361525.1	78.41	2.26	excluded
GCA_057361605.1	63.38	1.28	excluded
GCA_060610975.1	98.85	0.21	standard
GCA_062008457.1	91.12	0.02	excluded
GCA_913055185.1	91.08	0.11	excluded
GCA_943372435.1	98.93	0.26	standard
GCA_977190485.1	99.99	0.44	standard
GCA_977202345.1	100.00	1.46	standard
GCA_977206845.1	100.00	0.50	standard
GCA_977242165.1	100.00	0.50	standard
GCA_977254065.1	100.00	2.23	standard
GCF_000735585.1	99.16	0.03	standard
GCF_000743575.1	99.60	0.35	standard
GCF_000969445.1	99.95	0.13	standard
GCF_000970435.1	99.95	3.33	standard
GCF_000970455.1	99.91	0.05	standard
GCF_000971295.1	99.98	3.36	standard
GCF_001402915.1	99.99	1.94	standard
GCF_001421945.1	99.97	0.06	standard
GCF_001424865.1	100.00	2.54	standard
GCF_001425235.1	100.00	2.33	standard
GCF_001425445.1	99.98	0.56	standard
GCF_001426345.1	99.92	0.12	standard
GCF_001427605.1	99.93	0.26	standard
GCF_001427875.1	99.97	0.26	standard
GCF_001650025.1	99.99	0.13	standard
GCF_001899045.1	97.97	0.53	standard
GCF_001899065.1	99.95	0.36	standard
GCF_001899075.1	99.84	0.38	standard
GCF_001899085.1	100.00	1.08	standard
GCF_002949085.1	99.95	0.02	standard
GCF_003056345.1	100.00	1.32	standard
GCF_003056355.1	99.99	3.51	standard
GCF_003056405.1	99.97	0.00	standard
GCF_004005995.1	100.00	1.01	standard
GCF_005222805.1	99.82	0.00	standard
GCF_007859655.1	99.95	0.59	standard
GCF_009758415.1	99.43	0.00	standard
GCF_011058215.1	85.77	2.45	excluded
GCF_012847305.1	99.44	0.00	standard
GCF_013185955.1	100.00	1.62	standard
GCF_013185965.1	100.00	1.36	standard
GCF_014127105.1	99.95	0.00	standard
GCF_014197055.1	99.97	0.01	standard
GCF_014652635.1	99.97	0.59	standard
GCF_014837245.1	99.79	0.40	standard
GCF_014860165.1	99.55	3.13	standard
GCF_014926585.1	99.73	0.10	standard
GCF_015158295.1	99.97	0.23	standard
GCF_015234425.1	99.99	2.36	standard
GCF_016411825.1	99.37	0.82	standard
GCF_016457235.1	99.91	0.00	standard
GCF_016461625.1	99.59	0.02	standard
GCF_016595685.1	99.93	0.06	standard
GCF_016698645.1	98.73	0.04	standard
GCF_016698665.1	99.98	0.08	standard
GCF_017307475.1	99.89	0.39	standard
GCF_017307495.1	99.99	0.80	standard
GCF_017307535.1	100.00	0.87	standard
GCF_017744655.1	99.92	0.11	standard
GCF_018334155.1	99.99	0.19	standard
GCF_019504385.1	99.95	0.73	standard
GCF_020169335.1	92.42	0.18	excluded
GCF_021729885.1	99.95	0.07	standard
GCF_022429625.1	97.91	0.56	standard
GCF_024158985.1	99.96	0.00	standard
GCF_024273195.1	98.35	0.20	standard
GCF_024273205.1	98.22	0.22	standard
GCF_024707105.1	98.64	1.11	standard
GCF_024707125.1	94.81	0.49	excluded
GCF_025452235.1	99.91	0.26	standard
GCF_025809055.1	99.18	0.05	standard
GCF_027214225.1	100.00	0.47	standard
GCF_028290435.1	99.99	2.78	standard
GCF_028290625.1	98.54	4.89	standard
GCF_028613635.1	100.00	1.27	standard
GCF_028816435.1	99.73	0.34	standard
GCF_028816455.1	90.96	1.58	excluded
GCF_028816475.1	92.64	0.20	excluded
GCF_029201545.1	99.99	0.13	standard
GCF_029201565.1	100.00	0.20	standard
GCF_030159855.1	99.99	0.94	standard
GCF_030160115.1	100.00	1.75	standard
GCF_030177755.1	99.93	0.46	standard
GCF_030285925.1	99.32	0.08	standard
GCF_032907385.1	99.99	0.71	standard
GCF_035944845.1	94.88	1.43	excluded
GCF_036563435.1	99.92	0.10	standard
GCF_037113415.1	99.41	0.03	standard
GCF_039916045.1	87.82	1.41	excluded
GCF_039927955.1	87.78	1.41	excluded
GCF_040223715.1	99.86	0.23	standard
GCF_040546795.1	100.00	3.05	standard
GCF_040546815.1	100.00	0.58	standard
GCF_042181575.1	99.95	0.23	standard
GCF_042431865.1	100.00	1.85	standard
GCF_042648785.1	100.00	0.06	standard
GCF_042679405.1	98.99	0.86	standard
GCF_042685625.1	99.95	1.57	standard
GCF_044987315.1	99.93	0.83	standard
GCF_046614475.1	99.93	0.27	standard
GCF_048261455.1	98.79	1.45	standard
GCF_049354815.1	99.99	0.62	standard
GCF_051302775.1	99.82	0.19	standard
GCF_051861085.1	100.00	1.08	standard
GCF_053550215.1	99.76	0.15	standard
GCF_053579715.1	99.43	2.04	standard
GCF_053579735.1	99.86	0.65	standard
GCF_054482695.1	99.71	0.00	standard
GCF_054489345.1	99.93	0.17	standard
GCF_054489375.1	100.00	0.75	standard
GCF_054605195.1	97.67	3.07	standard
GCF_055397495.1	100.00	0.60	standard
GCF_055633315.1	99.18	5.47	borderline
GCF_055808475.1	99.65	0.33	standard
GCF_055808595.1	99.98	0.40	standard
GCF_055809215.1	93.24	0.21	excluded
GCF_056341075.1	99.95	0.01	standard
GCF_056402875.1	99.95	0.33	standard
GCF_056403495.1	99.96	0.36	standard
GCF_056405135.1	99.90	0.19	standard
GCF_057657195.1	99.99	0.33	standard
GCF_058133495.1	99.99	0.89	standard
GCF_058133665.1	99.99	2.24	standard
GCF_058629155.1	92.30	0.19	excluded
GCF_058806655.1	100.00	1.17	standard
GCF_059070485.1	99.97	0.14	standard
GCF_059724365.1	99.71	0.01	standard
GCF_059726835.1	99.86	0.07	standard
GCF_060038265.1	99.97	0.24	standard
GCF_060543835.1	97.76	2.46	standard
GCF_060548285.1	93.35	0.20	excluded
GCF_900110945.1	99.69	0.19	standard
GCF_900112505.1	100.00	0.18	standard
GCF_900116545.1	100.00	0.29	standard
GCF_900119845.1	100.00	0.33	standard
GCF_900128975.1	99.93	0.51	standard
GCF_900177655.1	99.50	0.00	standard
GCF_900631955.1	99.00	0.86	standard
GCF_964252795.1	100.00	2.36	standard
GCF_964252865.1	99.96	0.40	standard
GCF_965229025.1	99.86	0.54	standard
GCF_977014175.1	99.59	0.66	standard
GCF_977186645.1	99.76	2.92	standard
GCF_977243345.1	99.99	0.27	standard
GCF_977256975.1	100.00	0.78	standard
